query_source,query_index,nearest_other_source_index,donor_similarity,acceptor_similarity,paired_similarity
in-house,0,533,0.28070175647735596,0.5,0.390350878238678
in-house,1,483,0.5,0.3645833432674408,0.4322916865348816
in-house,2,483,0.5,0.3684210479259491,0.43421053886413574
in-house,3,352,0.29411765933036804,0.3365384638309479,0.31532806158065796
in-house,4,483,0.5,0.3396226465702057,0.41981130838394165
in-house,5,352,0.29411765933036804,0.3333333432674408,0.3137255012989044
in-house,6,533,0.1666666716337204,0.5,0.3333333432674408
in-house,7,47,0.4285714328289032,0.3820224702358246,0.4052969515323639
in-house,8,47,0.4285714328289032,0.3777777850627899,0.40317460894584656
in-house,9,352,0.29411765933036804,0.36082473397254944,0.32747119665145874
in-house,10,483,0.5,0.3571428656578064,0.4285714328289032
in-house,11,352,0.3645833432674408,0.4333333373069763,0.39895832538604736
in-house,12,483,0.5,0.4333333373069763,0.46666666865348816
in-house,13,483,0.5,0.3571428656578064,0.4285714328289032
in-house,14,47,0.4285714328289032,0.4021739065647125,0.41537266969680786
in-house,15,462,0.3207547068595886,0.3645833432674408,0.3426690101623535
in-house,16,533,0.13114753365516663,0.5,0.3155737519264221
in-house,17,483,0.5,0.3645833432674408,0.4322916865348816
in-house,18,533,0.33944955468177795,0.5,0.4197247624397278
in-house,19,483,0.5,0.3571428656578064,0.4285714328289032
in-house,20,47,0.4285714328289032,0.3777777850627899,0.40317460894584656
in-house,21,534,0.1764705926179886,0.43877550959587097,0.3076230585575104
in-house,22,480,0.5979381203651428,0.3645833432674408,0.4812607169151306
in-house,23,47,0.4285714328289032,0.3777777850627899,0.40317460894584656
in-house,24,533,0.3272727131843567,0.5,0.41363635659217834
in-house,25,533,0.22123894095420837,0.5,0.3606194853782654
in-house,26,483,0.5,0.35353535413742065,0.4267676770687103
in-house,27,533,0.3333333432674408,0.5,0.4166666865348816
in-house,28,483,0.5,0.3564356565475464,0.4282178282737732
in-house,29,483,0.5,0.3185840845108032,0.4092920422554016
in-house,30,47,0.4660194218158722,0.37634408473968506,0.42118173837661743
in-house,31,533,0.3400000035762787,1.0,0.6700000166893005
in-house,32,483,0.5,0.3211009204387665,0.41055047512054443
in-house,33,483,0.5,0.33018869161605835,0.4150943458080292
in-house,34,483,0.5,0.3684210479259491,0.43421053886413574
in-house,35,533,0.13114753365516663,1.0,0.5655737519264221
in-house,36,533,0.13114753365516663,1.0,0.5655737519264221
in-house,37,533,0.3305785059928894,0.5,0.4152892529964447
in-house,38,47,0.4285714328289032,0.3777777850627899,0.40317460894584656
in-house,39,93,0.3583333194255829,0.3645833432674408,0.36145833134651184
in-house,40,533,0.33636364340782166,0.6344085931777954,0.4853861331939697
in-house,41,533,0.3207547068595886,0.5631067752838135,0.44193074107170105
in-house,42,483,0.5,0.38053098320961,0.4402654767036438
in-house,43,533,0.3207547068595886,0.9041095972061157,0.6124321222305298
in-house,44,483,0.5,0.36000001430511475,0.4300000071525574
in-house,45,483,0.5,0.38461539149284363,0.442307710647583
in-house,46,483,0.5,0.343137264251709,0.4215686321258545
in-house,47,533,0.3272727131843567,0.8399999737739563,0.5836363434791565
in-house,48,533,0.33636364340782166,0.5894736647605896,0.46291863918304443
in-house,49,533,0.3207547068595886,0.6117647290229797,0.4662597179412842
in-house,50,533,0.380952388048172,0.8831169009208679,0.6320346593856812
in-house,51,533,0.3272727131843567,1.0,0.663636326789856
in-house,52,533,0.3272727131843567,0.8024691343307495,0.5648709535598755
in-house,53,462,0.34210526943206787,0.3645833432674408,0.3533443212509155
in-house,54,533,0.3207547068595886,0.6521739363670349,0.48646432161331177
in-house,55,533,0.33636364340782166,0.5918367505073547,0.464100182056427
in-house,56,483,0.5,0.4301075339317322,0.4650537669658661
in-house,57,352,0.29411765933036804,0.6301369667053223,0.46212732791900635
in-house,58,93,0.5151515007019043,0.3181818127632141,0.4166666567325592
in-house,59,533,0.13970588147640228,0.875,0.5073529481887817
in-house,60,483,0.46236559748649597,0.4761904776096344,0.4692780375480652
in-house,61,483,0.46236559748649597,0.4333333373069763,0.44784945249557495
in-house,62,533,0.33636364340782166,0.6304348111152649,0.4833992123603821
in-house,63,483,0.46236559748649597,0.3888888955116272,0.4256272315979004
in-house,64,533,0.28431373834609985,0.7011494040489197,0.49273157119750977
in-house,65,533,0.3207547068595886,0.6790123581886292,0.4998835325241089
in-house,66,533,0.18965516984462738,1.0,0.5948275923728943
in-house,67,533,0.3207547068595886,0.807692289352417,0.5642235279083252
in-house,68,533,0.33636364340782166,0.6292135119438171,0.4827885627746582
in-house,69,47,0.4285714328289032,0.4615384638309479,0.44505494832992554
in-house,70,533,0.2702702581882477,1.0,0.6351351141929626
in-house,71,533,0.3207547068595886,0.5631067752838135,0.44193074107170105
in-house,72,93,0.4433962404727936,0.3645833432674408,0.4039897918701172
in-house,73,453,0.40816327929496765,0.7692307829856873,0.5886970162391663
in-house,74,533,0.3185840845108032,0.5,0.4092920422554016
in-house,75,483,0.46236559748649597,0.4556961953639984,0.4590308964252472
in-house,76,533,0.380952388048172,0.5858585834503174,0.4834054708480835
in-house,77,533,0.3207547068595886,0.5631067752838135,0.44193074107170105
in-house,78,352,0.29411765933036804,1.0,0.6470588445663452
in-house,79,483,0.46236559748649597,0.4019607901573181,0.43216317892074585
in-house,80,533,0.13970588147640228,0.8399999737739563,0.4898529350757599
in-house,81,483,0.46236559748649597,0.4019607901573181,0.43216317892074585
in-house,82,352,0.29411765933036804,0.4333333373069763,0.363725483417511
in-house,83,533,0.33636364340782166,0.6702127456665039,0.503288209438324
in-house,84,352,0.29411765933036804,0.3827160596847534,0.3384168744087219
in-house,85,533,0.3207547068595886,1.0,0.6603773832321167
in-house,86,533,0.2222222238779068,0.5,0.3611111044883728
in-house,87,533,0.22123894095420837,1.0,0.6106194853782654
in-house,88,47,0.2063492089509964,0.7777777910232544,0.4920634925365448
in-house,89,533,0.30909091234207153,1.0,0.6545454263687134
in-house,90,533,0.13114753365516663,0.7023809552192688,0.4167642593383789
in-house,91,533,0.1666666716337204,0.875,0.5208333134651184
in-house,92,533,0.33636364340782166,0.6511628031730652,0.4937632083892822
in-house,93,352,0.29411765933036804,0.7878788113594055,0.5409982204437256
in-house,94,533,0.380952388048172,0.4326923191547394,0.4068223536014557
in-house,95,533,0.3207547068595886,0.7272727489471436,0.5240137577056885
in-house,96,418,0.5052631497383118,0.3645833432674408,0.4349232316017151
in-house,97,533,0.3272727131843567,0.875,0.601136326789856
in-house,98,483,0.5,0.3541666567325592,0.4270833134651184
in-house,99,533,0.28431373834609985,1.0,0.6421568393707275
in-house,100,483,0.5,0.7903226017951965,0.6451612710952759
in-house,101,533,0.33636364340782166,0.5233644843101501,0.4298640489578247
in-house,102,533,0.380952388048172,0.6236559152603149,0.5023041367530823
in-house,103,533,0.27272728085517883,0.835616409778595,0.5541718602180481
in-house,104,533,0.33636364340782166,0.7439024448394775,0.5401330590248108
in-house,105,533,0.29914531111717224,0.5,0.3995726704597473
in-house,106,533,0.20353981852531433,1.0,0.6017699241638184
in-house,107,533,0.302752286195755,0.7441860437393188,0.5234691500663757
in-house,108,47,0.4285714328289032,0.49425286054611206,0.46141213178634644
in-house,109,533,0.3207547068595886,0.557692289352417,0.4392234981060028
in-house,110,483,0.5,0.389380544424057,0.4446902871131897
in-house,111,533,0.30434781312942505,0.5,0.4021739065647125
in-house,112,533,0.33636364340782166,0.7439024448394775,0.5401330590248108
in-house,113,483,0.5,0.42105263471603394,0.46052631735801697
in-house,114,533,0.30000001192092896,0.5,0.4000000059604645
in-house,115,533,0.2897196114063263,0.7820512652397156,0.5358854532241821
in-house,116,533,0.1666666716337204,0.75,0.4583333432674408
in-house,117,533,0.3207547068595886,0.5631067752838135,0.44193074107170105
in-house,118,533,0.1666666716337204,0.8648648858070374,0.5157657861709595
in-house,119,483,0.5,0.31092438101768494,0.40546220541000366
in-house,120,352,0.4736842215061188,1.0,0.7368420958518982
in-house,121,483,0.5,0.47727271914482117,0.4886363744735718
in-house,122,483,0.5,0.796875,0.6484375
in-house,123,533,0.23595505952835083,0.835616409778595,0.5357857346534729
in-house,124,93,0.5204081535339355,0.4095238149166107,0.4649659991264343
in-house,125,533,0.3245614171028137,0.5,0.41228070855140686
in-house,126,533,0.33636364340782166,0.7749999761581421,0.5556818246841431
in-house,127,352,0.29411765933036804,0.649350643157959,0.4717341661453247
in-house,128,483,0.46236559748649597,0.7692307829856873,0.6157981753349304
in-house,129,483,0.46236559748649597,0.4183673560619354,0.4403664767742157
in-house,130,533,0.13114753365516663,0.5544554591178894,0.3428015112876892
in-house,131,418,0.5057471394538879,0.5844155550003052,0.545081377029419
in-house,132,533,0.13114753365516663,0.7228915691375732,0.42701953649520874
in-house,133,533,0.3619047701358795,0.6470588445663452,0.5044817924499512
in-house,134,533,0.2641509473323822,0.707317054271698,0.4857339859008789
in-house,135,533,0.3207547068595886,0.8243243098258972,0.5725395083427429
in-house,136,533,0.3207547068595886,0.7303370833396912,0.5255458950996399
in-house,137,533,0.33636364340782166,0.6739130616188049,0.5051383376121521
in-house,138,533,0.3272727131843567,0.7777777910232544,0.5525252819061279
in-house,139,533,0.2767857015132904,0.8243243098258972,0.5505549907684326
in-house,140,533,0.13114753365516663,0.8181818127632141,0.47466468811035156
in-house,141,533,0.20338982343673706,0.8243243098258972,0.5138570666313171
in-house,142,47,0.4285714328289032,0.6081081032752991,0.5183397531509399
in-house,143,352,0.29411765933036804,0.8032786846160889,0.5486981868743896
in-house,144,533,0.1666666716337204,0.5894736647605896,0.3780701756477356
in-house,145,533,0.33636364340782166,0.835616409778595,0.5859900116920471
in-house,146,483,0.5,0.3195876181125641,0.40979379415512085
in-house,147,475,0.5333333611488342,0.5921052694320679,0.5627193450927734
in-house,148,533,0.33636364340782166,0.529411792755127,0.4328877329826355
in-house,149,533,0.21153846383094788,0.6236559152603149,0.4175971746444702
in-house,150,483,0.46236559748649597,0.4112149477005005,0.4367902874946594
in-house,151,533,0.380952388048172,0.4909090995788574,0.4359307289123535
in-house,152,483,0.46236559748649597,0.5625,0.5124328136444092
in-house,153,47,0.44545453786849976,0.4112149477005005,0.4283347427845001
in-house,154,533,0.30909091234207153,1.0,0.6545454263687134
in-house,155,352,0.4736842215061188,0.48235294222831726,0.478018581867218
in-house,156,533,0.2612612545490265,0.835616409778595,0.5484388470649719
in-house,157,93,0.5154638886451721,0.44565218687057495,0.48055803775787354
in-house,158,533,0.3207547068595886,0.6380952596664429,0.47942498326301575
in-house,159,533,0.33636364340782166,0.797468364238739,0.5669159889221191
in-house,160,483,0.46236559748649597,0.28125,0.3718078136444092
in-house,161,483,0.46236559748649597,0.4545454680919647,0.45845553278923035
in-house,162,483,0.46236559748649597,0.796875,0.6296203136444092
in-house,163,533,0.302752286195755,0.931506872177124,0.6171295642852783
in-house,164,533,0.3207547068595886,0.8243243098258972,0.5725395083427429
in-house,165,533,0.25,0.5,0.375
in-house,166,533,0.302752286195755,0.7411764860153198,0.5219643712043762
in-house,167,533,0.21739129722118378,0.5,0.3586956560611725
in-house,168,483,0.5,1.0,0.75
in-house,169,533,0.33636364340782166,0.6436781883239746,0.4900209307670593
in-house,170,533,0.33636364340782166,0.7948718070983887,0.5656177401542664
in-house,171,504,0.4803921580314636,0.4112149477005005,0.44580355286598206
in-house,172,60,0.5495495200157166,0.3645833432674408,0.4570664167404175
in-house,173,483,0.46236559748649597,0.4099999964237213,0.43618279695510864
in-house,174,533,0.2571428716182709,0.7820512652397156,0.519597053527832
in-house,175,533,0.2708333432674408,1.0,0.6354166865348816
in-house,176,352,0.4736842215061188,0.4112149477005005,0.44244956970214844
in-house,177,533,0.20388349890708923,1.0,0.6019417643547058
in-house,178,47,0.4285714328289032,0.4938271641731262,0.4611992835998535
in-house,179,93,0.5154638886451721,0.5844155550003052,0.549939751625061
in-house,180,533,0.3465346395969391,0.835616409778595,0.5910755395889282
in-house,181,533,0.2522522509098053,0.835616409778595,0.5439343452453613
in-house,182,533,0.2222222238779068,0.835616409778595,0.5289193391799927
in-house,183,533,0.13114753365516663,0.5299999713897705,0.3305737376213074
in-house,184,533,0.2897196114063263,0.8243243098258972,0.557021975517273
in-house,185,483,0.46236559748649597,0.5375000238418579,0.49993282556533813
in-house,186,47,0.3451327383518219,0.46875,0.40694135427474976
in-house,187,93,0.40336135029792786,0.5844155550003052,0.4938884377479553
in-house,188,483,0.5,0.38297873735427856,0.4414893686771393
in-house,189,533,0.33636364340782166,0.6704545617103577,0.5034090876579285
in-house,190,533,0.28947368264198303,0.835616409778595,0.5625450611114502
in-house,191,533,0.302752286195755,0.8125,0.5576261281967163
in-house,192,483,0.5,1.0,0.75
in-house,193,533,0.3619047701358795,0.6436781883239746,0.5027914643287659
in-house,194,418,0.4888888895511627,1.0,0.7444444298744202
in-house,195,453,0.40816327929496765,0.7384615540504456,0.5733124017715454
in-house,196,47,0.4285714328289032,0.47058823704719543,0.4495798349380493
in-house,197,533,0.28828829526901245,0.835616409778595,0.5619523525238037
in-house,198,483,0.46236559748649597,0.796875,0.6296203136444092
in-house,199,533,0.3272727131843567,0.807692289352417,0.5674824714660645
in-house,200,533,0.3207547068595886,0.5321100950241089,0.42643240094184875
in-house,201,533,0.2897196114063263,0.835616409778595,0.5626680254936218
in-house,202,533,0.2288135588169098,0.7307692170143127,0.47979140281677246
in-house,203,533,0.33636364340782166,0.7272727489471436,0.5318182110786438
in-house,204,483,0.5,0.4597701132297516,0.4798850417137146
in-house,205,533,0.33636364340782166,0.7894737124443054,0.5629186630249023
in-house,206,93,0.5154638886451721,0.5375000238418579,0.5264819860458374
in-house,207,533,0.2897196114063263,0.8399999737739563,0.5648598074913025
in-house,208,533,0.36538460850715637,0.8648648858070374,0.6151247620582581
in-house,209,533,0.33636364340782166,0.7407407164573669,0.5385521650314331
in-house,210,533,0.33636364340782166,0.875,0.605681836605072
in-house,211,533,0.33636364340782166,0.7058823704719543,0.5211229920387268
in-house,212,533,0.33636364340782166,1.0,0.668181836605072
in-house,213,483,0.46236559748649597,0.5058823823928833,0.48412400484085083
in-house,214,533,0.33636364340782166,0.7749999761581421,0.5556818246841431
in-house,215,483,0.46236559748649597,0.44565218687057495,0.45400887727737427
in-house,216,483,0.46236559748649597,0.7692307829856873,0.6157981753349304
in-house,217,533,0.380952388048172,0.5,0.4404761791229248
in-house,218,533,0.380952388048172,0.8888888955116272,0.6349206566810608
in-house,219,533,0.2708333432674408,1.0,0.6354166865348816
in-house,220,533,0.33636364340782166,0.5876288414001465,0.46199625730514526
in-house,221,533,0.33636364340782166,0.6470588445663452,0.49171125888824463
in-house,222,93,0.5154638886451721,0.4941176474094391,0.5047907829284668
in-house,223,352,0.29411765933036804,0.7692307829856873,0.5316742062568665
in-house,224,533,0.3272727131843567,0.7777777910232544,0.5525252819061279
in-house,225,483,0.46236559748649597,0.9821428656578064,0.72225421667099
in-house,226,533,0.33636364340782166,0.7564102411270142,0.5463869571685791
in-house,227,483,0.46236559748649597,0.5060241222381592,0.48419487476348877
in-house,228,93,0.4528301954269409,0.44155845046043396,0.44719433784484863
in-house,229,418,0.5243902206420898,0.5844155550003052,0.5544028878211975
in-house,230,533,0.302752286195755,0.8399999737739563,0.5713761448860168
in-house,231,533,0.33636364340782166,0.7159090638160706,0.5261363387107849
in-house,232,93,0.39830508828163147,0.5844155550003052,0.49136030673980713
in-house,233,93,0.39814814925193787,0.5844155550003052,0.4912818670272827
in-house,234,352,0.43119266629219055,0.3645833432674408,0.3978880047798157
in-house,235,533,0.302752286195755,0.8024691343307495,0.5526106953620911
in-house,236,533,0.24576270580291748,0.7307692170143127,0.4882659614086151
in-house,237,93,0.48543688654899597,0.5844155550003052,0.5349262356758118
in-house,238,533,0.33636364340782166,0.5670102834701538,0.4516869783401489
in-house,239,352,0.4736842215061188,0.478723406791687,0.4762037992477417
in-house,240,533,0.33636364340782166,0.737500011920929,0.5369318127632141
in-house,241,483,0.5,0.4615384638309479,0.48076921701431274
in-house,242,483,0.46236559748649597,0.4183673560619354,0.4403664767742157
in-house,243,533,0.33636364340782166,0.6404494643211365,0.48840653896331787
in-house,244,533,0.22123894095420837,0.7058823704719543,0.46356064081192017
in-house,245,483,0.46236559748649597,0.49438202381134033,0.47837382555007935
in-house,246,533,0.1666666716337204,0.835616409778595,0.5011415481567383
in-house,247,533,0.2767857015132904,0.9189189076423645,0.5978522896766663
in-house,248,93,0.3457943797111511,0.5844155550003052,0.46510496735572815
in-house,249,93,0.4528301954269409,0.3046875,0.37875884771347046
in-house,250,483,0.46236559748649597,0.796875,0.6296203136444092
in-house,251,483,0.46236559748649597,0.4545454680919647,0.45845553278923035
in-house,252,533,0.2641509473323822,0.6860465407371521,0.47509872913360596
in-house,253,533,0.31192660331726074,0.835616409778595,0.5737714767456055
in-house,254,47,0.4285714328289032,0.5116279125213623,0.47009968757629395
in-house,255,533,0.3272727131843567,0.7160493731498718,0.5216610431671143
in-house,256,533,0.33636364340782166,0.7948718070983887,0.5656177401542664
in-house,257,93,0.40336135029792786,0.3645833432674408,0.3839723467826843
in-house,258,47,0.3303571343421936,0.4112149477005005,0.37078604102134705
in-house,259,483,0.46236559748649597,0.517241358757019,0.4898034930229187
in-house,260,533,0.33636364340782166,0.5555555820465088,0.4459596276283264
in-house,261,533,0.3272727131843567,0.835616409778595,0.5814445614814758
in-house,262,533,0.33636364340782166,0.8243243098258972,0.5803439617156982
in-house,263,483,0.4886363744735718,0.48235294222831726,0.4854946732521057
in-house,264,483,0.46236559748649597,0.4021739065647125,0.43226975202560425
in-house,265,533,0.33636364340782166,0.7341772317886353,0.5352704524993896
in-house,266,483,0.46236559748649597,0.2183908075094223,0.34037819504737854
in-house,267,352,0.29411765933036804,0.3052631616592407,0.2996904253959656
in-house,268,93,0.5154638886451721,0.4112149477005005,0.4633394181728363
in-house,269,533,0.33636364340782166,0.6666666865348816,0.5015151500701904
in-house,270,533,0.17543859779834747,1.0,0.5877193212509155
in-house,271,483,0.46236559748649597,0.39175257086753845,0.4270590841770172
in-house,272,533,0.21367521584033966,0.835616409778595,0.5246458053588867
in-house,273,533,0.33636364340782166,0.5631067752838135,0.44973522424697876
in-house,274,93,0.39449542760849,1.0,0.6972477436065674
in-house,275,93,0.4528301954269409,0.6081081032752991,0.5304691791534424
in-house,276,533,0.33636364340782166,0.6292135119438171,0.4827885627746582
in-house,277,93,0.5204081535339355,0.4736842215061188,0.49704617261886597
in-house,278,533,0.3207547068595886,0.6842105388641357,0.5024826526641846
in-house,279,533,0.33636364340782166,0.7662337422370911,0.5512986779212952
in-house,280,533,0.2641509473323822,0.7142857313156128,0.4892183542251587
in-house,281,93,0.4528301954269409,0.5487805008888245,0.5008053779602051
in-house,282,533,0.302752286195755,0.8648648858070374,0.5838086009025574
in-house,283,93,0.39830508828163147,0.3645833432674408,0.38144421577453613
in-house,284,352,0.4356435537338257,0.4112149477005005,0.4234292507171631
in-house,285,418,0.49484536051750183,0.4112149477005005,0.45303016901016235
in-house,286,533,0.27272728085517883,0.835616409778595,0.5541718602180481
in-house,287,93,0.4528301954269409,0.4642857015132904,0.45855796337127686
in-house,288,533,0.190476194024086,0.5,0.3452380895614624
in-house,289,47,0.4285714328289032,0.4112149477005005,0.41989320516586304
in-house,290,47,0.2063492089509964,0.4712643623352051,0.33880677819252014
in-house,291,533,0.3333333432674408,0.835616409778595,0.5844748616218567
in-house,292,93,0.5154638886451721,0.517241358757019,0.516352653503418
in-house,293,483,0.46236559748649597,0.9821428656578064,0.72225421667099
in-house,294,352,0.4736842215061188,0.5844155550003052,0.5290498733520508
in-house,295,483,0.46236559748649597,0.5054945349693298,0.4839300513267517
in-house,296,352,0.29411765933036804,0.75,0.5220588445663452
in-house,297,533,0.380952388048172,0.7058823704719543,0.5434173941612244
in-house,298,352,0.29411765933036804,0.4938271641731262,0.39397239685058594
in-house,299,483,0.46236559748649597,0.5058823823928833,0.48412400484085083
in-house,300,60,0.5495495200157166,0.3645833432674408,0.4570664167404175
in-house,301,352,0.29411765933036804,0.4356435537338257,0.36488062143325806
in-house,302,533,0.33636364340782166,0.625,0.480681836605072
in-house,303,533,0.33636364340782166,0.6000000238418579,0.468181848526001
in-house,304,533,0.33636364340782166,0.759036123752594,0.5476998686790466
in-house,305,483,0.46236559748649597,0.5053763389587402,0.4838709831237793
in-house,306,533,0.13114753365516663,0.5247524976730347,0.32795000076293945
in-house,307,47,0.3451327383518219,0.7903226017951965,0.5677276849746704
in-house,308,483,0.5,0.5844155550003052,0.5422077775001526
in-house,309,483,0.46236559748649597,0.7903226017951965,0.6263440847396851
in-house,310,418,0.5604395866394043,0.4112149477005005,0.4858272671699524
in-house,311,533,0.3207547068595886,0.6547619104385376,0.4877583086490631
in-house,312,533,0.380952388048172,0.31617647409439087,0.3485644459724426
in-house,313,533,0.380952388048172,0.8205128312110901,0.6007326245307922
in-house,314,533,0.380952388048172,0.5955055952072144,0.488228976726532
in-house,315,533,0.33636364340782166,0.5617977380752563,0.4490807056427002
in-house,316,483,0.46236559748649597,0.8095238208770752,0.6359447240829468
in-house,317,533,0.33636364340782166,0.931506872177124,0.633935272693634
in-house,318,47,0.4285714328289032,0.20512820780277252,0.31684982776641846
in-house,319,533,0.35849055647850037,0.835616409778595,0.5970534682273865
in-house,320,533,0.33636364340782166,0.759036123752594,0.5476998686790466
in-house,321,533,0.380952388048172,0.6236559152603149,0.5023041367530823
in-house,322,93,0.4528301954269409,0.41489362716674805,0.4338619112968445
in-house,323,533,0.20792078971862793,1.0,0.603960394859314
in-house,324,533,0.15094339847564697,1.0,0.5754716992378235
in-house,325,483,0.46236559748649597,0.4712643623352051,0.4668149948120117
in-house,326,483,0.4886363744735718,0.5357142686843872,0.5121753215789795
in-house,327,533,0.3925233781337738,0.835616409778595,0.6140698790550232
in-house,328,533,0.35922330617904663,0.835616409778595,0.5974198579788208
in-house,329,533,0.302752286195755,0.8125,0.5576261281967163
in-house,330,93,0.4528301954269409,0.33695653080940247,0.3948933482170105
in-house,331,93,0.5204081535339355,0.42574256658554077,0.47307536005973816
in-house,332,483,0.46236559748649597,0.5921052694320679,0.5272354483604431
in-house,333,533,0.1946902722120285,0.835616409778595,0.5151533484458923
in-house,334,483,0.46236559748649597,0.7246376872062683,0.593501627445221
in-house,335,533,0.27927929162979126,0.835616409778595,0.5574478507041931
in-house,336,47,0.3451327383518219,0.478723406791687,0.41192805767059326
in-house,337,533,0.2818181812763214,1.0,0.6409090757369995
in-house,338,533,0.380952388048172,0.420560747385025,0.4007565677165985
in-house,339,483,0.46236559748649597,0.9821428656578064,0.72225421667099
in-house,340,483,0.46236559748649597,0.9821428656578064,0.72225421667099
in-house,341,483,0.46236559748649597,0.5465116500854492,0.5044386386871338
in-house,342,533,0.2110091745853424,1.0,0.60550457239151
in-house,343,533,0.33636364340782166,0.6629213690757751,0.4996424913406372
in-house,344,483,0.5,0.3928571343421936,0.4464285671710968
in-house,345,533,0.33636364340782166,0.6236559152603149,0.4800097942352295
in-house,346,532,0.378947377204895,0.47191011905670166,0.42542874813079834
in-house,347,533,0.315315306186676,0.5,0.407657653093338
in-house,348,483,0.46236559748649597,0.4591836631298065,0.46077463030815125
in-house,349,483,0.46236559748649597,0.37634408473968506,0.4193548560142517
in-house,350,483,0.46236559748649597,0.3684210479259491,0.41539332270622253
in-house,351,483,0.5,0.488095223903656,0.494047611951828
in-house,352,533,0.380952388048172,0.529411792755127,0.4551820755004883
in-house,353,533,0.33636364340782166,0.5504587292671204,0.4434111714363098
in-house,354,483,0.5,0.42352941632270813,0.46176469326019287
in-house,355,93,0.4528301954269409,0.35537189245224,0.40410104393959045
in-house,356,93,0.38235294818878174,1.0,0.6911764740943909
in-house,357,533,0.33636364340782166,0.6380952596664429,0.48722946643829346
in-house,358,483,0.46236559748649597,0.7260273694992065,0.5941964983940125
in-house,359,483,0.46236559748649597,0.4285714328289032,0.4454685151576996
in-house,360,483,0.46236559748649597,0.9821428656578064,0.72225421667099
in-house,361,533,0.25,0.5,0.375
in-house,362,533,0.380952388048172,0.6292135119438171,0.5050829648971558
in-house,363,238,0.40869563817977905,1.0,0.7043478488922119
in-house,364,483,0.5,0.5810810923576355,0.5405405759811401
in-house,365,483,0.46236559748649597,0.48275861144065857,0.47256210446357727
in-house,366,483,0.46236559748649597,0.594936728477478,0.5286511778831482
in-house,367,483,0.46236559748649597,0.5555555820465088,0.5089606046676636
in-house,368,533,0.3103448152542114,0.835616409778595,0.5729806423187256
in-house,369,533,0.380952388048172,0.5979381203651428,0.4894452691078186
in-house,370,483,0.46236559748649597,0.37254902720451355,0.41745731234550476
in-house,371,533,0.33636364340782166,0.875,0.605681836605072
in-house,372,483,0.5,0.47058823704719543,0.4852941036224365
in-house,373,93,0.4528301954269409,0.4175824224948883,0.4352062940597534
in-house,374,483,0.46236559748649597,0.5694444179534912,0.5159050226211548
in-house,375,533,0.3207547068595886,0.581632673740387,0.4511936902999878
in-house,376,533,0.33636364340782166,0.6860465407371521,0.5112050771713257
in-house,377,533,0.42105263471603394,0.835616409778595,0.6283345222473145
in-house,378,533,0.33636364340782166,0.8266666531562805,0.5815151333808899
in-house,379,483,0.46236559748649597,0.4941176474094391,0.47824162244796753
in-house,380,533,0.33636364340782166,0.5,0.418181836605072
in-house,381,533,0.2641509473323822,0.7142857313156128,0.4892183542251587
in-house,382,533,0.2641509473323822,0.7142857313156128,0.4892183542251587
in-house,383,483,0.46236559748649597,0.4175824224948883,0.43997400999069214
in-house,384,533,0.3272727131843567,0.7894737124443054,0.558373212814331
in-house,385,418,0.5,0.5340909361839294,0.5170454978942871
in-house,386,483,0.46236559748649597,0.6716417670249939,0.5670036673545837
in-house,387,533,0.2931034564971924,0.835616409778595,0.5643599033355713
in-house,388,483,0.46236559748649597,0.8307692408561707,0.6465674042701721
in-house,389,533,0.380952388048172,0.4590163826942444,0.4199844002723694
in-house,390,533,0.3619047701358795,0.6236559152603149,0.49278032779693604
in-house,391,477,0.2666666805744171,0.4313725531101227,0.3490196168422699
in-house,392,483,0.46236559748649597,0.2871287167072296,0.3747471570968628
in-house,393,483,0.46236559748649597,0.5365853905677795,0.49947547912597656
in-house,394,47,0.3451327383518219,1.0,0.6725663542747498
in-house,395,415,0.22608695924282074,0.5322580933570862,0.37917253375053406
in-house,396,533,0.28318583965301514,0.8243243098258972,0.5537550449371338
in-house,397,483,0.46236559748649597,0.5243902206420898,0.4933779239654541
in-house,398,533,0.3861386179924011,0.835616409778595,0.610877513885498
in-house,399,483,0.46236559748649597,0.6133333444595337,0.537849485874176
in-house,400,533,0.4141414165496826,0.835616409778595,0.6248788833618164
in-house,401,483,0.46236559748649597,0.6133333444595337,0.537849485874176
in-house,402,483,0.46236559748649597,0.3333333432674408,0.3978494703769684
in-house,403,533,0.30909091234207153,1.0,0.6545454263687134
in-house,404,483,0.46236559748649597,0.5487805008888245,0.505573034286499
in-house,405,533,0.33636364340782166,0.7160493731498718,0.5262064933776855
in-house,406,533,0.33636364340782166,0.8513513803482056,0.5938575267791748
in-house,407,533,0.33636364340782166,0.5151515007019043,0.42575758695602417
in-house,408,483,0.46236559748649597,0.6818181872367859,0.5720918774604797
in-house,409,418,0.38461539149284363,0.5696202516555786,0.4771178364753723
in-house,410,533,0.40816327929496765,0.835616409778595,0.6218898296356201
in-house,411,533,0.31192660331726074,1.0,0.6559633016586304
in-house,412,483,0.46236559748649597,0.4065934121608734,0.4344795048236847
in-house,413,533,0.13114753365516663,0.6883116960525513,0.40972959995269775
in-house,414,93,0.5684210658073425,0.5844155550003052,0.5764182806015015
in-house,415,533,0.2568807303905487,0.835616409778595,0.5462485551834106
in-house,416,483,0.46236559748649597,0.550000011920929,0.5061827898025513
in-house,417,93,0.34259259700775146,0.5844155550003052,0.4635040760040283
in-house,418,533,0.33636364340782166,0.7721518874168396,0.5542577505111694
in-house,419,483,0.46236559748649597,1.0,0.7311828136444092
in-house,420,533,0.31481480598449707,0.835616409778595,0.5752155780792236
in-house,421,533,0.380952388048172,0.4476190507411957,0.41428571939468384
in-house,422,533,0.33636364340782166,0.5913978219032288,0.463880717754364
in-house,423,533,0.34259259700775146,0.835616409778595,0.5891045331954956
in-house,424,533,0.4040403962135315,0.707317054271698,0.5556787252426147
in-house,425,352,0.4736842215061188,0.523809552192688,0.4987468719482422
in-house,426,93,0.4528301954269409,0.3958333432674408,0.42433178424835205
in-house,427,533,0.343137264251709,0.835616409778595,0.5893768072128296
in-house,428,533,0.380952388048172,0.6282051205635071,0.5045787692070007
in-house,429,533,0.4157303273677826,0.835616409778595,0.6256733536720276
in-house,430,47,0.4285714328289032,0.4597701132297516,0.4441707730293274
in-house,431,533,0.4040403962135315,0.835616409778595,0.6198284029960632
in-house,432,418,0.38461539149284363,0.5769230723381042,0.48076921701431274
in-house,433,483,0.46236559748649597,0.4938271641731262,0.4780963659286499
in-house,434,533,0.28431373834609985,0.835616409778595,0.5599650740623474
in-house,435,483,0.46236559748649597,0.7727272510528564,0.6175464391708374
in-house,436,93,0.4528301954269409,0.3956044018268585,0.4242172837257385
in-house,437,533,0.3207547068595886,0.7564102411270142,0.538582444190979
in-house,438,483,0.46236559748649597,0.32380953431129456,0.39308756589889526
in-house,439,418,0.34020617604255676,0.5844155550003052,0.4623108506202698
in-house,440,93,0.4433962404727936,0.5844155550003052,0.5139058828353882
in-house,441,483,0.517241358757019,0.5180723071098328,0.5176568031311035
in-house,442,483,0.4886363744735718,0.6081081032752991,0.5483722686767578
in-house,443,533,0.33636364340782166,0.7594936490058899,0.5479286313056946
in-house,444,483,0.46236559748649597,0.6399999856948853,0.5511828064918518
in-house,445,533,0.33636364340782166,0.7124999761581421,0.5244318246841431
in-house,446,533,0.20000000298023224,0.835616409778595,0.517808198928833
in-house,447,483,0.46236559748649597,0.47058823704719543,0.4664769172668457
in-house,448,533,0.35185185074806213,0.835616409778595,0.5937341451644897
in-house,449,483,0.5,0.40625,0.453125
in-house,450,93,0.4528301954269409,0.5753424763679504,0.5140863656997681
in-house,451,483,0.46236559748649597,0.5340909361839294,0.4982282519340515
in-house,452,483,0.46236559748649597,0.5,0.4811828136444092
in-house,453,93,0.5154638886451721,0.24468085169792175,0.38007235527038574
in-house,454,533,0.341269850730896,0.6236559152603149,0.48246288299560547
in-house,455,533,0.380952388048172,0.835616409778595,0.6082844138145447
in-house,456,477,0.2666666805744171,0.59375,0.43020832538604736
in-house,457,533,0.380952388048172,0.8399999737739563,0.6104761958122253
in-house,458,483,0.46236559748649597,0.5529412031173706,0.5076534152030945
in-house,459,483,0.46236559748649597,0.4526315927505493,0.45749861001968384
in-house,460,533,0.2293577939271927,0.5,0.36467888951301575
in-house,461,533,0.24786324799060822,0.835616409778595,0.541739821434021
in-house,462,483,0.46236559748649597,0.5249999761581421,0.4936828017234802
in-house,463,93,0.4528301954269409,0.47727271914482117,0.46505147218704224
in-house,464,533,0.2195121943950653,1.0,0.6097561120986938
in-house,465,533,0.2897196114063263,0.7530864477157593,0.5214030146598816
in-house,466,418,0.4938271641731262,1.0,0.7469135522842407
in-house,467,93,0.4528301954269409,0.5844155550003052,0.518622875213623
in-house,468,398,0.24761904776096344,1.0,0.6238095164299011
in-house,469,93,0.4528301954269409,0.7727272510528564,0.6127787232398987
in-house,470,533,0.2857142984867096,0.835616409778595,0.5606653690338135
in-house,471,533,0.380952388048172,0.8125,0.5967261791229248
in-house,472,352,0.4736842215061188,0.6266666650772095,0.5501754283905029
in-house,473,533,0.3207547068595886,0.835616409778595,0.5781855583190918
in-house,474,93,0.45098039507865906,0.4112149477005005,0.43109768629074097
in-house,475,533,0.2641509473323822,0.835616409778595,0.5498836636543274
in-house,476,47,0.4285714328289032,0.42553192377090454,0.4270516633987427
in-house,477,533,0.380952388048172,0.6404494643211365,0.5107009410858154
in-house,478,483,0.5185185074806213,0.4112149477005005,0.4648667275905609
in-house,479,483,0.4886363744735718,0.5844155550003052,0.5365259647369385
in-house,480,533,0.22033898532390594,0.835616409778595,0.527977705001831
in-house,481,533,0.380952388048172,0.7126436829566956,0.546798050403595
in-house,482,483,0.46236559748649597,0.4651162922382355,0.4637409448623657
in-house,483,483,0.46236559748649597,0.46739131212234497,0.4648784399032593
in-house,484,93,0.4528301954269409,0.517241358757019,0.48503577709198
in-house,485,93,0.4528301954269409,0.3191489279270172,0.38598954677581787
in-house,486,533,0.31481480598449707,0.835616409778595,0.5752155780792236
in-house,487,533,0.33636364340782166,0.5151515007019043,0.42575758695602417
in-house,488,352,0.4736842215061188,0.5121951103210449,0.49293965101242065
in-house,489,533,0.269565224647522,0.835616409778595,0.5525908470153809
in-house,490,93,0.4476190507411957,0.3645833432674408,0.40610119700431824
in-house,491,533,0.3272727131843567,0.835616409778595,0.5814445614814758
in-house,492,418,0.40909090638160706,1.0,0.7045454382896423
in-house,493,415,0.22608695924282074,0.5138888955116272,0.36998793482780457
in-house,494,533,0.341269850730896,0.835616409778595,0.5884431600570679
in-house,495,483,0.46236559748649597,0.641791045665741,0.5520783066749573
in-house,496,483,0.7162162065505981,0.4526315927505493,0.5844238996505737
in-house,497,533,0.15740740299224854,0.835616409778595,0.49651190638542175
in-house,498,483,0.46236559748649597,0.33673468232154846,0.3995501399040222
in-house,499,533,0.33636364340782166,0.7662337422370911,0.5512986779212952
in-house,500,238,0.44247788190841675,1.0,0.7212389707565308
in-house,501,352,0.4736842215061188,0.6133333444595337,0.543508768081665
in-house,502,455,0.3963963985443115,1.0,0.6981981992721558
in-house,503,483,0.46236559748649597,0.46236559748649597,0.46236559748649597
in-house,504,533,0.2358490526676178,0.835616409778595,0.5357327461242676
in-house,505,533,0.2612612545490265,0.835616409778595,0.5484388470649719
in-house,506,418,0.39361703395843506,0.5844155550003052,0.4890162944793701
in-house,507,483,0.46236559748649597,0.5365853905677795,0.49947547912597656
in-house,508,418,0.3333333432674408,0.5844155550003052,0.4588744640350342
in-house,509,93,0.4528301954269409,0.378947377204895,0.41588878631591797
in-house,510,533,0.302752286195755,0.7820512652397156,0.5424017906188965
in-house,511,93,0.4476190507411957,0.5844155550003052,0.5160173177719116
in-house,512,533,0.33636364340782166,0.75,0.543181836605072
in-house,513,418,0.3232323229312897,0.5844155550003052,0.45382392406463623
in-house,514,533,0.19298245012760162,0.835616409778595,0.5142994523048401
in-house,515,418,0.3025210201740265,0.5844155550003052,0.44346827268600464
in-house,516,533,0.2869565188884735,0.835616409778595,0.561286449432373
in-house,517,533,0.2521008551120758,0.7307692170143127,0.49143505096435547
in-house,518,171,0.230158731341362,0.707317054271698,0.4687379002571106
in-house,519,483,0.46236559748649597,0.6388888955116272,0.5506272315979004
in-house,520,533,0.25641027092933655,0.835616409778595,0.546013355255127
in-house,521,483,0.46236559748649597,0.20512820780277252,0.33374691009521484
in-house,522,475,0.44954127073287964,0.3645833432674408,0.407062292098999
in-house,523,533,0.35779815912246704,1.0,0.6788990497589111
in-house,524,533,0.3786407709121704,0.835616409778595,0.6071286201477051
in-house,525,533,0.2641509473323822,0.6860465407371521,0.47509872913360596
in-house,526,483,0.46236559748649597,0.5555555820465088,0.5089606046676636
in-house,527,483,0.46236559748649597,0.47311827540397644,0.4677419364452362
in-house,528,93,0.4528301954269409,0.5064935088157654,0.47966185212135315
in-house,529,533,0.33636364340782166,0.6590909361839294,0.49772727489471436
in-house,530,47,0.4285714328289032,0.3777777850627899,0.40317460894584656
in-house,531,93,0.5151515007019043,0.5921052694320679,0.5536283850669861
in-house,532,533,0.380952388048172,0.6790123581886292,0.5299823880195618
in-house,533,483,0.46236559748649597,0.47191011905670166,0.46713787317276
in-house,534,533,0.380952388048172,0.6629213690757751,0.5219368934631348
in-house,535,483,0.517241358757019,0.5357142686843872,0.5264778137207031
in-house,536,483,0.5,0.5443037748336792,0.5221518874168396
in-house,537,533,0.2641509473323822,0.7307692170143127,0.4974600672721863
in-house,538,533,0.33636364340782166,0.5151515007019043,0.42575758695602417
in-house,539,418,0.32673266530036926,0.5844155550003052,0.455574095249176
in-house,540,93,0.4528301954269409,0.4482758641242981,0.4505530297756195
in-house,541,418,0.3586956560611725,0.5844155550003052,0.47155559062957764
in-house,542,352,0.29411765933036804,0.5810810923576355,0.4375993609428406
in-house,543,533,0.22580644488334656,0.835616409778595,0.5307114124298096
in-house,544,352,0.29411765933036804,0.3218390941619873,0.30797839164733887
in-house,545,533,0.3486238420009613,0.835616409778595,0.5921201109886169
in-house,546,483,0.46236559748649597,0.3978494703769684,0.4301075339317322
in-house,547,93,0.4528301954269409,0.5696202516555786,0.5112252235412598
in-house,548,483,0.46236559748649597,0.5555555820465088,0.5089606046676636
in-house,549,93,0.4563106894493103,0.3645833432674408,0.41044700145721436
in-house,550,483,0.46236559748649597,0.5529412031173706,0.5076534152030945
in-house,551,93,0.3177570104598999,0.5529412031173706,0.43534910678863525
in-house,552,93,0.4528301954269409,0.5340909361839294,0.4934605658054352
in-house,553,533,0.33636364340782166,0.7816091775894165,0.5589864253997803
in-house,554,533,0.3272727131843567,0.7721518874168396,0.5497123003005981
in-house,555,455,0.5783132314682007,0.3645833432674408,0.47144830226898193
in-house,556,533,0.380952388048172,0.5510203838348389,0.46598637104034424
in-house,557,483,0.517241358757019,0.5769230723381042,0.5470821857452393
in-house,558,533,0.31481480598449707,0.835616409778595,0.5752155780792236
in-house,559,453,0.41111111640930176,1.0,0.7055555582046509
in-house,560,483,0.5,0.5696202516555786,0.5348101258277893
in-house,561,47,0.4660194218158722,0.4761904776096344,0.4711049497127533
in-house,562,533,0.13114753365516663,0.7945205569267273,0.46283406019210815
in-house,563,483,0.46236559748649597,0.34343433380126953,0.40289998054504395
in-house,564,352,0.4747474789619446,0.4112149477005005,0.44298121333122253
in-house,565,352,0.29411765933036804,0.3186813294887543,0.30639949440956116
in-house,566,533,0.25242719054222107,0.835616409778595,0.5440217852592468
in-house,567,533,0.33636364340782166,0.5204081535339355,0.4283859133720398
in-house,568,483,0.5,0.3928571343421936,0.4464285671710968
in-house,569,533,0.380952388048172,0.40625,0.3936011791229248
in-house,570,171,0.230158731341362,0.737500011920929,0.4838293790817261
in-house,571,93,0.4528301954269409,0.7014925479888916,0.5771613717079163
in-house,572,533,0.21212121844291687,0.6746987700462341,0.4434099793434143
in-house,573,93,0.4528301954269409,0.5833333134651184,0.518081784248352
in-house,574,352,0.29411765933036804,0.37634408473968506,0.33523088693618774
in-house,575,533,0.1328125,0.835616409778595,0.4842144548892975
in-house,576,47,0.4285714328289032,0.7903226017951965,0.6094470024108887
in-house,577,483,0.46236559748649597,0.5,0.4811828136444092
in-house,578,533,0.13178294897079468,0.835616409778595,0.4836996793746948
in-house,579,398,0.25,1.0,0.625
in-house,580,93,0.4528301954269409,0.5054945349693298,0.4791623651981354
in-house,581,533,0.2358490526676178,0.6987951993942261,0.46732211112976074
in-house,582,533,0.15126051008701324,1.0,0.575630247592926
in-house,583,47,0.4285714328289032,0.21917808055877686,0.3238747715950012
in-house,584,398,0.20588235557079315,0.5,0.3529411852359772
in-house,585,352,0.5360824465751648,0.5921052694320679,0.564093828201294
in-house,586,533,0.38383838534355164,0.835616409778595,0.6097273826599121
in-house,587,533,0.24770642817020416,0.835616409778595,0.5416614413261414
in-house,588,533,0.2982456088066101,0.835616409778595,0.5669310092926025
in-house,589,533,0.380952388048172,0.343137264251709,0.3620448112487793
in-house,590,533,0.3723404109477997,0.835616409778595,0.6039783954620361
in-house,591,93,0.6333333253860474,0.5921052694320679,0.6127192974090576
in-house,592,533,0.33636364340782166,0.6363636255264282,0.48636364936828613
in-house,593,533,0.23999999463558197,0.835616409778595,0.5378081798553467
in-house,594,47,0.4587155878543854,0.5844155550003052,0.5215655565261841
in-house,595,455,0.49504950642585754,0.5844155550003052,0.5397325158119202
in-house,596,483,0.46236559748649597,0.5810810923576355,0.5217233300209045
in-house,597,533,0.380952388048172,0.585106372833252,0.4830293655395508
in-house,598,533,0.33636364340782166,0.6483516693115234,0.49235767126083374
in-house,599,398,0.20588235557079315,0.30188679695129395,0.25388458371162415
in-house,600,93,0.4528301954269409,0.5529412031173706,0.5028856992721558
in-house,601,93,0.5154638886451721,0.28155338764190674,0.39850863814353943
in-house,602,533,0.33636364340782166,0.7407407164573669,0.5385521650314331
in-house,603,483,0.46236559748649597,0.42391303181648254,0.44313931465148926
in-house,604,477,0.15555556118488312,0.4000000059604645,0.2777777910232544
in-house,605,455,0.49504950642585754,1.0,0.7475247383117676
in-house,606,533,0.3333333432674408,0.835616409778595,0.5844748616218567
in-house,607,533,0.380952388048172,0.6987951993942261,0.5398737788200378
in-house,608,483,0.46236559748649597,0.46875,0.4655578136444092
in-house,609,533,0.3679245412349701,0.835616409778595,0.6017704606056213
in-house,610,533,0.2222222238779068,0.835616409778595,0.5289193391799927
in-house,611,93,0.4528301954269409,0.27835050225257874,0.36559033393859863
in-house,612,93,0.4528301954269409,0.5340909361839294,0.4934605658054352
in-house,613,93,0.4528301954269409,0.5465116500854492,0.49967092275619507
in-house,614,504,0.35779815912246704,0.5844155550003052,0.4711068570613861
in-house,615,483,0.46236559748649597,0.7014925479888916,0.581929087638855
in-house,616,533,0.4040403962135315,0.835616409778595,0.6198284029960632
in-house,617,47,0.2063492089509964,0.9821428656578064,0.5942460298538208
in-house,618,533,0.16346153616905212,0.5,0.33173078298568726
in-house,619,533,0.2604166567325592,1.0,0.6302083134651184
in-house,620,483,0.46236559748649597,1.0,0.7311828136444092
in-house,621,533,0.3956044018268585,0.835616409778595,0.6156104207038879
in-house,622,533,0.380952388048172,0.7945205569267273,0.5877364873886108
in-house,623,477,0.2666666805744171,0.5454545617103577,0.4060606360435486
in-house,624,533,0.23469388484954834,0.835616409778595,0.535155177116394
in-house,625,533,0.380952388048172,0.7051281929016113,0.5430402755737305
in-house,626,483,0.5,0.7910447716712952,0.6455223560333252
in-house,627,93,0.5154638886451721,0.6025640964508057,0.5590139627456665
in-house,628,533,0.25,0.835616409778595,0.5428081750869751
in-house,629,483,0.46236559748649597,0.5476190447807312,0.5049923062324524
in-house,630,483,0.46236559748649597,0.6301369667053223,0.5462512969970703
in-house,631,352,0.5408163070678711,0.5921052694320679,0.5664607882499695
in-house,632,91,0.19178082048892975,0.25925925374031067,0.2255200445652008
in-house,633,533,0.2199999988079071,0.835616409778595,0.5278081893920898
in-house,634,533,0.28070175647735596,0.835616409778595,0.5581591129302979
in-house,635,93,0.4528301954269409,0.25287356972694397,0.35285186767578125
in-house,636,483,0.5223880410194397,1.0,0.7611939907073975
in-house,637,533,0.27966102957725525,0.835616409778595,0.5576387047767639
in-house,638,477,0.15555556118488312,0.5,0.32777777314186096
in-house,639,533,0.2767857015132904,1.0,0.6383928656578064
in-house,640,483,0.46236559748649597,0.5647059082984924,0.513535737991333
in-house,641,93,0.4528301954269409,0.3589743673801422,0.40590226650238037
in-house,642,415,0.20779220759868622,0.5138888955116272,0.3608405590057373
in-house,643,533,0.33636364340782166,1.0,0.668181836605072
in-house,644,477,0.15555556118488312,0.4536082446575165,0.3045819103717804
in-house,645,93,0.4528301954269409,0.38461539149284363,0.41872280836105347
in-house,646,533,0.13274335861206055,0.835616409778595,0.48417988419532776
in-house,647,533,0.15740740299224854,0.835616409778595,0.49651190638542175
in-house,648,477,0.15555556118488312,0.6666666865348816,0.41111111640930176
in-house,649,248,0.17283950746059418,0.4533333480358124,0.3130864202976227
in-house,650,418,0.36036035418510437,1.0,0.6801801919937134
in-house,651,47,0.2063492089509964,0.7058823704719543,0.4561157822608948
in-house,652,477,0.15555556118488312,0.41818180680274963,0.286868691444397
in-house,653,93,0.4528301954269409,0.2666666805744171,0.3597484230995178
in-house,654,533,0.380952388048172,0.9444444179534912,0.6626983880996704
in-house,655,398,0.20588235557079315,0.3258427083492279,0.26586252450942993
in-house,656,533,0.3669724762439728,1.0,0.6834862232208252
in-house,657,533,0.2777777910232544,0.835616409778595,0.5566971302032471
in-house,658,533,0.21848739683628082,0.835616409778595,0.5270519256591797
in-house,659,352,0.37142857909202576,1.0,0.6857143044471741
in-house,660,483,0.46236559748649597,0.4639175236225128,0.4631415605545044
in-house,661,47,0.5684210658073425,0.5340909361839294,0.551256000995636
in-house,662,533,0.2358490526676178,0.835616409778595,0.5357327461242676
in-house,663,483,0.46236559748649597,0.3978494703769684,0.4301075339317322
in-house,664,352,0.4736842215061188,0.28125,0.3774670958518982
in-house,665,477,0.15555556118488312,0.654321014881134,0.404938280582428
in-house,666,533,0.25,0.835616409778595,0.5428081750869751
in-house,667,47,0.4285714328289032,0.24657534062862396,0.337573379278183
in-house,668,533,0.3921568691730499,0.835616409778595,0.6138866543769836
in-house,669,477,0.15555556118488312,0.5252525210380554,0.34040403366088867
in-house,670,483,0.46236559748649597,0.5625,0.5124328136444092
in-house,671,248,0.17283950746059418,0.6000000238418579,0.38641977310180664
in-house,672,483,0.46236559748649597,0.5,0.4811828136444092
in-house,673,533,0.25,0.835616409778595,0.5428081750869751
in-house,674,47,0.4285714328289032,0.5529412031173706,0.4907563328742981
in-house,675,533,0.24074074625968933,0.835616409778595,0.538178563117981
in-house,676,533,0.38461539149284363,0.835616409778595,0.6101158857345581
in-house,677,533,0.380952388048172,0.6288659572601318,0.5049091577529907
in-house,678,483,0.7162162065505981,0.5921052694320679,0.654160737991333
in-house,679,352,0.29411765933036804,0.5921052694320679,0.44311147928237915
in-house,680,533,0.13223139941692352,1.0,0.56611567735672
in-house,681,398,0.20588235557079315,0.52173912525177,0.3638107478618622
in-house,682,352,0.36752137541770935,0.4112149477005005,0.3893681764602661
in-house,683,477,0.15555556118488312,0.5833333134651184,0.36944442987442017
in-house,684,93,0.4528301954269409,0.40697672963142395,0.42990344762802124
in-house,685,477,0.15555556118488312,0.4329896867275238,0.29427263140678406
in-house,686,483,0.46236559748649597,0.3392857015132904,0.4008256494998932
in-house,687,533,0.2118644118309021,0.8243243098258972,0.5180943608283997
in-house,688,533,0.13223139941692352,0.835616409778595,0.48392391204833984
in-house,689,462,0.34210526943206787,0.3645833432674408,0.3533443212509155
in-house,690,533,0.21212121844291687,0.835616409778595,0.5238687992095947
in-house,691,248,0.17283950746059418,0.47058823704719543,0.3217138648033142
in-house,692,533,0.20000000298023224,0.6236559152603149,0.411827951669693
in-house,693,533,0.33636364340782166,0.7228915691375732,0.5296276211738586
in-house,694,533,0.30000001192092896,0.835616409778595,0.567808210849762
in-house,695,93,0.4528301954269409,0.4000000059604645,0.4264150857925415
in-house,696,477,0.15555556118488312,0.39814814925193787,0.2768518626689911
in-house,697,483,0.46236559748649597,0.22641509771347046,0.344390332698822
in-house,698,533,0.18518517911434174,0.835616409778595,0.5104007720947266
in-house,699,13,0.302325576543808,0.16455696523189545,0.23344126343727112
in-house,700,93,0.5154638886451721,0.6025640964508057,0.5590139627456665
in-house,701,533,0.2678571343421936,1.0,0.6339285373687744
in-house,702,533,0.1149425283074379,0.7045454382896423,0.409743994474411
in-house,703,533,0.15126051008701324,0.835616409778595,0.4934384524822235
in-house,704,533,0.2818181812763214,1.0,0.6409090757369995
in-house,705,533,0.2884615361690521,0.835616409778595,0.5620389580726624
in-house,706,533,0.25,0.835616409778595,0.5428081750869751
in-house,707,533,0.19607843458652496,0.835616409778595,0.5158474445343018
in-house,708,533,0.33636364340782166,0.6421052813529968,0.48923444747924805
in-house,709,533,0.1149425283074379,0.835616409778595,0.47527948021888733
in-house,710,352,0.29411765933036804,0.75,0.5220588445663452
in-house,711,533,0.3177570104598999,1.0,0.65887850522995
in-house,712,352,0.3963963985443115,0.4112149477005005,0.403805673122406
in-house,713,352,0.27184465527534485,0.3645833432674408,0.3182139992713928
in-house,714,398,0.20588235557079315,0.29411765933036804,0.25
Gao,0,468,0.17164179682731628,0.16455696523189545,0.16809937357902527
Gao,1,631,0.19083969295024872,0.14606741070747375,0.16845354437828064
Gao,2,631,0.18518517911434174,0.14606741070747375,0.16562628746032715
Gao,3,586,0.35555556416511536,0.14444445073604584,0.25
Gao,4,586,0.35555556416511536,0.14444445073604584,0.25
Gao,5,633,0.3571428656578064,0.14444445073604584,0.2507936656475067
Gao,6,694,0.30188679695129395,0.14444445073604584,0.2231656312942505
Gao,7,555,0.14814814925193787,0.03947368264198303,0.09381091594696045
Gao,8,555,0.14814814925193787,0.03947368264198303,0.09381091594696045
Gao,9,555,0.13953489065170288,0.03947368264198303,0.08950428664684296
Gao,10,460,0.15789473056793213,0.03947368264198303,0.09868420660495758
Gao,11,149,0.5064935088157654,0.1875,0.3469967544078827
Gao,12,22,0.692307710647583,0.07692307978868484,0.38461539149284363
Gao,13,699,0.302325576543808,0.16455696523189545,0.23344126343727112
Gao,14,409,0.25974026322364807,0.1666666716337204,0.21320345997810364
Gao,15,675,0.261904776096344,0.14606741070747375,0.20398609340190887
Gao,16,508,0.4134615361690521,0.1318681389093399,0.2726648449897766
Gao,17,133,0.540229856967926,0.11340206116437912,0.32681596279144287
Gao,18,149,0.4935064911842346,0.10185185074806213,0.29767918586730957
Gao,19,555,0.5116279125213623,0.07619047909975052,0.2939091920852661
Gao,20,678,0.5280898809432983,0.14606741070747375,0.33707863092422485
Gao,21,659,0.4038461446762085,0.16455696523189545,0.28420156240463257
Gao,22,327,0.5288461446762085,0.14444445073604584,0.33664530515670776
Gao,23,666,0.37931033968925476,0.14606741070747375,0.26268887519836426
Gao,24,22,0.4757281541824341,0.07692307978868484,0.27632561326026917
Gao,25,633,0.1785714328289032,0.14606741070747375,0.16231942176818848
Gao,26,633,0.16853933036327362,0.14606741070747375,0.1573033630847931
Gao,27,223,0.13829787075519562,0.18518517911434174,0.16174152493476868
Gao,28,223,0.11627907305955887,0.18518517911434174,0.1507321298122406
Gao,29,223,0.10989011079072952,0.18518517911434174,0.14753764867782593
Gao,30,694,0.2967033088207245,0.14606741070747375,0.22138535976409912
Gao,31,694,0.3478260934352875,0.14606741070747375,0.24694675207138062
Gao,32,508,0.4038461446762085,0.1318681389093399,0.2678571343421936
Gao,33,694,0.3586956560611725,0.14606741070747375,0.2523815333843231
Gao,34,517,0.40566039085388184,0.15730337798595428,0.28148189187049866
Gao,35,690,0.36666667461395264,0.14606741070747375,0.256367027759552
Gao,36,327,0.37383177876472473,0.14606741070747375,0.25994959473609924
Gao,37,555,0.6714285612106323,0.07619047909975052,0.3738095164299011
Gao,38,468,0.2650602459907532,0.017543859779834747,0.14130204916000366
Gao,39,543,0.3272727131843567,0.014705882407724857,0.17098930478096008
Gao,40,678,0.3583333194255829,0.729411780834198,0.5438725352287292
Gao,41,66,0.35555556416511536,0.11827956885099411,0.23691757023334503
Gao,42,66,0.33000001311302185,0.11827956885099411,0.22413979470729828
Gao,43,66,0.30630630254745483,0.11827956885099411,0.21229293942451477
Gao,44,624,0.3076923191547394,0.14606741070747375,0.22687986493110657
Gao,45,555,0.2150537669658661,0.03947368264198303,0.12726372480392456
Gao,46,555,0.5277777910232544,0.09803921729326248,0.31290850043296814
Gao,47,168,0.45370370149612427,1.0,0.7268518209457397
Gao,48,555,0.5352112650871277,0.09803921729326248,0.3166252374649048
Gao,49,637,0.35779815912246704,0.14606741070747375,0.2519327998161316
Gao,50,555,0.4533333480358124,0.09803921729326248,0.2756862938404083
Gao,51,673,0.4032258093357086,0.14606741070747375,0.2746466100215912
Gao,52,673,0.4029850661754608,0.14606741070747375,0.2745262384414673
Gao,53,666,0.3580246865749359,0.14606741070747375,0.25204604864120483
Gao,54,621,0.2112676054239273,0.14444445073604584,0.17785602807998657
Gao,55,621,0.2112676054239273,0.14606741070747375,0.17866751551628113
Gao,56,673,0.22727273404598236,0.14444445073604584,0.1858585923910141
Gao,57,673,0.22727273404598236,0.14606741070747375,0.18667006492614746
Gao,58,555,0.41333332657814026,0.07619047909975052,0.2447618991136551
Gao,59,555,0.41333332657814026,0.09803921729326248,0.25568628311157227
Gao,60,194,0.40566039085388184,1.0,0.7028301954269409
Gao,61,678,0.7066666483879089,0.14606741070747375,0.42636704444885254
Gao,62,678,0.6794871687889099,0.14606741070747375,0.412777304649353
Gao,63,699,0.2830188572406769,0.16455696523189545,0.22378790378570557
Gao,64,468,0.2947368323802948,0.15189872682094574,0.22331777215003967
Gao,65,631,0.19811320304870605,0.14606741070747375,0.1720903068780899
Gao,66,673,0.6111111044883728,0.14606741070747375,0.3785892724990845
Gao,67,673,0.5322580933570862,0.14606741070747375,0.33916276693344116
Gao,68,673,0.5245901346206665,0.14606741070747375,0.33532875776290894
Gao,69,673,0.5614035129547119,0.14606741070747375,0.35373544692993164
Gao,70,172,0.2929936349391937,0.09803921729326248,0.1955164223909378
Gao,71,586,0.5783132314682007,0.14606741070747375,0.362190306186676
Gao,72,624,0.42105263471603394,0.14606741070747375,0.28356003761291504
Gao,73,232,0.12318840622901917,0.15730337798595428,0.14024588465690613
Gao,74,327,0.5555555820465088,0.14606741070747375,0.3508114814758301
Gao,75,327,0.5188679099082947,0.14606741070747375,0.3324676752090454
Gao,76,659,0.3883495032787323,0.15189872682094574,0.2701241075992584
Gao,77,624,0.4285714328289032,0.14606741070747375,0.2873194217681885
Gao,78,149,0.5064935088157654,0.018018018454313278,0.2622557580471039
Gao,79,673,0.6491228342056274,0.14444445073604584,0.39678364992141724
Gao,80,673,0.6229507923126221,0.14444445073604584,0.38369762897491455
Gao,81,673,0.3762376308441162,0.14444445073604584,0.2603410482406616
Gao,82,666,0.4318181872367859,0.14606741070747375,0.288942813873291
Gao,83,133,0.5909090638160706,0.12371134012937546,0.3573102056980133
Gao,84,133,0.5909090638160706,0.11340206116437912,0.35215556621551514
Gao,85,427,0.5348837375640869,0.14444445073604584,0.339664101600647
Gao,86,427,0.5348837375640869,0.14606741070747375,0.34047555923461914
Gao,87,579,0.25806450843811035,0.16455696523189545,0.2113107442855835
Gao,88,631,0.29347825050354004,0.14606741070747375,0.2197728306055069
Gao,89,631,0.29347825050354004,0.14606741070747375,0.2197728306055069
Gao,90,631,0.29347825050354004,0.14606741070747375,0.2197728306055069
Gao,91,149,0.5064935088157654,0.17985612154006958,0.3431748151779175
Gao,92,149,0.5064935088157654,0.1780821979045868,0.3422878384590149
Gao,93,120,0.4591836631298065,1.0,0.7295918464660645
Gao,94,636,0.28358209133148193,0.15189872682094574,0.21774041652679443
Gao,95,547,0.21551723778247833,0.1666666716337204,0.19109195470809937
Gao,96,673,0.46268656849861145,0.14444445073604584,0.30356550216674805
Gao,97,678,0.53125,0.14606741070747375,0.3386586904525757
Gao,98,631,0.19417475163936615,0.14606741070747375,0.17012107372283936
Gao,99,631,0.21359223127365112,0.14606741070747375,0.17982982099056244
Gao,100,555,0.31182795763015747,0.09803921729326248,0.20493358373641968
Gao,101,543,0.19540229439735413,0.14606741070747375,0.17073485255241394
Gao,102,699,0.26923078298568726,0.16455696523189545,0.21689388155937195
Gao,103,699,0.26923078298568726,0.16455696523189545,0.21689388155937195
Gao,104,699,0.26923078298568726,0.16455696523189545,0.21689388155937195
Gao,105,555,0.3513513505458832,0.09803921729326248,0.22469528019428253
Gao,106,172,0.2735042870044708,0.09803921729326248,0.18577174842357635
Gao,107,22,0.36082473397254944,0.07692307978868484,0.21887390315532684
Gao,108,149,0.4588235318660736,0.10185185074806213,0.28033769130706787
Gao,109,559,0.36231884360313416,0.16455696523189545,0.2634378969669342
Gao,110,559,0.3055555522441864,0.16455696523189545,0.23505625128746033
Gao,111,666,0.4204545319080353,0.14606741070747375,0.2832609713077545
Gao,112,22,0.49514561891555786,0.07692307978868484,0.28603434562683105
Gao,113,666,0.4767441749572754,0.14444445073604584,0.3105943202972412
Gao,114,666,0.4819277226924896,0.14444445073604584,0.31318607926368713
Gao,115,555,0.29914531111717224,0.09803921729326248,0.19859226047992706
Gao,116,586,0.2068965584039688,0.14606741070747375,0.17648199200630188
Gao,117,555,0.5853658318519592,0.09803921729326248,0.34170252084732056
Gao,118,555,0.5517241358757019,0.09803921729326248,0.3248816728591919
Gao,119,631,0.14606741070747375,0.14444445073604584,0.1452559232711792
Gao,120,673,0.5,0.14444445073604584,0.3222222328186035
Gao,121,673,0.5,0.14606741070747375,0.3230336904525757
Gao,122,673,0.31343284249305725,0.14444445073604584,0.22893863916397095
Gao,123,673,0.31343284249305725,0.14606741070747375,0.2297501266002655
Gao,124,559,0.2738095223903656,0.16455696523189545,0.21918323636054993
Gao,125,673,0.2876712381839752,0.14606741070747375,0.2168693244457245
Gao,126,678,0.6708860993385315,0.14606741070747375,0.4084767699241638
Gao,127,678,0.6973684430122375,0.14606741070747375,0.42171794176101685
Gao,128,555,0.6081081032752991,0.09803921729326248,0.3530736565589905
Gao,129,555,0.5,0.09803921729326248,0.29901960492134094
Gao,130,555,0.5,0.09803921729326248,0.29901960492134094
Gao,131,555,0.5232558250427246,0.09803921729326248,0.31064751744270325
Gao,132,678,0.4591836631298065,0.14606741070747375,0.30262553691864014
Gao,133,678,0.4639175236225128,0.14606741070747375,0.3049924671649933
Gao,134,678,0.4095238149166107,0.14606741070747375,0.27779561281204224
Gao,135,420,0.483146071434021,0.14606741070747375,0.3146067261695862
Gao,136,420,0.46666666865348816,0.14606741070747375,0.30636703968048096
Gao,137,586,0.43023255467414856,0.14606741070747375,0.28814998269081116
Gao,138,594,0.32692307233810425,0.1318681389093399,0.22939559817314148
Gao,139,327,0.3391304314136505,0.14606741070747375,0.24259892106056213
Gao,140,636,0.2769230902194977,0.15189872682094574,0.2144109010696411
Gao,141,676,0.35779815912246704,0.14606741070747375,0.2519327998161316
Gao,142,676,0.3448275923728943,0.14606741070747375,0.24544750154018402
Gao,143,659,0.18918919563293457,0.15189872682094574,0.17054396867752075
Gao,144,192,0.1982758641242981,0.15189872682094574,0.17508730292320251
Gao,145,192,0.208695650100708,0.15189872682094574,0.18029719591140747
Gao,146,223,0.15000000596046448,0.18518517911434174,0.1675925850868225
Gao,147,409,0.16346153616905212,0.1666666716337204,0.16506409645080566
Gao,148,409,0.16363635659217834,0.1666666716337204,0.16515150666236877
Gao,149,409,0.17307692766189575,0.1666666716337204,0.16987180709838867
Gao,150,223,0.13513512909412384,0.18518517911434174,0.1601601541042328
Gao,151,223,0.14414414763450623,0.18518517911434174,0.16466465592384338
Gao,152,636,0.546875,0.16455696523189545,0.3557159900665283
Gao,153,666,0.46666666865348816,0.14606741070747375,0.30636703968048096
Gao,154,579,0.3478260934352875,0.15189872682094574,0.249862402677536
Gao,155,579,0.32673266530036926,0.15189872682094574,0.2393156886100769
Gao,156,579,0.3478260934352875,0.15189872682094574,0.249862402677536
Gao,157,579,0.3695652186870575,0.15189872682094574,0.260731965303421
Gao,158,593,0.3472222089767456,0.14606741070747375,0.24664480984210968
Gao,159,593,0.3611111044883728,0.14606741070747375,0.2535892724990845
Gao,160,593,0.3611111044883728,0.14606741070747375,0.2535892724990845
Gao,161,666,0.46052631735801697,0.14606741070747375,0.30329686403274536
Gao,162,637,0.3539822995662689,0.14606741070747375,0.25002485513687134
Gao,163,420,0.7945205569267273,0.14606741070747375,0.4702939987182617
Gao,164,420,0.6145833134651184,0.14606741070747375,0.3803253769874573
Gao,165,579,0.3478260934352875,0.15189872682094574,0.249862402677536
Gao,166,66,0.3734939694404602,0.11827956885099411,0.24588677287101746
Gao,167,180,0.4693877696990967,0.14606741070747375,0.307727575302124
Gao,168,172,0.5462185144424438,0.09803921729326248,0.32212886214256287
Gao,169,22,0.5192307829856873,0.07692307978868484,0.29807692766189575
Gao,170,22,0.5192307829856873,0.07692307978868484,0.29807692766189575
Gao,171,570,0.230158731341362,0.737500011920929,0.4838293790817261
Gao,172,673,0.41558441519737244,0.14606741070747375,0.2808259129524231
Gao,173,673,0.5,0.14606741070747375,0.3230336904525757
Gao,174,478,0.4752475321292877,0.10000000149011612,0.2876237630844116
Gao,175,22,0.40776699781417847,0.07692307978868484,0.24234503507614136
Gao,176,586,0.3400000035762787,0.014705882407724857,0.17735294997692108
Gao,177,586,0.3400000035762787,0.014705882407724857,0.17735294997692108
Gao,178,631,0.2522522509098053,0.014705882407724857,0.1334790736436844
Gao,179,253,0.13709677755832672,0.14606741070747375,0.14158210158348083
Gao,180,617,0.12643678486347198,0.15000000596046448,0.13821840286254883
Gao,181,555,0.2298850566148758,0.03947368264198303,0.13467937707901
Gao,182,478,0.3375000059604645,0.010204081423580647,0.17385204136371613
Gao,183,478,0.32098764181137085,0.010204081423580647,0.1655958592891693
Gao,184,676,0.654321014881134,0.14606741070747375,0.4001942276954651
Gao,185,676,0.5977011322975159,0.14606741070747375,0.371884286403656
Gao,186,676,0.6666666865348816,0.14606741070747375,0.40636706352233887
Gao,187,694,0.5632184147834778,0.14444445073604584,0.3538314402103424
Gao,188,694,0.5632184147834778,0.12903225421905518,0.3461253345012665
Gao,189,678,0.3583333194255829,0.14444445073604584,0.25138887763023376
Gao,190,66,0.27659574151039124,0.11827956885099411,0.19743765890598297
Gao,191,579,0.145454540848732,0.15189872682094574,0.14867663383483887
Gao,192,579,0.13913042843341827,0.15189872682094574,0.145514577627182
Gao,193,666,0.4047619104385376,0.14606741070747375,0.2754146456718445
Gao,194,22,0.5,0.07692307978868484,0.2884615361690521
Gao,195,678,0.7857142686843872,0.14606741070747375,0.4658908247947693
Gao,196,690,0.19285714626312256,0.14606741070747375,0.16946227848529816
Gao,197,690,0.19858156144618988,0.14606741070747375,0.17232447862625122
Gao,198,673,0.53125,0.14444445073604584,0.3378472328186035
Gao,199,678,0.5894736647605896,0.14606741070747375,0.36777055263519287
Gao,200,678,0.5833333134651184,0.14606741070747375,0.3647003769874573
Gao,201,678,0.6086956262588501,0.14606741070747375,0.37738150358200073
Gao,202,678,0.6363636255264282,0.14606741070747375,0.3912155032157898
Gao,203,631,0.3263157904148102,0.14444445073604584,0.2353801131248474
Gao,204,673,0.5161290168762207,0.14444445073604584,0.33028674125671387
Gao,205,678,0.6883116960525513,0.14444445073604584,0.41637808084487915
Gao,206,678,0.6463414430618286,0.14444445073604584,0.3953929543495178
Gao,207,555,0.44155845046043396,0.09803921729326248,0.2697988450527191
Gao,208,555,0.44155845046043396,0.09803921729326248,0.2697988450527191
Gao,209,678,0.4040403962135315,0.14606741070747375,0.2750539183616638
Gao,210,678,0.5494505763053894,0.14606741070747375,0.3477590084075928
Gao,211,274,0.4421052634716034,0.15189872682094574,0.29700198769569397
Gao,212,274,0.457446813583374,0.15189872682094574,0.3046727776527405
Gao,213,427,0.3854166567325592,0.14606741070747375,0.2657420337200165
Gao,214,22,0.5416666865348816,0.07692307978868484,0.3092948794364929
Gao,215,446,0.4864864945411682,0.14606741070747375,0.3162769675254822
Gao,216,673,0.550000011920929,0.14606741070747375,0.34803372621536255
Gao,217,547,0.41999998688697815,0.1666666716337204,0.2933333218097687
Gao,218,409,0.43421053886413574,0.1666666716337204,0.30043861269950867
Gao,219,409,0.40229883790016174,0.1666666716337204,0.2844827473163605
Gao,220,666,0.45348837971687317,0.14606741070747375,0.29977789521217346
Gao,221,149,0.5064935088157654,0.1875,0.3469967544078827
Gao,222,149,0.5064935088157654,0.1875,0.3469967544078827
Gao,223,149,0.5064935088157654,0.1875,0.3469967544078827
Gao,224,466,0.30588236451148987,0.15189872682094574,0.2288905382156372
Gao,225,624,0.2804878056049347,0.14606741070747375,0.21327760815620422
Gao,226,22,0.3861386179924011,0.07692307978868484,0.23153084516525269
Gao,227,673,0.2347826063632965,0.14444445073604584,0.18961352109909058
Gao,228,678,0.24060150980949402,0.14444445073604584,0.19252297282218933
Gao,229,673,0.6603773832321167,0.14444445073604584,0.40241092443466187
Gao,230,547,0.4000000059604645,0.1666666716337204,0.28333333134651184
Gao,231,579,0.22826087474822998,0.15189872682094574,0.19007980823516846
Gao,232,673,0.4029850661754608,0.14606741070747375,0.2745262384414673
Gao,233,543,0.23333333432674408,0.14606741070747375,0.18970036506652832
Gao,234,673,0.4576271176338196,0.14606741070747375,0.30184727907180786
Gao,235,631,0.23655913770198822,0.14606741070747375,0.1913132667541504
Gao,236,631,0.239130437374115,0.14606741070747375,0.19259892404079437
Gao,237,555,0.5054945349693298,0.09803921729326248,0.30176687240600586
Gao,238,500,0.44247788190841675,1.0,0.7212389707565308
Gao,239,103,0.4476190507411957,0.604938268661499,0.5262786746025085
Gao,240,22,0.5392156839370728,0.11811023950576782,0.3286629617214203
Gao,241,631,0.25882354378700256,0.14606741070747375,0.20244547724723816
Gao,242,310,0.449438214302063,0.11764705926179886,0.2835426330566406
Gao,243,327,0.42990654706954956,0.14606741070747375,0.28798699378967285
Gao,244,593,0.20000000298023224,0.14606741070747375,0.1730337142944336
Gao,245,172,0.25,0.09803921729326248,0.17401960492134094
Gao,246,673,0.4794520437717438,0.14606741070747375,0.31275972723960876
Gao,247,409,0.4444444477558136,0.1666666716337204,0.3055555522441864
Gao,248,364,0.30188679695129395,0.5833333134651184,0.4426100552082062
Gao,249,673,0.33766233921051025,0.14606741070747375,0.241864874958992
Gao,250,673,0.37142857909202576,0.14606741070747375,0.25874799489974976
Gao,251,673,0.4333333373069763,0.14606741070747375,0.28970038890838623
Gao,252,673,0.4262295067310333,0.14606741070747375,0.28614845871925354
Gao,253,22,0.5135135054588318,0.07692307978868484,0.295218288898468
Gao,254,149,0.45348837971687317,0.1111111119389534,0.2822997570037842
Gao,255,694,0.4000000059604645,0.14444445073604584,0.27222222089767456
Gao,256,310,0.4065934121608734,0.11764705926179886,0.26212024688720703
Gao,257,678,0.5476190447807312,0.14606741070747375,0.34684324264526367
Gao,258,172,0.45132744312286377,0.09803921729326248,0.2746833264827728
Gao,259,460,0.11594203114509583,0.03947368264198303,0.07770785689353943
Gao,260,149,0.5064935088157654,0.09900990128517151,0.30275171995162964
Gao,261,310,0.42574256658554077,0.10000000149011612,0.26287129521369934
Gao,262,555,0.5769230723381042,0.09803921729326248,0.33748114109039307
Gao,263,310,0.4838709533214569,0.10000000149011612,0.2919354736804962
Gao,264,618,0.1621621549129486,0.03947368264198303,0.10081791877746582
Gao,265,555,0.17499999701976776,0.03947368264198303,0.1072368398308754
Gao,266,618,0.2432432472705841,0.03947368264198303,0.14135846495628357
Gao,267,631,0.25882354378700256,0.14606741070747375,0.20244547724723816
Gao,268,420,0.46315789222717285,0.14606741070747375,0.3046126365661621
Gao,269,420,0.46875,0.14606741070747375,0.3074086904525757
Gao,270,420,0.4642857015132904,0.14606741070747375,0.3051765561103821
Gao,271,22,0.4897959232330322,0.07692307978868484,0.28335949778556824
Gao,272,555,0.611940324306488,0.09803921729326248,0.35498976707458496
Gao,273,149,0.45205479860305786,0.10185185074806213,0.2769533395767212
Gao,274,673,0.3333333432674408,0.14606741070747375,0.23970037698745728
Gao,275,666,0.4430379867553711,0.14606741070747375,0.29455268383026123
Gao,276,555,0.5675675868988037,0.09803921729326248,0.3328033983707428
Gao,277,690,0.19333332777023315,0.14606741070747375,0.16970036923885345
Gao,278,690,0.1753246784210205,0.14606741070747375,0.16069604456424713
Gao,279,420,0.46666666865348816,0.14606741070747375,0.30636703968048096
Gao,280,420,0.4615384638309479,0.14606741070747375,0.3038029372692108
Gao,281,420,0.42574256658554077,0.14606741070747375,0.28590500354766846
Gao,282,420,0.4329896867275238,0.14606741070747375,0.2895285487174988
Gao,283,420,0.42424243688583374,0.14606741070747375,0.28515493869781494
Gao,284,420,0.5,0.14606741070747375,0.3230336904525757
Gao,285,618,0.22972972691059113,0.03947368264198303,0.13460171222686768
Gao,286,420,0.5568181872367859,0.14606741070747375,0.351442813873291
Gao,287,466,0.5733333230018616,0.15189872682094574,0.36261603236198425
Gao,288,466,0.5866666436195374,0.15189872682094574,0.36928269267082214
Gao,289,466,0.5866666436195374,0.15189872682094574,0.36928269267082214
Gao,290,555,0.6081081032752991,0.07619047909975052,0.3421492874622345
Gao,291,555,0.6081081032752991,0.09803921729326248,0.3530736565589905
Gao,292,555,0.6081081032752991,0.07619047909975052,0.3421492874622345
Gao,293,555,0.6081081032752991,0.09803921729326248,0.3530736565589905
Gao,294,555,0.6081081032752991,0.07619047909975052,0.3421492874622345
Gao,295,555,0.6081081032752991,0.09803921729326248,0.3530736565589905
Gao,296,398,0.5263158082962036,0.14444445073604584,0.3353801369667053
Gao,297,398,0.5263158082962036,0.14444445073604584,0.3353801369667053
Gao,298,555,0.4266666769981384,0.07619047909975052,0.2514285743236542
Gao,299,522,0.16091954708099365,0.03947368264198303,0.10019661486148834
Gao,300,586,0.261904776096344,0.014705882407724857,0.13830533623695374
Gao,301,586,0.2195121943950653,0.014705882407724857,0.1171090379357338
Gao,302,694,0.38372093439102173,0.14606741070747375,0.26489418745040894
Gao,303,427,0.5647059082984924,0.14606741070747375,0.3553866744041443
Gao,304,149,0.48750001192092896,0.10185185074806213,0.29467594623565674
Gao,305,461,0.5444444417953491,0.14606741070747375,0.34525591135025024
Gao,306,673,0.4545454680919647,0.14444445073604584,0.2994949519634247
Gao,307,673,0.4268292784690857,0.14444445073604584,0.28563687205314636
Gao,308,675,0.2720000147819519,0.14606741070747375,0.20903371274471283
Gao,309,666,0.25362318754196167,0.14606741070747375,0.1998452991247177
Gao,310,229,0.5,0.1318681389093399,0.31593406200408936
Gao,311,22,0.4862385392189026,0.07692307978868484,0.2815808057785034
Gao,312,319,0.17094017565250397,0.14606741070747375,0.15850380063056946
Gao,313,491,0.18103447556495667,0.14606741070747375,0.1635509431362152
Gao,314,547,0.33076924085617065,0.1666666716337204,0.24871796369552612
Gao,315,547,0.3385826647281647,0.1666666716337204,0.25262466073036194
Gao,316,675,0.5375000238418579,0.14444445073604584,0.34097224473953247
Gao,317,149,0.48571428656578064,0.1111111119389534,0.2984127104282379
Gao,318,624,0.42105263471603394,0.14606741070747375,0.28356003761291504
Gao,319,328,0.15315315127372742,0.14606741070747375,0.14961028099060059
Gao,320,675,0.550000011920929,0.14444445073604584,0.347222238779068
Gao,321,675,0.523809552192688,0.14444445073604584,0.3341270089149475
Gao,322,666,0.3510638177394867,0.14606741070747375,0.24856561422348022
Gao,323,666,0.3510638177394867,0.14606741070747375,0.24856561422348022
Gao,324,678,0.604938268661499,0.14444445073604584,0.374691367149353
Gao,325,678,0.7162162065505981,0.14444445073604584,0.4303303360939026
Gao,326,678,0.7162162065505981,0.14444445073604584,0.4303303360939026
Gao,327,427,0.3617021143436432,0.14606741070747375,0.25388476252555847
Gao,328,427,0.3723404109477997,0.14606741070747375,0.2592039108276367
Gao,329,675,0.4285714328289032,0.14444445073604584,0.2865079343318939
Gao,330,673,0.4852941036224365,0.14444445073604584,0.3148692846298218
Gao,331,673,0.37142857909202576,0.14444445073604584,0.2579365074634552
Gao,332,675,0.4588235318660736,0.14444445073604584,0.3016339838504791
Gao,333,714,0.27272728085517883,0.15000000596046448,0.21136364340782166
Gao,334,555,0.5925925970077515,0.09803921729326248,0.3453159034252167
Gao,335,555,0.5783132314682007,0.09803921729326248,0.3381762206554413
Gao,336,394,0.1111111119389534,0.16455696523189545,0.13783404231071472
Gao,337,650,0.12380952388048172,0.16455696523189545,0.14418324828147888
Gao,338,678,0.5116279125213623,0.14444445073604584,0.32803618907928467
Gao,339,678,0.5176470875740051,0.14444445073604584,0.3310457766056061
Gao,340,678,0.5116279125213623,0.14444445073604584,0.32803618907928467
Gao,341,678,0.5476190447807312,0.14444445073604584,0.3460317552089691
Gao,342,678,0.5476190447807312,0.14444445073604584,0.3460317552089691
Gao,343,253,0.5568181872367859,0.14444445073604584,0.35063132643699646
Gao,344,678,0.5057471394538879,0.14444445073604584,0.3250958025455475
Gao,345,678,0.5,0.14444445073604584,0.3222222328186035
Gao,346,172,0.23270440101623535,0.09803921729326248,0.16537180542945862
Gao,347,631,0.18115942180156708,0.14606741070747375,0.16361340880393982
Gao,348,659,0.3888888955116272,0.16455696523189545,0.2767229378223419
Gao,349,516,0.38947367668151855,0.14444445073604584,0.2669590711593628
Gao,350,327,0.4399999976158142,0.14444445073604584,0.2922222316265106
Gao,351,610,0.45098039507865906,0.14444445073604584,0.29771241545677185
Gao,352,120,0.4736842215061188,1.0,0.7368420958518982
Gao,353,586,0.4444444477558136,0.14606741070747375,0.2952559292316437
Gao,354,673,0.5245901346206665,0.14606741070747375,0.33532875776290894
Gao,355,673,0.6379310488700867,0.14606741070747375,0.3919992446899414
Gao,356,555,0.2142857164144516,0.03947368264198303,0.12687969207763672
Gao,357,555,0.2142857164144516,0.03947368264198303,0.12687969207763672
Gao,358,253,0.20000000298023224,0.014705882407724857,0.10735294222831726
Gao,359,555,0.17525772750377655,0.03947368264198303,0.10736570507287979
Gao,360,253,0.18584071099758148,0.014705882407724857,0.10027329623699188
Gao,361,586,0.4065934121608734,0.14444445073604584,0.27551892399787903
Gao,362,149,0.45348837971687317,0.1111111119389534,0.2822997570037842
Gao,363,555,0.6153846383094788,0.07619047909975052,0.34578755497932434
Gao,364,555,0.695652186870575,0.07619047909975052,0.38592132925987244
Gao,365,555,0.7384615540504456,0.07619047909975052,0.40732601284980774
Gao,366,431,0.4845360815525055,0.14444445073604584,0.31449025869369507
Gao,367,431,0.4845360815525055,0.14606741070747375,0.3153017461299896
Gao,368,223,0.1386861354112625,0.18518517911434174,0.16193565726280212
Gao,369,223,0.12264151126146317,0.18518517911434174,0.15391334891319275
Gao,370,631,0.17391304671764374,0.14606741070747375,0.15999022126197815
Gao,371,624,0.3855421543121338,0.14606741070747375,0.2658047676086426
Gao,372,555,0.3802816867828369,0.09803921729326248,0.2391604483127594
Gao,373,593,0.24468085169792175,0.14606741070747375,0.19537413120269775
Gao,374,22,0.3211009204387665,0.07692307978868484,0.19901199638843536
Gao,375,673,0.5614035129547119,0.14606741070747375,0.35373544692993164
Gao,376,673,0.568965494632721,0.14606741070747375,0.35751646757125854
Gao,377,673,0.5396825671195984,0.14606741070747375,0.34287500381469727
Gao,378,673,0.5517241358757019,0.14606741070747375,0.348895788192749
Gao,379,673,0.5614035129547119,0.14606741070747375,0.35373544692993164
Gao,380,673,0.4545454680919647,0.14444445073604584,0.2994949519634247
Gao,381,593,0.4266666769981384,0.14606741070747375,0.2863670587539673
Gao,382,673,0.4054054021835327,0.14444445073604584,0.2749249339103699
Gao,383,678,0.4878048896789551,0.14444445073604584,0.31612467765808105
Gao,384,678,0.5657894611358643,0.14444445073604584,0.35511696338653564
Gao,385,673,0.4375,0.14444445073604584,0.2909722328186035
Gao,386,673,0.5076923370361328,0.14444445073604584,0.3260684013366699
Gao,387,637,0.39393940567970276,0.14606741070747375,0.27000340819358826
Gao,388,555,0.4000000059604645,0.09803921729326248,0.24901960790157318
Gao,389,234,0.5378151535987854,0.07619047909975052,0.30700281262397766
Gao,390,678,0.6625000238418579,0.14606741070747375,0.40428370237350464
Gao,391,22,0.46875,0.07692307978868484,0.2728365361690521
Gao,392,202,0.07446808367967606,0.15730337798595428,0.11588573455810547
Gao,393,673,0.48571428656578064,0.14606741070747375,0.3158908486366272
Gao,394,678,0.3388429880142212,0.14444445073604584,0.2416437268257141
Gao,395,363,0.16923077404499054,0.16455696523189545,0.166893869638443
Gao,396,678,0.3358778655529022,0.14444445073604584,0.24016115069389343
Gao,397,673,0.22727273404598236,0.14606741070747375,0.18667006492614746
Gao,398,605,0.2871287167072296,1.0,0.6435643434524536
Gao,399,420,0.5,0.14606741070747375,0.3230336904525757
Gao,400,420,0.6265060305595398,0.14444445073604584,0.3854752480983734
Gao,401,631,0.23595505952835083,0.14606741070747375,0.1910112351179123
Gao,402,409,0.09345794469118118,0.1666666716337204,0.1300623118877411
Gao,403,593,0.18803419172763824,0.14606741070747375,0.1670508086681366
Gao,404,673,0.29885056614875793,0.14606741070747375,0.22245898842811584
Gao,405,673,0.395061731338501,0.14606741070747375,0.27056455612182617
Gao,406,420,0.48235294222831726,0.14606741070747375,0.3142101764678955
Gao,407,673,0.23376622796058655,0.14444445073604584,0.1891053318977356
Gao,408,673,0.3866666555404663,0.14444445073604584,0.26555556058883667
Gao,409,555,0.42465752363204956,0.07619047909975052,0.25042399764060974
Gao,410,356,0.4215686321258545,0.16455696523189545,0.29306280612945557
Gao,411,673,0.5072463750839233,0.14444445073604584,0.3258454203605652
Gao,412,257,0.10256410390138626,0.03947368264198303,0.07101888954639435
Gao,413,593,0.25555557012557983,0.14606741070747375,0.2008114904165268
Gao,414,673,0.25,0.14606741070747375,0.19803370535373688
Gao,415,395,0.22608695924282074,0.5322580933570862,0.37917253375053406
Gao,416,460,0.41304346919059753,0.20930232107639313,0.3111729025840759
Gao,417,673,0.40243902802467346,0.14444445073604584,0.27344173192977905
Gao,418,636,0.5,1.0,0.75
Gao,419,673,0.5079365372657776,0.14606741070747375,0.32700198888778687
Gao,420,675,0.5263158082962036,0.14606741070747375,0.3361915946006775
Gao,421,149,0.45348837971687317,0.10185185074806213,0.27767011523246765
Gao,422,420,0.457446813583374,0.14606741070747375,0.3017570972442627
Gao,423,673,0.3086419701576233,0.14444445073604584,0.22654321789741516
Gao,424,149,0.4871794879436493,0.10185185074806213,0.2945156693458557
Gao,425,673,0.41791045665740967,0.14444445073604584,0.28117746114730835
Gao,426,673,0.39393940567970276,0.14444445073604584,0.2691919207572937
Gao,427,673,0.3472222089767456,0.14444445073604584,0.24583333730697632
Gao,428,659,0.34117648005485535,0.16455696523189545,0.2528667151927948
Gao,429,420,0.49450549483299255,0.14606741070747375,0.32028645277023315
Gao,430,420,0.4545454680919647,0.14606741070747375,0.30030643939971924
Gao,431,666,0.38372093439102173,0.14606741070747375,0.26489418745040894
Gao,432,22,0.40909090638160706,0.07692307978868484,0.24300698935985565
Gao,433,555,0.41111111640930176,0.09803921729326248,0.2545751631259918
Gao,434,631,0.27000001072883606,0.14444445073604584,0.20722222328186035
Gao,435,631,0.27000001072883606,0.14606741070747375,0.2080337107181549
Gao,436,555,0.4743589758872986,0.07619047909975052,0.27527472376823425
Gao,437,555,0.3448275923728943,0.07619047909975052,0.2105090320110321
Gao,438,631,0.2673267424106598,0.14444445073604584,0.20588558912277222
Gao,439,555,0.4683544337749481,0.07619047909975052,0.2722724676132202
Gao,440,555,0.4683544337749481,0.09803921729326248,0.2831968367099762
Gao,441,555,0.34090909361839294,0.07619047909975052,0.20854978263378143
Gao,442,673,0.4637681245803833,0.14444445073604584,0.30410629510879517
Gao,443,631,0.20588235557079315,0.14444445073604584,0.1751634031534195
Gao,444,678,0.6973684430122375,0.14606741070747375,0.42171794176101685
Gao,445,678,0.6973684430122375,0.14606741070747375,0.42171794176101685
Gao,446,636,0.44871795177459717,1.0,0.7243589758872986
Gao,447,666,0.3689320385456085,0.14606741070747375,0.25749972462654114
Gao,448,229,0.5357142686843872,0.1318681389093399,0.33379119634628296
Gao,449,180,0.5,0.14606741070747375,0.3230336904525757
Gao,450,180,0.5056179761886597,0.14606741070747375,0.3258426785469055
Gao,451,172,0.47457626461982727,0.09803921729326248,0.28630775213241577
Gao,452,190,0.48543688654899597,0.14444445073604584,0.3149406611919403
Gao,453,559,0.41111111640930176,1.0,0.7055555582046509
Gao,454,605,0.4563106894493103,1.0,0.7281553745269775
Gao,455,605,0.49504950642585754,1.0,0.7475247383117676
Gao,456,543,0.3333333432674408,0.014705882407724857,0.17401961982250214
Gao,457,543,0.3333333432674408,0.21666666865348816,0.2750000059604645
Gao,458,586,0.33734938502311707,0.014705882407724857,0.17602764070034027
Gao,459,692,0.4117647111415863,0.0117647061124444,0.21176470816135406
Gao,460,149,0.39726027846336365,0.0117647061124444,0.20451249182224274
Gao,461,508,0.4000000059604645,0.014492753893136978,0.20724637806415558
Gao,462,194,0.33695653080940247,1.0,0.66847825050354
Gao,463,500,0.35922330617904663,1.0,0.6796116828918457
Gao,464,66,0.4157303273677826,0.11702127754688263,0.2663758099079132
Gao,465,678,0.42307692766189575,0.14606741070747375,0.28457218408584595
Gao,466,678,0.42307692766189575,0.14606741070747375,0.28457218408584595
Gao,467,555,0.3815789520740509,0.09803921729326248,0.2398090809583664
Gao,468,22,0.4591836631298065,0.07692307978868484,0.2680533826351166
Gao,469,555,0.3617021143436432,0.09803921729326248,0.22987066209316254
Gao,470,555,0.4625000059604645,0.09803921729326248,0.2802696228027344
Gao,471,673,0.6551724076271057,0.14444445073604584,0.39980843663215637
Gao,472,673,0.6271186470985413,0.14444445073604584,0.38578155636787415
Gao,473,673,0.6551724076271057,0.14444445073604584,0.39980843663215637
Gao,474,675,0.625,0.14444445073604584,0.3847222328186035
Gao,475,120,0.375,1.0,0.6875
Gao,476,103,0.44117647409439087,0.14606741070747375,0.2936219573020935
Gao,477,570,0.2222222238779068,0.737500011920929,0.4798611104488373
Gao,478,500,0.15037593245506287,1.0,0.5751879811286926
Gao,479,22,0.5979381203651428,0.07692307978868484,0.33743059635162354
Gao,480,605,0.4423076808452606,1.0,0.7211538553237915
Gao,481,103,0.49000000953674316,0.14606741070747375,0.31803369522094727
Gao,482,605,0.4000000059604645,1.0,0.699999988079071
Gao,483,636,0.5223880410194397,1.0,0.7611939907073975
Gao,484,168,0.4838709533214569,1.0,0.7419354915618896
Gao,485,555,0.75,0.09803921729326248,0.42401960492134094
Gao,486,555,0.5352112650871277,0.09803921729326248,0.3166252374649048
Gao,487,327,0.5444444417953491,0.14606741070747375,0.34525591135025024
Gao,488,327,0.5666666626930237,0.14606741070747375,0.3563670516014099
Gao,489,327,0.5666666626930237,0.14606741070747375,0.3563670516014099
Gao,490,678,0.34166666865348816,0.14444445073604584,0.2430555522441864
Gao,491,555,0.36220473051071167,0.09803921729326248,0.23012197017669678
Gao,492,555,0.44155845046043396,0.09803921729326248,0.2697988450527191
Gao,493,149,0.45679011940956116,0.1111111119389534,0.2839506268501282
Gao,494,555,0.3472222089767456,0.09803921729326248,0.22263070940971375
Gao,495,22,0.3861386179924011,0.07692307978868484,0.23153084516525269
Gao,496,631,0.2970297038555145,0.14606741070747375,0.22154855728149414
Gao,497,22,0.44565218687057495,0.07692307978868484,0.2612876296043396
Gao,498,505,0.25242719054222107,0.14606741070747375,0.1992473006248474
Gao,499,593,0.3896103799343109,0.14444445073604584,0.2670274078845978
Gao,500,149,0.43589743971824646,0.28455284237861633,0.3602251410484314
Gao,501,149,0.43589743971824646,0.10185185074806213,0.2688746452331543
Gao,502,618,0.25641027092933655,0.03947368264198303,0.1479419767856598
Gao,503,618,0.23529411852359772,0.03947368264198303,0.13738390803337097
Gao,504,363,0.347457617521286,1.0,0.6737288236618042
Gao,505,673,0.560606062412262,0.14606741070747375,0.35333675146102905
Gao,506,673,0.578125,0.14606741070747375,0.3620961904525757
Gao,507,624,0.39024388790130615,0.14606741070747375,0.26815563440322876
Gao,508,624,0.3855421543121338,0.14606741070747375,0.2658047676086426
Gao,509,637,0.1504424810409546,0.14606741070747375,0.14825494587421417
Gao,510,223,0.09900990128517151,0.18518517911434174,0.14209753274917603
Gao,511,22,0.42990654706954956,0.07692307978868484,0.2534148097038269
Gao,512,22,0.4134615361690521,0.07692307978868484,0.24519230425357819
Gao,513,675,0.20000000298023224,0.14606741070747375,0.1730337142944336
Gao,514,223,0.15306122601032257,0.18518517911434174,0.16912320256233215
Gao,515,223,0.1489361673593521,0.18518517911434174,0.16706067323684692
Gao,516,480,0.1834862381219864,0.14606741070747375,0.16477683186531067
Gao,517,223,0.15306122601032257,0.18518517911434174,0.16912320256233215
Gao,518,637,0.17424242198467255,0.14606741070747375,0.16015490889549255
Gao,519,409,0.1785714328289032,0.1666666716337204,0.1726190447807312
Gao,520,694,0.2649572789669037,0.14606741070747375,0.20551234483718872
Gao,521,666,0.48235294222831726,0.14444445073604584,0.31339868903160095
Gao,522,253,0.1666666716337204,0.14606741070747375,0.15636703372001648
Gao,523,253,0.16949152946472168,0.14606741070747375,0.15777947008609772
Gao,524,480,0.1465517282485962,0.14606741070747375,0.14630956947803497
Gao,525,547,0.13008129596710205,0.1666666716337204,0.14837399125099182
Gao,526,223,0.09090909361839294,0.18518517911434174,0.13804712891578674
Gao,527,223,0.1756756752729416,0.18518517911434174,0.18043042719364166
Gao,528,327,0.5744680762290955,0.14606741070747375,0.3602677583694458
Gao,529,327,0.5625,0.14606741070747375,0.3542836904525757
Gao,530,22,0.692307710647583,0.11999999731779099,0.4061538577079773
Gao,531,22,0.692307710647583,0.07692307978868484,0.38461539149284363
Gao,532,678,0.6973684430122375,0.604938268661499,0.6511533260345459
Gao,533,656,0.3669724762439728,1.0,0.6834862232208252
Gao,534,307,0.27272728085517883,0.7777777910232544,0.5252525210380554
