donor_smiles,acceptor_smiles,PCE,pair_key
CC1=CC=C(S1)C2=C(C(C3=C(CC(CCCC)CC)CC(CC(CCCC)CC)=C3C4=O)=O)C4=C(C5=CC=C(S5)C6=CC7=C(C8=C(C(C9=CC(Cl)=C(S9)CC(CCCC)CC)=C7S6)C=C(C)S8)C%10=CC(Cl)=C(S%10)CC(CCCC)CC)S2,O=C(C/1=C\C2=C(C3=C(S2)C(N4C5=CC=C(CCCCCC)C=C5)=C(C6=C4C7=C(C8=NSN=C68)C(SC9=C%10SC(/C=C%11C(C%12=CC(F)=C(C=C%12C\%11=C(C#N)/C#N)F)=O)=C9CCCCCCCCCCC)=C%10N7C%13=CC=C(CCCCCC)C=C%13)S3)CCCCCCCCCCC)C%14=CC(F)=C(F)C=C%14C1=C(C#N)/C#N,15.4,CC1=CC=C(S1)C2=C(C(C3=C(CC(CCCC)CC)CC(CC(CCCC)CC)=C3C4=O)=O)C4=C(C5=CC=C(S5)C6=CC7=C(C8=C(C(C9=CC(Cl)=C(S9)CC(CCCC)CC)=C7S6)C=C(C)S8)C%10=CC(Cl)=C(S%10)CC(CCCC)CC)S2||O=C(C/1=C\C2=C(C3=C(S2)C(N4C5=CC=C(CCCCCC)C=C5)=C(C6=C4C7=C(C8=NSN=C68)C(SC9=C%10SC(/C=C%11C(C%12=CC(F)=C(C=C%12C\%11=C(C#N)/C#N)F)=O)=C9CCCCCCCCCCC)=C%10N7C%13=CC=C(CCCCCC)C=C%13)S3)CCCCCCCCCCC)C%14=CC(F)=C(F)C=C%14C1=C(C#N)/C#N
CC1=CC=C(S1)C2=C(C(C3=C(CC(CCCC)CC)CC(CC(CCCC)CC)=C3C4=O)=O)C4=C(C5=CC=C(S5)C6=CC7=C(C8=C(C(C9=CC(Cl)=C(S9)CC(CCCC)CC)=C7S6)C=C(C)S8)C%10=CC(Cl)=C(S%10)CC(CCCC)CC)S2,FC1=CC(C2=O)=C(C=C1F)C(/C2=C/C(S3)=C(CCCCCC)C4=C3C(C5(C6=CC=C(CCCCCC)C=C6)C7=CC=C(CCCCCC)C=C7)=C(S4)C(C5=C8)=CC9=C8C(S%10)=C(C9(C%11=CC=C(CCCCCC)C=C%11)C%12=CC=C(CCCCCC)C=C%12)C(S%13)=C%10C(CCCCCC)=C%13/C=C(/C%14=C(C#N)\C#N)C(C%15=C%14C=C(F)C(F)=C%15)=O)=C(C#N)\C#N,14.47,CC1=CC=C(S1)C2=C(C(C3=C(CC(CCCC)CC)CC(CC(CCCC)CC)=C3C4=O)=O)C4=C(C5=CC=C(S5)C6=CC7=C(C8=C(C(C9=CC(Cl)=C(S9)CC(CCCC)CC)=C7S6)C=C(C)S8)C%10=CC(Cl)=C(S%10)CC(CCCC)CC)S2||FC1=CC(C2=O)=C(C=C1F)C(/C2=C/C(S3)=C(CCCCCC)C4=C3C(C5(C6=CC=C(CCCCCC)C=C6)C7=CC=C(CCCCCC)C=C7)=C(S4)C(C5=C8)=CC9=C8C(S%10)=C(C9(C%11=CC=C(CCCCCC)C=C%11)C%12=CC=C(CCCCCC)C=C%12)C(S%13)=C%10C(CCCCCC)=C%13/C=C(/C%14=C(C#N)\C#N)C(C%15=C%14C=C(F)C(F)=C%15)=O)=C(C#N)\C#N
FC(C(F)=C(C1=NC(C2=CC=C(C(OCCCCCCCC)=C2)OCCCCCCCC)=C(N=C31)C4=CC=C(C(OCCCCCCCC)=C4)OCCCCCCCC)C)=C3C(S5)=CC=C5C(C=C6)=CC=C6C7=CC=C(C)S7,c1(cc2c(cc1F)C(=O)/C(=C\c1cc3c(s1)c1c(s3)c3c(C1(c1ccc(cc1)CCCCCC)c1ccc(cc1)CCCCCC)cc1c(c3)C(c3c1sc1c3sc(c1)/C=C/1\C(=O)c3c(C1=C(C#N)C#N)cc(c(c3)F)F)(c1ccc(cc1)CCCCCC)c1ccc(cc1)CCCCCC)/C2=C(C#N)C#N)F,14.2,FC(C(F)=C(C1=NC(C2=CC=C(C(OCCCCCCCC)=C2)OCCCCCCCC)=C(N=C31)C4=CC=C(C(OCCCCCCCC)=C4)OCCCCCCCC)C)=C3C(S5)=CC=C5C(C=C6)=CC=C6C7=CC=C(C)S7||c1(cc2c(cc1F)C(=O)/C(=C\c1cc3c(s1)c1c(s3)c3c(C1(c1ccc(cc1)CCCCCC)c1ccc(cc1)CCCCCC)cc1c(c3)C(c3c1sc1c3sc(c1)/C=C/1\C(=O)c3c(C1=C(C#N)C#N)cc(c(c3)F)F)(c1ccc(cc1)CCCCCC)c1ccc(cc1)CCCCCC)/C2=C(C#N)C#N)F
O=C(C1=C(CCC(CCCC)CC)SC(CCC(CC)CCCC)=C1C2=O)C(C2=C(C3)C(C4)=CC=C4C5=CC6=C(C(C7=CC=C(CCC(CCCC)CC)S7)=C8C=CSC8=C6C9=CC=C(CCC(CCCC)CC)S9)S5)=C3C%10=CC=CS%10,O=C(C1=CC=CC=C1C/2=C(C#N)/C#N)C2=C/C3=C(C4=CC=C(CCCCCC)C=C4)C5=C(S3)C6=C(S5)C(C7=NSN=C7C8=C9N(C%10=CC=C(CCCCCC)C=C%10)C%11=C8SC%12=C%11SC(/C=C%13C(C%14=CC=CC=C%14C\%13=C(C#N)\C#N)=O)=C%12C%15=CC=C(CCCCCC)C=C%15)=C9N6C%16=CC=C(CCCCCC)C=C%16,14.1,O=C(C1=C(CCC(CCCC)CC)SC(CCC(CC)CCCC)=C1C2=O)C(C2=C(C3)C(C4)=CC=C4C5=CC6=C(C(C7=CC=C(CCC(CCCC)CC)S7)=C8C=CSC8=C6C9=CC=C(CCC(CCCC)CC)S9)S5)=C3C%10=CC=CS%10||O=C(C1=CC=CC=C1C/2=C(C#N)/C#N)C2=C/C3=C(C4=CC=C(CCCCCC)C=C4)C5=C(S3)C6=C(S5)C(C7=NSN=C7C8=C9N(C%10=CC=C(CCCCCC)C=C%10)C%11=C8SC%12=C%11SC(/C=C%13C(C%14=CC=CC=C%14C\%13=C(C#N)\C#N)=O)=C%12C%15=CC=C(CCCCCC)C=C%15)=C9N6C%16=CC=C(CCCCCC)C=C%16
CC1=CC=C(S1)C2=C(C(C3=C(CC(CCCC)CC)CC(CC(CCCC)CC)=C3C4=O)=O)C4=C(C5=CC=C(S5)C6=CC7=C(C8=C(C(C9=CC(Cl)=C(S9)CC(CCCC)CC)=C7S6)C=C(C)S8)C%10=CC(Cl)=C(S%10)CC(CCCC)CC)S2,O=C(C1=CC(F)=C(C=C1C/2=C(C#N)\C#N)F)C2=C/C3=CC(SC(C4=C5C6=C(C7=C(N6CC(CCC)CCCC)C8=C(C=C(S8)/C=C9C(C%10=CC(F)=C(C=C%10C\9=C(C#N)\C#N)F)=O)S7)C%11=NN(N=C4%11)CC(CC)CCCC)=C%12N5CC(CCCC)CC)=C%12S3,14.0,CC1=CC=C(S1)C2=C(C(C3=C(CC(CCCC)CC)CC(CC(CCCC)CC)=C3C4=O)=O)C4=C(C5=CC=C(S5)C6=CC7=C(C8=C(C(C9=CC(Cl)=C(S9)CC(CCCC)CC)=C7S6)C=C(C)S8)C%10=CC(Cl)=C(S%10)CC(CCCC)CC)S2||O=C(C1=CC(F)=C(C=C1C/2=C(C#N)\C#N)F)C2=C/C3=CC(SC(C4=C5C6=C(C7=C(N6CC(CCC)CCCC)C8=C(C=C(S8)/C=C9C(C%10=CC(F)=C(C=C%10C\9=C(C#N)\C#N)F)=O)S7)C%11=NN(N=C4%11)CC(CC)CCCC)=C%12N5CC(CCCC)CC)=C%12S3
CC1=CC=C(S1)C2=C(C(C3=C(CC(CCCC)CC)CC(CC(CCCC)CC)=C3C4=O)=O)C4=C(C5=CC=C(S5)C6=CC7=C(C8=C(C(C9=CC(Cl)=C(S9)CC(CCCC)CC)=C7S6)C=C(C)S8)C%10=CC(Cl)=C(S%10)CC(CCCC)CC)S2,O=C(C1=C(SC=C1C/2=C(C#N)\C#N)Cl)C2=C/C3=CC(CC4=C5C(C(C=C6)=CC=C6CCCCCC)(C(C4=C7)=CC8=C7C(C9=CC=C(C=C9)CCCCCC)(C%10=CC=C(C=C%10)CCCCCC)C%11=C8SC%12=C%11SC(/C=C%13C(C%14=C(SC=C%14C\%13=C(C#N)\C#N)Cl)=O)=C%12)C%15=CC=C(C=C%15)CCCCCC)=C5S3,13.72,CC1=CC=C(S1)C2=C(C(C3=C(CC(CCCC)CC)CC(CC(CCCC)CC)=C3C4=O)=O)C4=C(C5=CC=C(S5)C6=CC7=C(C8=C(C(C9=CC(Cl)=C(S9)CC(CCCC)CC)=C7S6)C=C(C)S8)C%10=CC(Cl)=C(S%10)CC(CCCC)CC)S2||O=C(C1=C(SC=C1C/2=C(C#N)\C#N)Cl)C2=C/C3=CC(CC4=C5C(C(C=C6)=CC=C6CCCCCC)(C(C4=C7)=CC8=C7C(C9=CC=C(C=C9)CCCCCC)(C%10=CC=C(C=C%10)CCCCCC)C%11=C8SC%12=C%11SC(/C=C%13C(C%14=C(SC=C%14C\%13=C(C#N)\C#N)Cl)=O)=C%12)C%15=CC=C(C=C%15)CCCCCC)=C5S3
CC1=CC=C(S1)C2=C(C(C3=C(CC(CCCC)CC)CC(CC(CCCC)CC)=C3C4=O)=O)C4=C(C5=CC=C(S5)C6=CC7=C(C8=C(C(C9=CC(Cl)=C(S9)CC(CCCC)CC)=C7S6)C=C(C)S8)C%10=CC(Cl)=C(S%10)CC(CCCC)CC)S2,CCCCCCC(C=C1)=CC=C1C2(C3=CC=C(C=C3)CCCCCC)C4=C([Se]C5=CC6=C(C=C54)[Se]C7=C6C(C8=CC=C(C=C8)CCCCCC)(C9=CC=C(C=C9)CCCCCC)C%10=C7SC(/C=C%11\C(C%12=C(C=C(Cl)C=C%12)C%11=O)=C(C#N)\C#N)=C%10)C%13=C2C=C(/C=C%14C(C(C=C(Cl)C=C%15)=C%15C/%14=C(C#N)/C#N)=O)S%13,13.68,CC1=CC=C(S1)C2=C(C(C3=C(CC(CCCC)CC)CC(CC(CCCC)CC)=C3C4=O)=O)C4=C(C5=CC=C(S5)C6=CC7=C(C8=C(C(C9=CC(Cl)=C(S9)CC(CCCC)CC)=C7S6)C=C(C)S8)C%10=CC(Cl)=C(S%10)CC(CCCC)CC)S2||CCCCCCC(C=C1)=CC=C1C2(C3=CC=C(C=C3)CCCCCC)C4=C([Se]C5=CC6=C(C=C54)[Se]C7=C6C(C8=CC=C(C=C8)CCCCCC)(C9=CC=C(C=C9)CCCCCC)C%10=C7SC(/C=C%11\C(C%12=C(C=C(Cl)C=C%12)C%11=O)=C(C#N)\C#N)=C%10)C%13=C2C=C(/C=C%14C(C(C=C(Cl)C=C%15)=C%15C/%14=C(C#N)/C#N)=O)S%13
CC1=CC=C(S1)C2=C(C(C3=C(CC(CCCC)CC)CC(CC(CCCC)CC)=C3C4=O)=O)C4=C(C5=CC=C(S5)C6=CC7=C(C8=C(C(C9=CC(Cl)=C(S9)CC(CCCC)CC)=C7S6)C=C(C)S8)C%10=CC(Cl)=C(S%10)CC(CCCC)CC)S2,c1(cc2c(cc1F)C(=O)/C(=C\c1cc3c(s1)c1c(s3)c3c(C1(c1ccc(cc1)CCCCCC)c1ccc(cc1)CCCCCC)cc1c(c3)C(c3c1sc1c3sc(c1)/C=C/1\C(=O)c3c(C1=C(C#N)C#N)cc(c(c3)F)F)(c1ccc(cc1)CCCCCC)c1ccc(cc1)CCCCCC)/C2=C(C#N)C#N)F,13.4,CC1=CC=C(S1)C2=C(C(C3=C(CC(CCCC)CC)CC(CC(CCCC)CC)=C3C4=O)=O)C4=C(C5=CC=C(S5)C6=CC7=C(C8=C(C(C9=CC(Cl)=C(S9)CC(CCCC)CC)=C7S6)C=C(C)S8)C%10=CC(Cl)=C(S%10)CC(CCCC)CC)S2||c1(cc2c(cc1F)C(=O)/C(=C\c1cc3c(s1)c1c(s3)c3c(C1(c1ccc(cc1)CCCCCC)c1ccc(cc1)CCCCCC)cc1c(c3)C(c3c1sc1c3sc(c1)/C=C/1\C(=O)c3c(C1=C(C#N)C#N)cc(c(c3)F)F)(c1ccc(cc1)CCCCCC)c1ccc(cc1)CCCCCC)/C2=C(C#N)C#N)F
FC1=C(C2=CC=C(C3=CC4=C(C5=CC=C(CC(CCCC)CC)S5)C(SC(C)=C6)=C6C(C7=CC=C(CC(CCCC)CC)S7)=C4S3)S2)C8=NN(CC(CCCCCC)CCCCCCCC)N=C8C(C9=CC=C(C%10=CC(C(C%11=CC=C(CC(CCCC)CC)S%11)=C(S%12)C(C=C%12C)=C%13C%14SC(CC(CCCC)CC)=CC%14)=C%13S%10)S9)=C1F,c1(c(cc2c(c1)C(=C(C#N)C#N)/C(=C\c1c(c(sc1)c1sc3c(c1)C(c1c3cc3c(c1)c1c(C3(c3ccc(cc3)CCCCCC)c3ccc(cc3)CCCCCC)cc(s1)c1scc(c1OC[C@H](CCCC)CC)/C=C/1\C(=C(C#N)C#N)c3c(C1=O)cc(c(c3)F)F)(c1ccc(cc1)CCCCCC)c1ccc(cc1)CCCCCC)OC[C@@H](CC)CCCC)/C2=O)F)F,13.18,FC1=C(C2=CC=C(C3=CC4=C(C5=CC=C(CC(CCCC)CC)S5)C(SC(C)=C6)=C6C(C7=CC=C(CC(CCCC)CC)S7)=C4S3)S2)C8=NN(CC(CCCCCC)CCCCCCCC)N=C8C(C9=CC=C(C%10=CC(C(C%11=CC=C(CC(CCCC)CC)S%11)=C(S%12)C(C=C%12C)=C%13C%14SC(CC(CCCC)CC)=CC%14)=C%13S%10)S9)=C1F||c1(c(cc2c(c1)C(=C(C#N)C#N)/C(=C\c1c(c(sc1)c1sc3c(c1)C(c1c3cc3c(c1)c1c(C3(c3ccc(cc3)CCCCCC)c3ccc(cc3)CCCCCC)cc(s1)c1scc(c1OC[C@H](CCCC)CC)/C=C/1\C(=C(C#N)C#N)c3c(C1=O)cc(c(c3)F)F)(c1ccc(cc1)CCCCCC)c1ccc(cc1)CCCCCC)OC[C@@H](CC)CCCC)/C2=O)F)F
FC(C(F)=C(C1=N2)C3=CC=C(S3)C4=CC5=C(C6=C(C(C7=CC=CC([S]CCCCCCCC)=C7)=C5S4)C=C(C)S6)C8=CC=CC([S]CCCCCCCC)=C8)=C(C9=CC=C(C)S9)C1=NN2CCCCCCCCCCCCCCCC,c12cc3c(cc1C(c1c2sc2c1sc(c2)/C=C\1/C(=C(C#N)C#N)c2c(C1=O)cccc2)(c1ccc(cc1)CCCCCC)c1ccc(cc1)CCCCCC)c1c(C3(c2ccc(cc2)CCCCCC)c2ccc(cc2)CCCCCC)c2c(s1)cc(s2)/C=C\1/C(=C(C#N)C#N)c2c(C1=O)cccc2,13.16,FC(C(F)=C(C1=N2)C3=CC=C(S3)C4=CC5=C(C6=C(C(C7=CC=CC([S]CCCCCCCC)=C7)=C5S4)C=C(C)S6)C8=CC=CC([S]CCCCCCCC)=C8)=C(C9=CC=C(C)S9)C1=NN2CCCCCCCCCCCCCCCC||c12cc3c(cc1C(c1c2sc2c1sc(c2)/C=C\1/C(=C(C#N)C#N)c2c(C1=O)cccc2)(c1ccc(cc1)CCCCCC)c1ccc(cc1)CCCCCC)c1c(C3(c2ccc(cc2)CCCCCC)c2ccc(cc2)CCCCCC)c2c(s1)cc(s2)/C=C\1/C(=C(C#N)C#N)c2c(C1=O)cccc2
CC1=CC=C(S1)C2=C(C(F)=C(C3=NC(C4=CC(F)=C(S4)CC(CC)CC)=C(N=C23)C5=CC(F)=C(S5)CC(CC)CC)C6=CC=C(S6)C7=CC8=C(C9=C(C(C%10=CC=C(S%10)CC(CC)CC)=C8S7)C=C(C)S9)C%11=CC=C(S%11)CC(CC)CC)F,O=C(C1=CC=CC=C1C/2=C(C#N)/C#N)C2=C/C3=C(C4=CC=C(CCCCCC)C=C4)C5=C(S3)C6=C(S5)C(C7=NSN=C7C8=C9N(C%10=CC=C(CCCCCC)C=C%10)C%11=C8SC%12=C%11SC(/C=C%13C(C%14=CC=CC=C%14C\%13=C(C#N)\C#N)=O)=C%12C%15=CC=C(CCCCCC)C=C%15)=C9N6C%16=CC=C(CCCCCC)C=C%16,13.1,CC1=CC=C(S1)C2=C(C(F)=C(C3=NC(C4=CC(F)=C(S4)CC(CC)CC)=C(N=C23)C5=CC(F)=C(S5)CC(CC)CC)C6=CC=C(S6)C7=CC8=C(C9=C(C(C%10=CC=C(S%10)CC(CC)CC)=C8S7)C=C(C)S9)C%11=CC=C(S%11)CC(CC)CC)F||O=C(C1=CC=CC=C1C/2=C(C#N)/C#N)C2=C/C3=C(C4=CC=C(CCCCCC)C=C4)C5=C(S3)C6=C(S5)C(C7=NSN=C7C8=C9N(C%10=CC=C(CCCCCC)C=C%10)C%11=C8SC%12=C%11SC(/C=C%13C(C%14=CC=CC=C%14C\%13=C(C#N)\C#N)=O)=C%12C%15=CC=C(CCCCCC)C=C%15)=C9N6C%16=CC=C(CCCCCC)C=C%16
FC(C(F)=C(C1=CC=C(S1)C2=CC(C(C3=CC(Cl)=C(CC(CC)CCCC)S3)=C(SC=C4)C4=C5C6=CC(Cl)=C(CC(CCCC)CC)S6)=C5C2)C7=NN(CC(CCCCCCCC)CCCCCC)N=C78)=C8C9=CC=CS9,O=C(C/1=C\C2=C(C3=C(S2)C(N4C5=CC=C(CCCCCC)C=C5)=C(C6=C4C7=C(C8=NSN=C68)C(SC9=C%10SC(/C=C%11C(C%12=CC(F)=C(C=C%12C\%11=C(C#N)/C#N)F)=O)=C9CCCCCCCCCCC)=C%10N7C%13=CC=C(CCCCCC)C=C%13)S3)CCCCCCCCCCC)C%14=CC(F)=C(F)C=C%14C1=C(C#N)/C#N,12.31,FC(C(F)=C(C1=CC=C(S1)C2=CC(C(C3=CC(Cl)=C(CC(CC)CCCC)S3)=C(SC=C4)C4=C5C6=CC(Cl)=C(CC(CCCC)CC)S6)=C5C2)C7=NN(CC(CCCCCCCC)CCCCCC)N=C78)=C8C9=CC=CS9||O=C(C/1=C\C2=C(C3=C(S2)C(N4C5=CC=C(CCCCCC)C=C5)=C(C6=C4C7=C(C8=NSN=C68)C(SC9=C%10SC(/C=C%11C(C%12=CC(F)=C(C=C%12C\%11=C(C#N)/C#N)F)=O)=C9CCCCCCCCCCC)=C%10N7C%13=CC=C(CCCCCC)C=C%13)S3)CCCCCCCCCCC)C%14=CC(F)=C(F)C=C%14C1=C(C#N)/C#N
FC1=C(C(OCC(CCCC)CC)=O)SC2=CSC(C3=CC4=C(C5=C(C(C6=CC=C(CC(CC)CCCC)S6)=C4S3)C=CS5)C7=CC=C(CC(CC)CCCC)S7)=C12,c1(cc2c(cc1F)C(=O)/C(=C\c1cc3c(s1)c1c(s3)c3c([C@@]1(c1ccc(cc1)C[C@H](CCCC)CC)c1ccc(cc1)C[C@@H](CCCC)CC)c1c(s3)c3c(s1)c1c([C@@]3(c3ccc(cc3)C[C@@H](CCCC)CC)c3ccc(cc3)C[C@H](CCCC)CC)c3c(s1)cc(s3)/C=C/1\C(=O)c3c(C1=C(C#N)C#N)cc(c(c3)F)F)/C2=C(C#N)C#N)F,12.21,FC1=C(C(OCC(CCCC)CC)=O)SC2=CSC(C3=CC4=C(C5=C(C(C6=CC=C(CC(CC)CCCC)S6)=C4S3)C=CS5)C7=CC=C(CC(CC)CCCC)S7)=C12||c1(cc2c(cc1F)C(=O)/C(=C\c1cc3c(s1)c1c(s3)c3c([C@@]1(c1ccc(cc1)C[C@H](CCCC)CC)c1ccc(cc1)C[C@@H](CCCC)CC)c1c(s3)c3c(s1)c1c([C@@]3(c3ccc(cc3)C[C@@H](CCCC)CC)c3ccc(cc3)C[C@H](CCCC)CC)c3c(s1)cc(s3)/C=C/1\C(=O)c3c(C1=C(C#N)C#N)cc(c(c3)F)F)/C2=C(C#N)C#N)F
O=C(C1=C(CCC(CCCC)CC)SC(CCC(CC)CCCC)=C1C2=O)C(C2=C(C3)C(C4)=CC=C4C5=CC6=C(C(C7=CC=C(CCC(CCCC)CC)S7)=C8C=CSC8=C6C9=CC=C(CCC(CCCC)CC)S9)S5)=C3C%10=CC=CS%10,O=C(C/1=C\c2cc3sc4c(C(c5ccc(CCCCCC)cc5)(c6ccc(CCCCCC)cc6)c7c8sc9c(C(c%10ccc(CCCCCC)cc%10)(c%11ccc(CCCCCC)cc%11)c%12c%13sc(/C=C%14C(c%15ccc(Cl)cc%15C\%14=C(C#N)\C#N)=O)cc%13sc%129)c8sc74)c3s2)c%16ccc(Cl)cc%16C1=C(C#N)/C#N,12.2,O=C(C1=C(CCC(CCCC)CC)SC(CCC(CC)CCCC)=C1C2=O)C(C2=C(C3)C(C4)=CC=C4C5=CC6=C(C(C7=CC=C(CCC(CCCC)CC)S7)=C8C=CSC8=C6C9=CC=C(CCC(CCCC)CC)S9)S5)=C3C%10=CC=CS%10||O=C(C/1=C\c2cc3sc4c(C(c5ccc(CCCCCC)cc5)(c6ccc(CCCCCC)cc6)c7c8sc9c(C(c%10ccc(CCCCCC)cc%10)(c%11ccc(CCCCCC)cc%11)c%12c%13sc(/C=C%14C(c%15ccc(Cl)cc%15C\%14=C(C#N)\C#N)=O)cc%13sc%129)c8sc74)c3s2)c%16ccc(Cl)cc%16C1=C(C#N)/C#N
FC1=C(C2=CC=C(C3=CC4=C(C5=CC=C(CC(CCCC)CC)S5)C(SC(C)=C6)=C6C(C7=CC=C(CC(CCCC)CC)S7)=C4S3)S2)C8=NN(CC(CCCCCC)CCCCCCCC)N=C8C(C9=CC=C(C%10=CC(C(C%11=CC=C(CC(CCCC)CC)S%11)=C(S%12)C(C=C%12C)=C%13C%14SC(CC(CCCC)CC)=CC%14)=C%13S%10)S9)=C1F,O=C(C(C(Cl)=C(Cl)C=C1)=C1C/2=C(C#N)\C#N)C2=C\C3=CSC(C4=CC5=C(C(C=C6C(C7=CC=C(C=C7)CCCCCC)(C8=CC=C(C=C8)CCCCCC)C9=C(SC(C%10=C(OCCCCCCCC)C(/C=C%11C(C(C=C(Cl)C(Cl)=C%12)=C%12C/%11=C(C#N)/C#N)=O)=CS%10)=C9)C6=C%13)=C%13C5(C%14=CC=C(CCCCCC)C=C%14)C(C=C%15)=CC=C%15CCCCCC)S4)=C3OCCCCCCCC,12.16,FC1=C(C2=CC=C(C3=CC4=C(C5=CC=C(CC(CCCC)CC)S5)C(SC(C)=C6)=C6C(C7=CC=C(CC(CCCC)CC)S7)=C4S3)S2)C8=NN(CC(CCCCCC)CCCCCCCC)N=C8C(C9=CC=C(C%10=CC(C(C%11=CC=C(CC(CCCC)CC)S%11)=C(S%12)C(C=C%12C)=C%13C%14SC(CC(CCCC)CC)=CC%14)=C%13S%10)S9)=C1F||O=C(C(C(Cl)=C(Cl)C=C1)=C1C/2=C(C#N)\C#N)C2=C\C3=CSC(C4=CC5=C(C(C=C6C(C7=CC=C(C=C7)CCCCCC)(C8=CC=C(C=C8)CCCCCC)C9=C(SC(C%10=C(OCCCCCCCC)C(/C=C%11C(C(C=C(Cl)C(Cl)=C%12)=C%12C/%11=C(C#N)/C#N)=O)=CS%10)=C9)C6=C%13)=C%13C5(C%14=CC=C(CCCCCC)C=C%14)C(C=C%15)=CC=C%15CCCCCC)S4)=C3OCCCCCCCC
FC1=C(C(OCC(CCCC)CC)=O)SC2=CSC(C3=CC4=C(C5=C(C(C6=CC=C(CC(CC)CCCC)S6)=C4S3)C=CS5)C7=CC=C(CC(CC)CCCC)S7)=C12,CCCCCCC(C=C1)=CC=C1C2(C3=CC=C(C=C3)CCCCCC)C4=C(C5=C2C(SC6=C7C(C8=CC=C(C=C8)CCCCCC)(C9=C6SC%10=C9SC(/C=C%11C(C(C=CC=C%12F)=C%12C\%11=C(C#N)\C#N)=O)=C%10)C%13=CC=C(C=C%13)CCCCCC)=C7S5)SC%14=C4SC(/C=C(C(C%15=CC=CC(F)=C%15%16)=O)/C%16=C(C#N)/C#N)=C%14,12.1,FC1=C(C(OCC(CCCC)CC)=O)SC2=CSC(C3=CC4=C(C5=C(C(C6=CC=C(CC(CC)CCCC)S6)=C4S3)C=CS5)C7=CC=C(CC(CC)CCCC)S7)=C12||CCCCCCC(C=C1)=CC=C1C2(C3=CC=C(C=C3)CCCCCC)C4=C(C5=C2C(SC6=C7C(C8=CC=C(C=C8)CCCCCC)(C9=C6SC%10=C9SC(/C=C%11C(C(C=CC=C%12F)=C%12C\%11=C(C#N)\C#N)=O)=C%10)C%13=CC=C(C=C%13)CCCCCC)=C7S5)SC%14=C4SC(/C=C(C(C%15=CC=CC(F)=C%15%16)=O)/C%16=C(C#N)/C#N)=C%14
CC1=CC=C(S1)C2=C(C(C3=C(CC(CCCC)CC)CC(CC(CCCC)CC)=C3C4=O)=O)C4=C(C5=CC=C(S5)C6=CC7=C(C8=C(C(C9=CC(Cl)=C(S9)CC(CCCC)CC)=C7S6)C=C(C)S8)C%10=CC(Cl)=C(S%10)CC(CCCC)CC)S2,c1(c(cc2c(c1)C(=O)/C(=C\c1sc3c(c1)sc1c3C(c3c1sc1c3sc3c1C(c1c3sc3c1sc(c3)/C=C/1\C(=O)c3c(C1=C(C#N)C#N)cc(c(c3)Cl)Cl)(c1ccc(cc1)CCCCCC)c1ccc(cc1)CCCCCC)(c1ccc(cc1)CCCCCC)c1ccc(cc1)CCCCCC)/C2=C(C#N)C#N)Cl)Cl,12.01,CC1=CC=C(S1)C2=C(C(C3=C(CC(CCCC)CC)CC(CC(CCCC)CC)=C3C4=O)=O)C4=C(C5=CC=C(S5)C6=CC7=C(C8=C(C(C9=CC(Cl)=C(S9)CC(CCCC)CC)=C7S6)C=C(C)S8)C%10=CC(Cl)=C(S%10)CC(CCCC)CC)S2||c1(c(cc2c(c1)C(=O)/C(=C\c1sc3c(c1)sc1c3C(c3c1sc1c3sc3c1C(c1c3sc3c1sc(c3)/C=C/1\C(=O)c3c(C1=C(C#N)C#N)cc(c(c3)Cl)Cl)(c1ccc(cc1)CCCCCC)c1ccc(cc1)CCCCCC)(c1ccc(cc1)CCCCCC)c1ccc(cc1)CCCCCC)/C2=C(C#N)C#N)Cl)Cl
CC(SC(C1=CC(C(S1)=C(C2C=C(C)SC23)C4=CC=C(S4)CC(CC)CCCC)=C3C5=CC=C(S5)CC(CCCC)CC)=C6S7)=C6C(F)=C7C(OCC(CC)CCCC)=O,S=C(N(C/1=O)CC)SC1=C/C(C2=NSN=C32)=CC=C3C4=CC(C5(CCCCCCCC)CCCCCCCC)=C(C(C=C6C7(CCCCCCCC)CCCCCCCC)=C5C=C6C8=C7C=C(C9=CC=C(C%10=NSN=C9%10)/C=C%11SC(N(C\%11=O)CC)=S)S8)S4,12.0,CC(SC(C1=CC(C(S1)=C(C2C=C(C)SC23)C4=CC=C(S4)CC(CC)CCCC)=C3C5=CC=C(S5)CC(CCCC)CC)=C6S7)=C6C(F)=C7C(OCC(CC)CCCC)=O||S=C(N(C/1=O)CC)SC1=C/C(C2=NSN=C32)=CC=C3C4=CC(C5(CCCCCCCC)CCCCCCCC)=C(C(C=C6C7(CCCCCCCC)CCCCCCCC)=C5C=C6C8=C7C=C(C9=CC=C(C%10=NSN=C9%10)/C=C%11SC(N(C\%11=O)CC)=S)S8)S4
CC1=CC=C(S1)C2=C(C(C3=C(CC(CCCC)CC)CC(CC(CCCC)CC)=C3C4=O)=O)C4=C(C5=CC=C(S5)C6=CC7=C(C8=C(C(C9=CC(Cl)=C(S9)CC(CCCC)CC)=C7S6)C=C(C)S8)C%10=CC(Cl)=C(S%10)CC(CCCC)CC)S2,CCCCCCC1=CC=C(C2(C3=CC=C(CCCCCC)C=C3)C4=C(C5=C2C=C(S5)/C=C6C(C7=C(C/6=C(C#N)/C#N)C=C(Cl)C7)=O)[Se]C8=CC9=C([Se]C%10=C9C(C%11=CC=C(CCCCCC)C=C%11)(C%12=CC=C(CCCCCC)C=C%12)C%13=C%10SC(/C=C%14\C(C%15=C(SC(Cl)=C%15)C%14=O)=C(C#N)/C#N)=C%13)C=C84)C=C1,11.91,CC1=CC=C(S1)C2=C(C(C3=C(CC(CCCC)CC)CC(CC(CCCC)CC)=C3C4=O)=O)C4=C(C5=CC=C(S5)C6=CC7=C(C8=C(C(C9=CC(Cl)=C(S9)CC(CCCC)CC)=C7S6)C=C(C)S8)C%10=CC(Cl)=C(S%10)CC(CCCC)CC)S2||CCCCCCC1=CC=C(C2(C3=CC=C(CCCCCC)C=C3)C4=C(C5=C2C=C(S5)/C=C6C(C7=C(C/6=C(C#N)/C#N)C=C(Cl)C7)=O)[Se]C8=CC9=C([Se]C%10=C9C(C%11=CC=C(CCCCCC)C=C%11)(C%12=CC=C(CCCCCC)C=C%12)C%13=C%10SC(/C=C%14\C(C%15=C(SC(Cl)=C%15)C%14=O)=C(C#N)/C#N)=C%13)C=C84)C=C1
FC1=C(C2=CC=C(C3=CC4=C(C5=CC=C(SCCCCCCCCCCCC)S5)C(SC(C)=C6)=C6C(C7=CC=C(SCCCCCCCCCCCC)S7)=C4S3)S2)C8=NN(CC(CCCCCC)CCCCCCCC)N=C8C(C9=CC=C(C%10=CC(C(C%11=CC=C(SCCCCCCCCCCCC)S%11)=C(S%12)C(C=C%12C)=C%13C%14=CC=C(SCCCCCCCCCCCC)S%14)=C%13S%10)S9)=C1F,c12cc3c(cc1C(c1c2sc2c1sc(c2)/C=C\1/C(=C(C#N)C#N)c2c(C1=O)cccc2)(c1cccc(c1)CCCCCC)c1cc(ccc1)CCCCCC)c1c(C3(c2cc(ccc2)CCCCCC)c2cccc(c2)CCCCCC)c2c(s1)cc(s2)/C=C\1/C(=C(C#N)C#N)c2c(C1=O)cccc2,11.77,FC1=C(C2=CC=C(C3=CC4=C(C5=CC=C(SCCCCCCCCCCCC)S5)C(SC(C)=C6)=C6C(C7=CC=C(SCCCCCCCCCCCC)S7)=C4S3)S2)C8=NN(CC(CCCCCC)CCCCCCCC)N=C8C(C9=CC=C(C%10=CC(C(C%11=CC=C(SCCCCCCCCCCCC)S%11)=C(S%12)C(C=C%12C)=C%13C%14=CC=C(SCCCCCCCCCCCC)S%14)=C%13S%10)S9)=C1F||c12cc3c(cc1C(c1c2sc2c1sc(c2)/C=C\1/C(=C(C#N)C#N)c2c(C1=O)cccc2)(c1cccc(c1)CCCCCC)c1cc(ccc1)CCCCCC)c1c(C3(c2cc(ccc2)CCCCCC)c2cccc(c2)CCCCCC)c2c(s1)cc(s2)/C=C\1/C(=C(C#N)C#N)c2c(C1=O)cccc2
CC1=CC=C(C(C2=NN(N=C2C(C3=CC=C(C4=C(C=C(S4)C5=C6C(C=CS6)=C(C7=CC(CC(CCCCCCCCCC)CCCCCCCCCCCC)=C(S7)C)C8=C5C=CS8)CC(CCCCCCCCCCCC)CCCCCCCCCC)S3)=C9F)CCC)=C9F)S1,O=C(/C(S1)=C/C(C2=NSN=C32)=CC=C3C(S4)=CC(C5(C6=CC=C(CCCCCC)C=C6)C7=CC=C(CCCCCC)C=C7)=C4C(C=C89)=C5C=C8C(SC(C%10=CC=C(/C=C%11SC(N(CC)C\%11=O)=S)C%12=NSN=C%10%12)=C%13)=C%13C9(C%14=CC=C(CCCCCC)C=C%14)C%15=CC=C(CCCCCC)C=C%15)N(CC)C1=S,11.6,CC1=CC=C(C(C2=NN(N=C2C(C3=CC=C(C4=C(C=C(S4)C5=C6C(C=CS6)=C(C7=CC(CC(CCCCCCCCCC)CCCCCCCCCCCC)=C(S7)C)C8=C5C=CS8)CC(CCCCCCCCCCCC)CCCCCCCCCC)S3)=C9F)CCC)=C9F)S1||O=C(/C(S1)=C/C(C2=NSN=C32)=CC=C3C(S4)=CC(C5(C6=CC=C(CCCCCC)C=C6)C7=CC=C(CCCCCC)C=C7)=C4C(C=C89)=C5C=C8C(SC(C%10=CC=C(/C=C%11SC(N(CC)C\%11=O)=S)C%12=NSN=C%10%12)=C%13)=C%13C9(C%14=CC=C(CCCCCC)C=C%14)C%15=CC=C(CCCCCC)C=C%15)N(CC)C1=S
FC1=C(C(OCC(CCCC)CC)=O)SC2=CSC(C3=CC4=C(C5=C(C(C6=CC=C(CC(CC)CCCC)S6)=C4S3)C=CS5)C7=CC=C(CC(CC)CCCC)S7)=C12,FC1=C(F)C=C(C/2=C(C#N)\C#N)C(C(C2=C/C(S3)=CC(S4)=C3C5=C4C(SC6=C7SC8=C6OC(C9=C8CC%10=C9SC(/C=C%11C(C%12=CC(F)=C(F)C=C%12C\%11=C(C#N)/C#N)=O)=C%10)(C%13=CC=C(CCCCCC)C=C%13)C%14=CC=C(CCCCCC)C=C%14)=C7OC5(C%15=CC=C(CCCCCC)C=C%15)C%16=CC=C(CCCCCC)C=C%16)=O)=C1,11.47,FC1=C(C(OCC(CCCC)CC)=O)SC2=CSC(C3=CC4=C(C5=C(C(C6=CC=C(CC(CC)CCCC)S6)=C4S3)C=CS5)C7=CC=C(CC(CC)CCCC)S7)=C12||FC1=C(F)C=C(C/2=C(C#N)\C#N)C(C(C2=C/C(S3)=CC(S4)=C3C5=C4C(SC6=C7SC8=C6OC(C9=C8CC%10=C9SC(/C=C%11C(C%12=CC(F)=C(F)C=C%12C\%11=C(C#N)/C#N)=O)=C%10)(C%13=CC=C(CCCCCC)C=C%13)C%14=CC=C(CCCCCC)C=C%14)=C7OC5(C%15=CC=C(CCCCCC)C=C%15)C%16=CC=C(CCCCCC)C=C%16)=O)=C1
FC1=C(C2=CC=C(C3=CC4=C(C5=CC=C(CC(CCCC)CC)S5)C(SC(C)=C6)=C6C(C7=CC=C(CC(CCCC)CC)S7)=C4S3)S2)C8=NN(CC(CCCCCC)CCCCCCCC)N=C8C(C9=CC=C(C%10=CC(C(C%11=CC=C(CC(CCCC)CC)S%11)=C(S%12)C(C=C%12C)=C%13C%14SC(CC(CCCC)CC)=CC%14)=C%13S%10)S9)=C1F,O=C(C(C=C(Cl)C=C1)=C1C/2=C(C#N)\C#N)C2=C\C3=CSC(C4=CC5=C(C(C=C6C(C7=CC=C(C=C7)CCCCCC)(C8=CC=C(C=C8)CCCCCC)C9=C(SC(C%10=C(OCCCCCCCC)C(/C=C%11C(C(C=C(Cl)C=C%12)=C%12C/%11=C(C#N)/C#N)=O)=CS%10)=C9)C6=C%13)=C%13C5(C%14=CC=C(CCCCCC)C=C%14)C(C=C%15)=CC=C%15CCCCCC)S4)=C3OCCCCCCCC,11.45,FC1=C(C2=CC=C(C3=CC4=C(C5=CC=C(CC(CCCC)CC)S5)C(SC(C)=C6)=C6C(C7=CC=C(CC(CCCC)CC)S7)=C4S3)S2)C8=NN(CC(CCCCCC)CCCCCCCC)N=C8C(C9=CC=C(C%10=CC(C(C%11=CC=C(CC(CCCC)CC)S%11)=C(S%12)C(C=C%12C)=C%13C%14SC(CC(CCCC)CC)=CC%14)=C%13S%10)S9)=C1F||O=C(C(C=C(Cl)C=C1)=C1C/2=C(C#N)\C#N)C2=C\C3=CSC(C4=CC5=C(C(C=C6C(C7=CC=C(C=C7)CCCCCC)(C8=CC=C(C=C8)CCCCCC)C9=C(SC(C%10=C(OCCCCCCCC)C(/C=C%11C(C(C=C(Cl)C=C%12)=C%12C/%11=C(C#N)/C#N)=O)=CS%10)=C9)C6=C%13)=C%13C5(C%14=CC=C(CCCCCC)C=C%14)C(C=C%15)=CC=C%15CCCCCC)S4)=C3OCCCCCCCC
FC(C(F)=C(C1=NC(C2=CC=C(C(OCCCCCCCC)=C2)OCCCCCCCC)=C(N=C31)C4=CC=C(C(OCCCCCCCC)=C4)OCCCCCCCC)C)=C3C(S5)=CC=C5C(C=C6)=CC=C6C7=CC=C(C)S7,O=C(C1=CC=CC=C1C/2=C(C#N)\C#N)C2=C/C3=CC4=C(C(C(C5=CC=C(CCCCCC)S5)(C6=C7C=C8C(C9=CC=C(S9)CCCCCC)(C%10=CC=C(S%10)CCCCCC)C%11=C(SC%12=C%11SC(/C=C%13C(C%14=CC=CC=C%14C\%13=C(C#N)\C#N)=O)=C%12)C8=C6)C(S%15)=CC=C%15CCCCCC)=C7S4)S3,11.39,FC(C(F)=C(C1=NC(C2=CC=C(C(OCCCCCCCC)=C2)OCCCCCCCC)=C(N=C31)C4=CC=C(C(OCCCCCCCC)=C4)OCCCCCCCC)C)=C3C(S5)=CC=C5C(C=C6)=CC=C6C7=CC=C(C)S7||O=C(C1=CC=CC=C1C/2=C(C#N)\C#N)C2=C/C3=CC4=C(C(C(C5=CC=C(CCCCCC)S5)(C6=C7C=C8C(C9=CC=C(S9)CCCCCC)(C%10=CC=C(S%10)CCCCCC)C%11=C(SC%12=C%11SC(/C=C%13C(C%14=CC=CC=C%14C\%13=C(C#N)\C#N)=O)=C%12)C8=C6)C(S%15)=CC=C%15CCCCCC)=C7S4)S3
CCC(CCCC)CC(S1)=CC=C1C(C2=C3SC(C4=CC=C(C5=C(C(OCC(CC)CCCC)=O)C6=C(C(C(OCC(CCCCCC)CC)=O)=C(C7=CC=C(C)S7)S6)S5)S4)=C2)=C8SC(C)=CC8=C3C9=CC=C(S9)CC(CCCC)CC,O=C(C1=CC=CC=C1C/2=C(C#N)/C#N)C2=C/C3=CC(SC4C5C(C)=C(C(C6=CC=C(C=C6)CCCCCC)(C7=CC=C(C=C7)CCCCCC)C8=CSC9=C8SC(/C=C%10C(C(C=CC=C%11)=C%11C\%10=C(C#N)/C#N)=C)=C9)C=C(C)C5C(C%12=CC=C(C=C%12)CCCCCC)(C%13=CC=C(C=C%13)CCCCCC)C%144)=C%14S3,11.38,CCC(CCCC)CC(S1)=CC=C1C(C2=C3SC(C4=CC=C(C5=C(C(OCC(CC)CCCC)=O)C6=C(C(C(OCC(CCCCCC)CC)=O)=C(C7=CC=C(C)S7)S6)S5)S4)=C2)=C8SC(C)=CC8=C3C9=CC=C(S9)CC(CCCC)CC||O=C(C1=CC=CC=C1C/2=C(C#N)/C#N)C2=C/C3=CC(SC4C5C(C)=C(C(C6=CC=C(C=C6)CCCCCC)(C7=CC=C(C=C7)CCCCCC)C8=CSC9=C8SC(/C=C%10C(C(C=CC=C%11)=C%11C\%10=C(C#N)/C#N)=C)=C9)C=C(C)C5C(C%12=CC=C(C=C%12)CCCCCC)(C%13=CC=C(C=C%13)CCCCCC)C%144)=C%14S3
O=C(C1=C(CCC(CCCC)CC)SC(CCC(CC)CCCC)=C1C2=O)C(C2=C(C3)C(C4)=CC=C4C5=CC6=C(C(C7=CC=C(CCC(CCCC)CC)S7)=C8C=CSC8=C6C9=CC=C(CCC(CCCC)CC)S9)S5)=C3C%10=CC=CS%10,c1ccc2c(c1)C(=O)/C(=C\c1sc3c(c1)sc1c3C(c3c1sc1c3sc3c1C(c1c3sc3c1sc(c3)/C=C/1\C(=O)c3c(C1=C(C#N)C#N)cccc3)(c1ccc(cc1)CCCCCC)c1ccc(cc1)CCCCCC)(c1ccc(cc1)CCCCCC)c1ccc(cc1)CCCCCC)/C2=C(C#N)C#N,11.3,O=C(C1=C(CCC(CCCC)CC)SC(CCC(CC)CCCC)=C1C2=O)C(C2=C(C3)C(C4)=CC=C4C5=CC6=C(C(C7=CC=C(CCC(CCCC)CC)S7)=C8C=CSC8=C6C9=CC=C(CCC(CCCC)CC)S9)S5)=C3C%10=CC=CS%10||c1ccc2c(c1)C(=O)/C(=C\c1sc3c(c1)sc1c3C(c3c1sc1c3sc3c1C(c1c3sc3c1sc(c3)/C=C/1\C(=O)c3c(C1=C(C#N)C#N)cccc3)(c1ccc(cc1)CCCCCC)c1ccc(cc1)CCCCCC)(c1ccc(cc1)CCCCCC)c1ccc(cc1)CCCCCC)/C2=C(C#N)C#N
O=C(C1=C(CCC(CCCC)CC)SC(CCC(CC)CCCC)=C1C2=O)C(C2=C(C3)C(C4)=CC=C4C5=CC6=C(C(C7=CC=C(CCC(CCCC)CC)S7)=C8C=CSC8=C6C9=CC=C(CCC(CCCC)CC)S9)S5)=C3C%10=CC=CS%10,c1(c(cc2c(c1)C(=O)/C(=C\c1sc3c(c1)sc1c3C(c3c1sc1c3sc3c1C(c1c3sc3c1sc(c3)/C=C/1\C(=O)c3c(C1=C(C#N)C#N)cc(c(c3)Cl)Cl)(c1ccc(cc1)CCCCCC)c1ccc(cc1)CCCCCC)(c1ccc(cc1)CCCCCC)c1ccc(cc1)CCCCCC)/C2=C(C#N)C#N)Cl)Cl,11.2,O=C(C1=C(CCC(CCCC)CC)SC(CCC(CC)CCCC)=C1C2=O)C(C2=C(C3)C(C4)=CC=C4C5=CC6=C(C(C7=CC=C(CCC(CCCC)CC)S7)=C8C=CSC8=C6C9=CC=C(CCC(CCCC)CC)S9)S5)=C3C%10=CC=CS%10||c1(c(cc2c(c1)C(=O)/C(=C\c1sc3c(c1)sc1c3C(c3c1sc1c3sc3c1C(c1c3sc3c1sc(c3)/C=C/1\C(=O)c3c(C1=C(C#N)C#N)cc(c(c3)Cl)Cl)(c1ccc(cc1)CCCCCC)c1ccc(cc1)CCCCCC)(c1ccc(cc1)CCCCCC)c1ccc(cc1)CCCCCC)/C2=C(C#N)C#N)Cl)Cl
FC(C(F)=C(C1=NSN=C21)C3=CC(CC(CCCCCCCCCCCC)CCCCCCCCCC)=C(S3)C4=CC=C(S4)C5=CC=C(S5)C)=C2C6=CC(CC(CCCCCCCCCCCC)CCCCCCCCCC)=C(C)S6,C1(=S)N(C(=O)/C(=C/c2c3c(c(cc2)c2sc4c(c2)[C@](c2c4cc4c(c2)c2c([C@]4(C[C@H](CC)CCCC)C[C@@H](CC)CCCC)cc(s2)c2ccc(c4c2nsn4)/C=C/2\SC(=S)N(C2=O)CC)(C[C@@H](CCCC)CC)C[C@H](CCCC)CC)nsn3)/S1)CC,11.1,FC(C(F)=C(C1=NSN=C21)C3=CC(CC(CCCCCCCCCCCC)CCCCCCCCCC)=C(S3)C4=CC=C(S4)C5=CC=C(S5)C)=C2C6=CC(CC(CCCCCCCCCCCC)CCCCCCCCCC)=C(C)S6||C1(=S)N(C(=O)/C(=C/c2c3c(c(cc2)c2sc4c(c2)[C@](c2c4cc4c(c2)c2c([C@]4(C[C@H](CC)CCCC)C[C@@H](CC)CCCC)cc(s2)c2ccc(c4c2nsn4)/C=C/2\SC(=S)N(C2=O)CC)(C[C@@H](CCCC)CC)C[C@H](CCCC)CC)nsn3)/S1)CC
FC1=C(C(OCC(CCCC)CC)=O)SC2=CSC(C3=CC4=C(C5=C(C(C6=CC=C(CC(CC)CCCC)S6)=C4S3)C=CS5)C7=CC=C(CC(CC)CCCC)S7)=C12,O=C(C1=C(C=CC=C1)C/2=C(C#N)\C#N)C2=C/C3=CC4=C(C(C5(C6=CC=C(CCCCCC)C=C6)C7=CC=C(CCCCCC)C=C7)=C(C8=C5C(SC9=C%10C(C%11=CC=C(CCCCCC)C=C%11)(C%12=C9SC%13=C%12SC(/C=C%14C(C%15=C(C=CC=C%15)C\%14=C(C#N)\C#N)=O)=C%13)C%16=CC=C(CCCCCC)C=C%16)=C%10S8)S4)S3,11.07,FC1=C(C(OCC(CCCC)CC)=O)SC2=CSC(C3=CC4=C(C5=C(C(C6=CC=C(CC(CC)CCCC)S6)=C4S3)C=CS5)C7=CC=C(CC(CC)CCCC)S7)=C12||O=C(C1=C(C=CC=C1)C/2=C(C#N)\C#N)C2=C/C3=CC4=C(C(C5(C6=CC=C(CCCCCC)C=C6)C7=CC=C(CCCCCC)C=C7)=C(C8=C5C(SC9=C%10C(C%11=CC=C(CCCCCC)C=C%11)(C%12=C9SC%13=C%12SC(/C=C%14C(C%15=C(C=CC=C%15)C\%14=C(C#N)\C#N)=O)=C%13)C%16=CC=C(CCCCCC)C=C%16)=C%10S8)S4)S3
CC(S1)=CC=C1C(C2=NN(CC(CCCCCCCC)CCCCCC)N=C32)=C(F)C(F)=C3C4=CC=C(C(S5)=CC(C5=C6C7=CC=C(SCC(CCCC)CCCCCC)S7)=C(C8=CC=C(SCC(CCCC)CCCCCC)S8)C9=C6C=C(C)S9)S4,O=C(C(C=CC=C1)=C1C/2=C(C#N)\C#N)C2=C\C3=CC(C(C4=CC=C(CCCCCC)C=C4)(C5=CC=C(CCCCCC)C=C5)C6=C7SC8=C6C(C9=CC=C(C=C9)SCC(CC)CCCC)=C%10C(C(SC%11=C%12C(C%13=CC=C(C=C%13)CCCCCC)(C%14=C%11SC(/C=C%15C(C(C=CC=C%16)=C%16C/%15=C(C#N)/C#N)=O)=C%14)C%17=CC=C(C=C%17)CCCCCC)=C%12S%10)=C8C%18=CC=C(C=C%18)SCC(CCCC)CC)=C7S3,11.06,CC(S1)=CC=C1C(C2=NN(CC(CCCCCCCC)CCCCCC)N=C32)=C(F)C(F)=C3C4=CC=C(C(S5)=CC(C5=C6C7=CC=C(SCC(CCCC)CCCCCC)S7)=C(C8=CC=C(SCC(CCCC)CCCCCC)S8)C9=C6C=C(C)S9)S4||O=C(C(C=CC=C1)=C1C/2=C(C#N)\C#N)C2=C\C3=CC(C(C4=CC=C(CCCCCC)C=C4)(C5=CC=C(CCCCCC)C=C5)C6=C7SC8=C6C(C9=CC=C(C=C9)SCC(CC)CCCC)=C%10C(C(SC%11=C%12C(C%13=CC=C(C=C%13)CCCCCC)(C%14=C%11SC(/C=C%15C(C(C=CC=C%16)=C%16C/%15=C(C#N)/C#N)=O)=C%14)C%17=CC=C(C=C%17)CCCCCC)=C%12S%10)=C8C%18=CC=C(C=C%18)SCC(CCCC)CC)=C7S3
CCC(CCCC)CC(S1)=CC=C1C(C2=C3SC(C4=CC=C(C5=C(C(OCC(CC)CCCC)=O)C6=C(C(C(OCC(CCCCCC)CC)=O)=C(C7=CC=C(C)S7)S6)S5)S4)=C2)=C8SC(C)=CC8=C3C9=CC=C(S9)CC(CCCC)CC,O=C(C1=CC=CC=C1C/2=C(C#N)\C#N)C2=C/C3=CC4=C(C(C5(C6=CC=C(C=C6)CCCCCC)C(C=C7)=CC=C7CCCCCC)=C(C8=C5C9=C(C%10=C(C%11=C(C%10(C%12=CC=C(CCCCCC)C=C%12)C%13=CC=C(CCCCCC)C=C%13)C%14=C(C=C(S%14)/C=C%15C(C%16=CC=CC=C%16C\%15=C(C#N)\C#N)=O)S%11)S9)S8)S4)S3,11.03,CCC(CCCC)CC(S1)=CC=C1C(C2=C3SC(C4=CC=C(C5=C(C(OCC(CC)CCCC)=O)C6=C(C(C(OCC(CCCCCC)CC)=O)=C(C7=CC=C(C)S7)S6)S5)S4)=C2)=C8SC(C)=CC8=C3C9=CC=C(S9)CC(CCCC)CC||O=C(C1=CC=CC=C1C/2=C(C#N)\C#N)C2=C/C3=CC4=C(C(C5(C6=CC=C(C=C6)CCCCCC)C(C=C7)=CC=C7CCCCCC)=C(C8=C5C9=C(C%10=C(C%11=C(C%10(C%12=CC=C(CCCCCC)C=C%12)C%13=CC=C(CCCCCC)C=C%13)C%14=C(C=C(S%14)/C=C%15C(C%16=CC=CC=C%16C\%15=C(C#N)\C#N)=O)S%11)S9)S8)S4)S3
FC1=C(C2=CC=C(C3=CC4=C(C5=CC=C(SCCCCCCCCCCCC)S5)C(SC(C)=C6)=C6C(C7=CC=C(SCCCCCCCCCCCC)S7)=C4S3)S2)C8=NN(CC(CCCCCC)CCCCCCCC)N=C8C(C9=CC=C(C%10=CC(C(C%11=CC=C(SCCCCCCCCCCCC)S%11)=C(S%12)C(C=C%12C)=C%13C%14=CC=C(SCCCCCCCCCCCC)S%14)=C%13S%10)S9)=C1F,O=C(C1=CC=CC=C1C/2=C(C#N)/C#N)C2=C/C3=C(C4=CC=C(CCCCCC)C=C4)C5=C(S3)C6=C(S5)C(C7=NSN=C7C8=C9N(C%10=CC=C(CCCCCC)C=C%10)C%11=C8SC%12=C%11SC(/C=C%13C(C%14=CC=CC=C%14C\%13=C(C#N)\C#N)=O)=C%12C%15=CC=C(CCCCCC)C=C%15)=C9N6C%16=CC=C(CCCCCC)C=C%16,11.0,FC1=C(C2=CC=C(C3=CC4=C(C5=CC=C(SCCCCCCCCCCCC)S5)C(SC(C)=C6)=C6C(C7=CC=C(SCCCCCCCCCCCC)S7)=C4S3)S2)C8=NN(CC(CCCCCC)CCCCCCCC)N=C8C(C9=CC=C(C%10=CC(C(C%11=CC=C(SCCCCCCCCCCCC)S%11)=C(S%12)C(C=C%12C)=C%13C%14=CC=C(SCCCCCCCCCCCC)S%14)=C%13S%10)S9)=C1F||O=C(C1=CC=CC=C1C/2=C(C#N)/C#N)C2=C/C3=C(C4=CC=C(CCCCCC)C=C4)C5=C(S3)C6=C(S5)C(C7=NSN=C7C8=C9N(C%10=CC=C(CCCCCC)C=C%10)C%11=C8SC%12=C%11SC(/C=C%13C(C%14=CC=CC=C%14C\%13=C(C#N)\C#N)=O)=C%12C%15=CC=C(CCCCCC)C=C%15)=C9N6C%16=CC=C(CCCCCC)C=C%16
O=C1C(C=CS2)=C2C3=C(C=C(S3)C4=CC5=C(C6=C(C(C7=CC=C(S7)CC(CC)CCCC)=C5S4)C=C(C)S6)C8=CC=C(S8)CC(CCCC)CC)N1CC(CCCCCCCCCC)CCCCCCCC,c1(cc2c(cc1F)C(=O)/C(=C\c1cc3c(s1)c1c(s3)c3c(C1(c1ccc(cc1)CCCCCC)c1ccc(cc1)CCCCCC)cc1c(c3)C(c3c1sc1c3sc(c1)/C=C/1\C(=O)c3c(C1=C(C#N)C#N)cc(c(c3)F)F)(c1ccc(cc1)CCCCCC)c1ccc(cc1)CCCCCC)/C2=C(C#N)C#N)F,10.96,O=C1C(C=CS2)=C2C3=C(C=C(S3)C4=CC5=C(C6=C(C(C7=CC=C(S7)CC(CC)CCCC)=C5S4)C=C(C)S6)C8=CC=C(S8)CC(CCCC)CC)N1CC(CCCCCCCCCC)CCCCCCCC||c1(cc2c(cc1F)C(=O)/C(=C\c1cc3c(s1)c1c(s3)c3c(C1(c1ccc(cc1)CCCCCC)c1ccc(cc1)CCCCCC)cc1c(c3)C(c3c1sc1c3sc(c1)/C=C/1\C(=O)c3c(C1=C(C#N)C#N)cc(c(c3)F)F)(c1ccc(cc1)CCCCCC)c1ccc(cc1)CCCCCC)/C2=C(C#N)C#N)F
FC(C(F)=C(C1=N2)C3=CC=C(S3)C4=CC5=C(C6=C(C(C7=CC=C(C=C7)[S]CCCCCCCC)=C5S4)C=C(C)S6)C8=CC=C(C=C8)[S]CCCCCCCC)=C(C9=CC=C(C)S9)C1=NN2CCCCCCCCCCCCCCCC,c12cc3c(cc1C(c1c2sc2c1sc(c2)/C=C\1/C(=C(C#N)C#N)c2c(C1=O)cccc2)(c1ccc(cc1)CCCCCC)c1ccc(cc1)CCCCCC)c1c(C3(c2ccc(cc2)CCCCCC)c2ccc(cc2)CCCCCC)c2c(s1)cc(s2)/C=C\1/C(=C(C#N)C#N)c2c(C1=O)cccc2,10.86,FC(C(F)=C(C1=N2)C3=CC=C(S3)C4=CC5=C(C6=C(C(C7=CC=C(C=C7)[S]CCCCCCCC)=C5S4)C=C(C)S6)C8=CC=C(C=C8)[S]CCCCCCCC)=C(C9=CC=C(C)S9)C1=NN2CCCCCCCCCCCCCCCC||c12cc3c(cc1C(c1c2sc2c1sc(c2)/C=C\1/C(=C(C#N)C#N)c2c(C1=O)cccc2)(c1ccc(cc1)CCCCCC)c1ccc(cc1)CCCCCC)c1c(C3(c2ccc(cc2)CCCCCC)c2ccc(cc2)CCCCCC)c2c(s1)cc(s2)/C=C\1/C(=C(C#N)C#N)c2c(C1=O)cccc2
FC1=C(C2=CC=C(C3=CC4=C(C5=CC=C(CC(CCCC)CC)S5)C(SC(C)=C6)=C6C(C7=CC=C(CC(CCCC)CC)S7)=C4S3)S2)C8=NN(CC(CCCCCC)CCCCCCCC)N=C8C(C9=CC=C(C%10=CC(C(C%11=CC=C(CC(CCCC)CC)S%11)=C(S%12)C(C=C%12C)=C%13C%14SC(CC(CCCC)CC)=CC%14)=C%13S%10)S9)=C1F,O=C(C(C=C(Cl)C(Cl)=C1)=C1C/2=C(C#N)/C#N)C2=C/C3=CC(C4(CC(CCCC)CC)CC(CCCC)CC)=C(S3)C(S5)=C4C=C5C6=C7N=C(C8=CC=C(C=C8)CCCCCC)C(C9=CC=C(C=C9)CCCCCC)=NC7=C(C=C6)C%10=CC(C%11(CC(CCCC)CC)CC(CCCC)CC)=C(S%10)C(S%12)=C%11C=C%12/C=C(C%13=O)/C(C%14=C%13C=C(Cl)C(Cl)=C%14)=C(C#N)/C#N,10.81,FC1=C(C2=CC=C(C3=CC4=C(C5=CC=C(CC(CCCC)CC)S5)C(SC(C)=C6)=C6C(C7=CC=C(CC(CCCC)CC)S7)=C4S3)S2)C8=NN(CC(CCCCCC)CCCCCCCC)N=C8C(C9=CC=C(C%10=CC(C(C%11=CC=C(CC(CCCC)CC)S%11)=C(S%12)C(C=C%12C)=C%13C%14SC(CC(CCCC)CC)=CC%14)=C%13S%10)S9)=C1F||O=C(C(C=C(Cl)C(Cl)=C1)=C1C/2=C(C#N)/C#N)C2=C/C3=CC(C4(CC(CCCC)CC)CC(CCCC)CC)=C(S3)C(S5)=C4C=C5C6=C7N=C(C8=CC=C(C=C8)CCCCCC)C(C9=CC=C(C=C9)CCCCCC)=NC7=C(C=C6)C%10=CC(C%11(CC(CCCC)CC)CC(CCCC)CC)=C(S%10)C(S%12)=C%11C=C%12/C=C(C%13=O)/C(C%14=C%13C=C(Cl)C(Cl)=C%14)=C(C#N)/C#N
CC1=CC=C(S1)C2=C(C(C3=C(CC(CCCC)CC)CC(CC(CCCC)CC)=C3C4=O)=O)C4=C(C5=CC=C(S5)C6=CC7=C(C8=C(C(C9=CC(Cl)=C(S9)CC(CCCC)CC)=C7S6)C=C(C)S8)C%10=CC(Cl)=C(S%10)CC(CCCC)CC)S2,O=C(C1=CC(Cl)=C(C=C1C/2=C(C#N)\C#N)Cl)C2=C/C3=CC4=C(C(C5(C6=CC=C(C=C6)CCCCCC)C(C=C7)=CC=C7CCCCCC)=C(C8=CC9=C(C%10=C(C9(C%11=CC=C(C=C%11)CCCCCC)C%12=CC=C(C=C%12)CCCCCC)C%13=C(C=C(S%13)/C=C%14C(C%15=CC(Cl)=C(C=C%15C\%14=C(C#N)\C#N)Cl)=O)S%10)C=C85)S4)S3,10.77,CC1=CC=C(S1)C2=C(C(C3=C(CC(CCCC)CC)CC(CC(CCCC)CC)=C3C4=O)=O)C4=C(C5=CC=C(S5)C6=CC7=C(C8=C(C(C9=CC(Cl)=C(S9)CC(CCCC)CC)=C7S6)C=C(C)S8)C%10=CC(Cl)=C(S%10)CC(CCCC)CC)S2||O=C(C1=CC(Cl)=C(C=C1C/2=C(C#N)\C#N)Cl)C2=C/C3=CC4=C(C(C5(C6=CC=C(C=C6)CCCCCC)C(C=C7)=CC=C7CCCCCC)=C(C8=CC9=C(C%10=C(C9(C%11=CC=C(C=C%11)CCCCCC)C%12=CC=C(C=C%12)CCCCCC)C%13=C(C=C(S%13)/C=C%14C(C%15=CC(Cl)=C(C=C%15C\%14=C(C#N)\C#N)Cl)=O)S%10)C=C85)S4)S3
FC1=C(C2=CC=C(C3=CC4=C(C5=CC=C(SCCCCCCCCCCCC)S5)C(SC(C)=C6)=C6C(C7=CC=C(SCCCCCCCCCCCC)S7)=C4S3)S2)C8=NN(CC(CCCCCC)CCCCCCCC)N=C8C(C9=CC=C(C%10=CC(C(C%11=CC=C(SCCCCCCCCCCCC)S%11)=C(S%12)C(C=C%12C)=C%13C%14=CC=C(SCCCCCCCCCCCC)S%14)=C%13S%10)S9)=C1F,c12cc3c(cc1C(c1c2sc2c1sc(c2)/C=C\1/C(=C(C#N)C#N)c2c(C1=O)cccc2)(c1ccc(cc1)CCCCCC)c1ccc(cc1)CCCCCC)c1c(C3(c2ccc(cc2)CCCCCC)c2ccc(cc2)CCCCCC)c2c(s1)cc(s2)/C=C\1/C(=C(C#N)C#N)c2c(C1=O)cccc2,10.57,FC1=C(C2=CC=C(C3=CC4=C(C5=CC=C(SCCCCCCCCCCCC)S5)C(SC(C)=C6)=C6C(C7=CC=C(SCCCCCCCCCCCC)S7)=C4S3)S2)C8=NN(CC(CCCCCC)CCCCCCCC)N=C8C(C9=CC=C(C%10=CC(C(C%11=CC=C(SCCCCCCCCCCCC)S%11)=C(S%12)C(C=C%12C)=C%13C%14=CC=C(SCCCCCCCCCCCC)S%14)=C%13S%10)S9)=C1F||c12cc3c(cc1C(c1c2sc2c1sc(c2)/C=C\1/C(=C(C#N)C#N)c2c(C1=O)cccc2)(c1ccc(cc1)CCCCCC)c1ccc(cc1)CCCCCC)c1c(C3(c2ccc(cc2)CCCCCC)c2ccc(cc2)CCCCCC)c2c(s1)cc(s2)/C=C\1/C(=C(C#N)C#N)c2c(C1=O)cccc2
O=C(N1CC(CCCCCC)CCCCCCCC)C(C=C2C(SC(C)=C3)=C3CCCCCCCCCC)=C(S2)C4=C(C=C(S4)C5=C(CCCCCCCCCC)C=C(C6=CC7=C(C8=C(C(C9=CC=C(S9)SCCCCCCCC)=C7S6)C=C(C)S8)C%10=CC=C(S%10)SCCCCCCCC)S5)C1=O,O=C(C1=C(C=CC(F)=C1)C/2=C(C#N)\C#N)C2=C/C3=CC(SC4=C5C(C6=CC=C(CCCCCC)C=C6)(C7=CC=C(CCCCCC)C=C7)C8=C4C=C9C(C%10=CC=C(CCCCCC)C=C%10)(C%11=CC=C(C=C%11)CCCCCC)C%12=C(SC%13=C%12SC(/C=C%14C(C%15=C(C=CC(F)=C%15)C\%14=C(C#N)\C#N)=O)=C%13)C9=C8)=C5S3,10.55,O=C(N1CC(CCCCCC)CCCCCCCC)C(C=C2C(SC(C)=C3)=C3CCCCCCCCCC)=C(S2)C4=C(C=C(S4)C5=C(CCCCCCCCCC)C=C(C6=CC7=C(C8=C(C(C9=CC=C(S9)SCCCCCCCC)=C7S6)C=C(C)S8)C%10=CC=C(S%10)SCCCCCCCC)S5)C1=O||O=C(C1=C(C=CC(F)=C1)C/2=C(C#N)\C#N)C2=C/C3=CC(SC4=C5C(C6=CC=C(CCCCCC)C=C6)(C7=CC=C(CCCCCC)C=C7)C8=C4C=C9C(C%10=CC=C(CCCCCC)C=C%10)(C%11=CC=C(C=C%11)CCCCCC)C%12=C(SC%13=C%12SC(/C=C%14C(C%15=C(C=CC(F)=C%15)C\%14=C(C#N)\C#N)=O)=C%13)C9=C8)=C5S3
FC1=C(C2=CC=C(C3=CC4=C(C5=CC=C(CC(CCCC)CC)S5)C(SC(C)=C6)=C6C(C7=CC=C(CC(CCCC)CC)S7)=C4S3)S2)C8=NN(CC(CCCCCC)CCCCCCCC)N=C8C(C9=CC=C(C%10=CC(C(C%11=CC=C(CC(CCCC)CC)S%11)=C(S%12)C(C=C%12C)=C%13C%14SC(CC(CCCC)CC)=CC%14)=C%13S%10)S9)=C1F,O=C(C(C=C(F)C(F)=C1)=C1C/2=C(C#N)/C#N)C2=C/C3=CC(C4(CC(CCCC)CC)CC(CCCC)CC)=C(S3)C(S5)=C4C=C5C6=C7N=C(C8=CC=C(C=C8)CCCCCC)C(C9=CC=C(C=C9)CCCCCC)=NC7=C(C=C6)C%10=CC(C%11(CC(CCCC)CC)CC(CCCC)CC)=C(S%10)C(S%12)=C%11C=C%12/C=C(C%13=O)/C(C%14=C%13C=C(F)C(F)=C%14)=C(C#N)/C#N,10.54,FC1=C(C2=CC=C(C3=CC4=C(C5=CC=C(CC(CCCC)CC)S5)C(SC(C)=C6)=C6C(C7=CC=C(CC(CCCC)CC)S7)=C4S3)S2)C8=NN(CC(CCCCCC)CCCCCCCC)N=C8C(C9=CC=C(C%10=CC(C(C%11=CC=C(CC(CCCC)CC)S%11)=C(S%12)C(C=C%12C)=C%13C%14SC(CC(CCCC)CC)=CC%14)=C%13S%10)S9)=C1F||O=C(C(C=C(F)C(F)=C1)=C1C/2=C(C#N)/C#N)C2=C/C3=CC(C4(CC(CCCC)CC)CC(CCCC)CC)=C(S3)C(S5)=C4C=C5C6=C7N=C(C8=CC=C(C=C8)CCCCCC)C(C9=CC=C(C=C9)CCCCCC)=NC7=C(C=C6)C%10=CC(C%11(CC(CCCC)CC)CC(CCCC)CC)=C(S%10)C(S%12)=C%11C=C%12/C=C(C%13=O)/C(C%14=C%13C=C(F)C(F)=C%14)=C(C#N)/C#N
FC(C(F)=C(C1=NC(C2=CC(F)=C(S2)CC(CCCC)CC)=C(N=C31)C4=CC(F)=C(S4)CC(CCCC)CC)C5=CC=C(S5)C6=CC7=C(C8=C(C(C9=CC=C(S9)CC(CCCC)CC)=C7S6)C=C(C)S8)C%10=CC=C(S%10)CC(CCCC)CC)=C3C%11=CC=C(C)S%11,c12cc3c(cc1C(c1c2sc2c1sc(c2)/C=C\1/C(=C(C#N)C#N)c2c(C1=O)cccc2)(c1ccc(cc1)CCCCCC)c1ccc(cc1)CCCCCC)c1c(C3(c2ccc(cc2)CCCCCC)c2ccc(cc2)CCCCCC)c2c(s1)cc(s2)/C=C\1/C(=C(C#N)C#N)c2c(C1=O)cccc2,10.52,FC(C(F)=C(C1=NC(C2=CC(F)=C(S2)CC(CCCC)CC)=C(N=C31)C4=CC(F)=C(S4)CC(CCCC)CC)C5=CC=C(S5)C6=CC7=C(C8=C(C(C9=CC=C(S9)CC(CCCC)CC)=C7S6)C=C(C)S8)C%10=CC=C(S%10)CC(CCCC)CC)=C3C%11=CC=C(C)S%11||c12cc3c(cc1C(c1c2sc2c1sc(c2)/C=C\1/C(=C(C#N)C#N)c2c(C1=O)cccc2)(c1ccc(cc1)CCCCCC)c1ccc(cc1)CCCCCC)c1c(C3(c2ccc(cc2)CCCCCC)c2ccc(cc2)CCCCCC)c2c(s1)cc(s2)/C=C\1/C(=C(C#N)C#N)c2c(C1=O)cccc2
FC(C(F)=C(C1=CC=C(S1)C2=CC(C(C3=CC(Cl)=C(CC(CC)CCCC)S3)=C(SC=C4)C4=C5C6=CC(Cl)=C(CC(CCCC)CC)S6)=C5C2)C7=NN(CC(CCCCCCCC)CCCCCC)N=C78)=C8C9=CC=CS9,O=C(/C(S/1)=C\C(C2=NN(N=C32)CCCCCCCC)=CC=C3C4=CC5=C(S4)C6=CC7=C(C=C6C5(C8=CC=C(C=C8)CCCCCC)C9=CC=C(C=C9)CCCCCC)C(SC(C(C%10=NN(CCCCCCCC)N=C%11%10)=CC=C%11/C=C%12S/C(N(C\%12=O)CC)=C(C#N)/C#N)=C%13)=C%13C7(C%14=CC=C(CCCCCC)C=C%14)C%15=CC=C(CCCCCC)C=C%15)N(CC)C1=C(C#N)/C#N,10.5,FC(C(F)=C(C1=CC=C(S1)C2=CC(C(C3=CC(Cl)=C(CC(CC)CCCC)S3)=C(SC=C4)C4=C5C6=CC(Cl)=C(CC(CCCC)CC)S6)=C5C2)C7=NN(CC(CCCCCCCC)CCCCCC)N=C78)=C8C9=CC=CS9||O=C(/C(S/1)=C\C(C2=NN(N=C32)CCCCCCCC)=CC=C3C4=CC5=C(S4)C6=CC7=C(C=C6C5(C8=CC=C(C=C8)CCCCCC)C9=CC=C(C=C9)CCCCCC)C(SC(C(C%10=NN(CCCCCCCC)N=C%11%10)=CC=C%11/C=C%12S/C(N(C\%12=O)CC)=C(C#N)/C#N)=C%13)=C%13C7(C%14=CC=C(CCCCCC)C=C%14)C%15=CC=C(CCCCCC)C=C%15)N(CC)C1=C(C#N)/C#N
FC1=C(C2=CC=C(C3=CC4=C(C5=CC=C(CC(CCCC)CC)S5)C(SC(C)=C6)=C6C(C7=CC=C(CC(CCCC)CC)S7)=C4S3)S2)C8=NN(CC(CCCCCC)CCCCCCCC)N=C8C(C9=CC=C(C%10=CC(C(C%11=CC=C(CC(CCCC)CC)S%11)=C(S%12)C(C=C%12C)=C%13C%14SC(CC(CCCC)CC)=CC%14)=C%13S%10)S9)=C1F,O=C(C(C=CC=C1)=C1C/2=C(C#N)\C#N)C2=C\C3=CSC(C4=CC5=C(C(C=C6C(C7=CC=C(C=C7)CCCCCC)(C8=CC=C(C=C8)CCCCCC)C9=C(SC(C%10=C(OCCCCCCCC)C(/C=C%11C(C(C=CC=C%12)=C%12C/%11=C(C#N)/C#N)=O)=CS%10)=C9)C6=C%13)=C%13C5(C%14=CC=C(CCCCCC)C=C%14)C(C=C%15)=CC=C%15CCCCCC)S4)=C3OCCCCCCCC,10.48,FC1=C(C2=CC=C(C3=CC4=C(C5=CC=C(CC(CCCC)CC)S5)C(SC(C)=C6)=C6C(C7=CC=C(CC(CCCC)CC)S7)=C4S3)S2)C8=NN(CC(CCCCCC)CCCCCCCC)N=C8C(C9=CC=C(C%10=CC(C(C%11=CC=C(CC(CCCC)CC)S%11)=C(S%12)C(C=C%12C)=C%13C%14SC(CC(CCCC)CC)=CC%14)=C%13S%10)S9)=C1F||O=C(C(C=CC=C1)=C1C/2=C(C#N)\C#N)C2=C\C3=CSC(C4=CC5=C(C(C=C6C(C7=CC=C(C=C7)CCCCCC)(C8=CC=C(C=C8)CCCCCC)C9=C(SC(C%10=C(OCCCCCCCC)C(/C=C%11C(C(C=CC=C%12)=C%12C/%11=C(C#N)/C#N)=O)=CS%10)=C9)C6=C%13)=C%13C5(C%14=CC=C(CCCCCC)C=C%14)C(C=C%15)=CC=C%15CCCCCC)S4)=C3OCCCCCCCC
FC1=C(C2=CC(CC(CCCCCCCCC)CCCCCCCCCCC)=C(C)S2)C3=NSN=C3C(C4=CC(CC(CCCCCCCCCCC)CCCCCCCCC)=C(S4)C5=CC(SC(C)=C6)=C6S5)=C1F,O=C(/C(S1)=C/C(C2=NSN=C32)=CC=C3C(S4)=CC(C5(C6=CC=C(CCCCCC)C=C6)C7=CC=C(CCCCCC)C=C7)=C4C(C=C89)=C5C=C8C(SC(C%10=CC=C(/C=C%11SC(N(CC)C\%11=O)=S)C%12=NSN=C%10%12)=C%13)=C%13C9(C%14=CC=C(CCCCCC)C=C%14)C%15=CC=C(CCCCCC)C=C%15)N(CC)C1=S,10.4,FC1=C(C2=CC(CC(CCCCCCCCC)CCCCCCCCCCC)=C(C)S2)C3=NSN=C3C(C4=CC(CC(CCCCCCCCCCC)CCCCCCCCC)=C(S4)C5=CC(SC(C)=C6)=C6S5)=C1F||O=C(/C(S1)=C/C(C2=NSN=C32)=CC=C3C(S4)=CC(C5(C6=CC=C(CCCCCC)C=C6)C7=CC=C(CCCCCC)C=C7)=C4C(C=C89)=C5C=C8C(SC(C%10=CC=C(/C=C%11SC(N(CC)C\%11=O)=S)C%12=NSN=C%10%12)=C%13)=C%13C9(C%14=CC=C(CCCCCC)C=C%14)C%15=CC=C(CCCCCC)C=C%15)N(CC)C1=S
FC1=C(C(OCC(CCCC)CC)=O)SC2=CSC(C3=CC4=C(C5=C(C(C6=CC=C(CC(CC)CCCC)S6)=C4S3)C=CS5)C7=CC=C(CC(CC)CCCC)S7)=C12,O=C(C1=C(C=C(F)C(F)=C1)C/2=C(C#N)\C#N)C2=C/C3=CC(SC4=C5C(C6=CC(CCCCCC)=CC=C6)(C7=CC=C(CCCCCC)C=C7)C8=C4SC9=C8SC%10=C9C(C%11=CC=C(CCCCCC)C=C%11)(C%12=C%10SC%13=C%12SC(/C=C%14C(C%15=C(C=C(F)C(F)=C%15)C\%14=C(C#N)\C#N)=O)=C%13)C%16=CC=C(CCCCCC)C=C%16)=C5S3,10.3,FC1=C(C(OCC(CCCC)CC)=O)SC2=CSC(C3=CC4=C(C5=C(C(C6=CC=C(CC(CC)CCCC)S6)=C4S3)C=CS5)C7=CC=C(CC(CC)CCCC)S7)=C12||O=C(C1=C(C=C(F)C(F)=C1)C/2=C(C#N)\C#N)C2=C/C3=CC(SC4=C5C(C6=CC(CCCCCC)=CC=C6)(C7=CC=C(CCCCCC)C=C7)C8=C4SC9=C8SC%10=C9C(C%11=CC=C(CCCCCC)C=C%11)(C%12=C%10SC%13=C%12SC(/C=C%14C(C%15=C(C=C(F)C(F)=C%15)C\%14=C(C#N)\C#N)=O)=C%13)C%16=CC=C(CCCCCC)C=C%16)=C5S3
CC(S1)=CC=C1C(C2=NN(CC(CCCCCCCC)CCCCCC)N=C2C(C3=CC=C(S3)C4=CC5=C(C6=C(C(C7=CC=C(C=C7)[S]CC(CCCCCCCC)CCCCCC)=C5S4)C=C(C)S6)C8=CC=C(C=C8)[S]CC(CCCCCCCC)CCCCCC)=C9F)=C9F,O=C(C1=C(C=CC=C1)C/2=C(C#N)/C#N)C2=C/C3=CC4=C(S3)C5=CC(C6(CCCCC7=CC=CC=C7)CCCCC8=CC=CC=C8)=C(C=C5C4(CCCCC9=CC=CC=C9)CCCCC%10=CC=CC=C%10)C(S%11)=C6C=C%11/C=C(C(C%12=C%13C=CC=C%12)=O)/C%13=C(C#N)/C#N,10.22,CC(S1)=CC=C1C(C2=NN(CC(CCCCCCCC)CCCCCC)N=C2C(C3=CC=C(S3)C4=CC5=C(C6=C(C(C7=CC=C(C=C7)[S]CC(CCCCCCCC)CCCCCC)=C5S4)C=C(C)S6)C8=CC=C(C=C8)[S]CC(CCCCCCCC)CCCCCC)=C9F)=C9F||O=C(C1=C(C=CC=C1)C/2=C(C#N)/C#N)C2=C/C3=CC4=C(S3)C5=CC(C6(CCCCC7=CC=CC=C7)CCCCC8=CC=CC=C8)=C(C=C5C4(CCCCC9=CC=CC=C9)CCCCC%10=CC=CC=C%10)C(S%11)=C6C=C%11/C=C(C(C%12=C%13C=CC=C%12)=O)/C%13=C(C#N)/C#N
O=C(N1CC(CCCCCCCC)CCCCCC)C(C=C2C(S3)=C(CCCCCCCCCC)C=C3C(SC4=C(C5=C6SC(C)=C5)C7=CC=C(S7)CCCCCCCC)=CC4=C6C(S8)=CC=C8CCCCCCCC)=C(S2)C9=C(C=C(S9)C%10=C(CCCCCCCCCC)C=C(C)S%10)C1=O,CCCCCC[Si]1(C2=C(C3=C1C=C(/C=C(/C4=C(C#N)\[N+]#[C-])C(C5=C4C=CC(F)=C5)=O)S3)SC6=C2SC7=C6[Si](CCCCCC)(CCCCCC)C8=C7SC(/C=C(/C9=C([N+]#[C-])\C#N)C(C%10=C9C=CC(F)=C%10)=O)=C8)CCCCCC,10.2,O=C(N1CC(CCCCCCCC)CCCCCC)C(C=C2C(S3)=C(CCCCCCCCCC)C=C3C(SC4=C(C5=C6SC(C)=C5)C7=CC=C(S7)CCCCCCCC)=CC4=C6C(S8)=CC=C8CCCCCCCC)=C(S2)C9=C(C=C(S9)C%10=C(CCCCCCCCCC)C=C(C)S%10)C1=O||CCCCCC[Si]1(C2=C(C3=C1C=C(/C=C(/C4=C(C#N)\[N+]#[C-])C(C5=C4C=CC(F)=C5)=O)S3)SC6=C2SC7=C6[Si](CCCCCC)(CCCCCC)C8=C7SC(/C=C(/C9=C([N+]#[C-])\C#N)C(C%10=C9C=CC(F)=C%10)=O)=C8)CCCCCC
c1cccc2c1n(c1c2ccc(c1)c1sc(cc1)c1ccc(c2c1nsn2)c1sccc1)C(CCCCCCCC)CCCCCCCC,O=C(N(C(C1=CC=C([Se]1)/C=C2S/C(N(C\2=O)CC)=C(C#N)\C#N)=C3C(N4CC(CCCC)CC)=O)CC(CCCC)CC)C3=C4C([Se]5)=CC=C5/C=C(C(N/6CC)=O)\SC6=C(C#N)\C#N,10.12,c1cccc2c1n(c1c2ccc(c1)c1sc(cc1)c1ccc(c2c1nsn2)c1sccc1)C(CCCCCCCC)CCCCCCCC||O=C(N(C(C1=CC=C([Se]1)/C=C2S/C(N(C\2=O)CC)=C(C#N)\C#N)=C3C(N4CC(CCCC)CC)=O)CC(CCCC)CC)C3=C4C([Se]5)=CC=C5/C=C(C(N/6CC)=O)\SC6=C(C#N)\C#N
FC1=C(C2=CC=C(C3=CC4=C(C5=CC=C(CC(CCCC)CC)S5)C(SC(C)=C6)=C6C(C7=CC=C(CC(CCCC)CC)S7)=C4S3)S2)C8=NN(CC(CCCCCC)CCCCCCCC)N=C8C(C9=CC=C(C%10=CC(C(C%11=CC=C(CC(CCCC)CC)S%11)=C(S%12)C(C=C%12C)=C%13C%14SC(CC(CCCC)CC)=CC%14)=C%13S%10)S9)=C1F,O=C(C1=CC(Cl)=C(C=C1C/2=C(C#N)\C#N)Cl)C2=C/C3=CC(OCCCCCCCC)=C(C4=CC5=C(C6=CC7=C(C8=C(C7(C9=CC=C(C=C9)CCCCCC)C%10=CC=C(C=C%10)CCCCCC)C=C(C%11=C(OCCCCCCCC)C=C(/C=C%12C(C%13=CC(Cl)=C(C=C%13C\%12=C(C#N)\C#N)Cl)=O)S%11)S8)C=C6C5(C%14=CC=C(C=C%14)CCCCCC)C%15=CC=C(C=C%15)CCCCCC)S4)S3,10.1,FC1=C(C2=CC=C(C3=CC4=C(C5=CC=C(CC(CCCC)CC)S5)C(SC(C)=C6)=C6C(C7=CC=C(CC(CCCC)CC)S7)=C4S3)S2)C8=NN(CC(CCCCCC)CCCCCCCC)N=C8C(C9=CC=C(C%10=CC(C(C%11=CC=C(CC(CCCC)CC)S%11)=C(S%12)C(C=C%12C)=C%13C%14SC(CC(CCCC)CC)=CC%14)=C%13S%10)S9)=C1F||O=C(C1=CC(Cl)=C(C=C1C/2=C(C#N)\C#N)Cl)C2=C/C3=CC(OCCCCCCCC)=C(C4=CC5=C(C6=CC7=C(C8=C(C7(C9=CC=C(C=C9)CCCCCC)C%10=CC=C(C=C%10)CCCCCC)C=C(C%11=C(OCCCCCCCC)C=C(/C=C%12C(C%13=CC(Cl)=C(C=C%13C\%12=C(C#N)\C#N)Cl)=O)S%11)S8)C=C6C5(C%14=CC=C(C=C%14)CCCCCC)C%15=CC=C(C=C%15)CCCCCC)S4)S3
CC(C1=NSN=C12)=C(C=C2C(S3)=CC(CC(CCCCCCCCCCCC)CCCCCCCCCC)=C3C)F,O=C(/C(S1)=C/C(C2=NSN=C32)=CC=C3C(S4)=CC(C5(C6=CC=C(CCCCCC)C=C6)C7=CC=C(CCCCCC)C=C7)=C4C(C=C89)=C5C=C8C(SC(C%10=CC=C(/C=C%11SC(N(CC)C\%11=O)=S)C%12=NSN=C%10%12)=C%13)=C%13C9(C%14=CC=C(CCCCCC)C=C%14)C%15=CC=C(CCCCCC)C=C%15)N(CC)C1=S,10.08,CC(C1=NSN=C12)=C(C=C2C(S3)=CC(CC(CCCCCCCCCCCC)CCCCCCCCCC)=C3C)F||O=C(/C(S1)=C/C(C2=NSN=C32)=CC=C3C(S4)=CC(C5(C6=CC=C(CCCCCC)C=C6)C7=CC=C(CCCCCC)C=C7)=C4C(C=C89)=C5C=C8C(SC(C%10=CC=C(/C=C%11SC(N(CC)C\%11=O)=S)C%12=NSN=C%10%12)=C%13)=C%13C9(C%14=CC=C(CCCCCC)C=C%14)C%15=CC=C(CCCCCC)C=C%15)N(CC)C1=S
[H]C(C([H])=C(C1=NN(N=C21)CC(CCCCCC)CCCCCCCC)C3=CC=C(C4=CC(C(C5=CC(Cl)=C(S5)CC)=C6SC(C)=CC6=C7C8=CC(Cl)=C(S8)CC)=C7S4)S3)=C2C9=CC=C(C)S9,O=C(/C(S/1)=C\C(C2=NN(N=C32)CCCCCCCC)=CC=C3C4=CC5=C(S4)C6=CC7=C(C=C6C5(C8=CC=C(C=C8)CCCCCC)C9=CC=C(C=C9)CCCCCC)C(SC(C(C%10=NN(CCCCCCCC)N=C%11%10)=CC=C%11/C=C%12S/C(N(C\%12=O)CC%13=CC=CC=C%13)=C(C#N)/C#N)=C%14)=C%14C7(C%15=CC=C(CCCCCC)C=C%15)C%16=CC=C(CCCCCC)C=C%16)N(CC%17=CC=CC=C%17)C1=C(C#N)/C#N,10.08,[H]C(C([H])=C(C1=NN(N=C21)CC(CCCCCC)CCCCCCCC)C3=CC=C(C4=CC(C(C5=CC(Cl)=C(S5)CC)=C6SC(C)=CC6=C7C8=CC(Cl)=C(S8)CC)=C7S4)S3)=C2C9=CC=C(C)S9||O=C(/C(S/1)=C\C(C2=NN(N=C32)CCCCCCCC)=CC=C3C4=CC5=C(S4)C6=CC7=C(C=C6C5(C8=CC=C(C=C8)CCCCCC)C9=CC=C(C=C9)CCCCCC)C(SC(C(C%10=NN(CCCCCCCC)N=C%11%10)=CC=C%11/C=C%12S/C(N(C\%12=O)CC%13=CC=CC=C%13)=C(C#N)/C#N)=C%14)=C%14C7(C%15=CC=C(CCCCCC)C=C%15)C%16=CC=C(CCCCCC)C=C%16)N(CC%17=CC=CC=C%17)C1=C(C#N)/C#N
FC1=C(C(OCC(CCCC)CC)=O)SC2=CSC(C3=CC4=C(C5=C(C(C6=CC=C(CC(CC)CCCC)S6)=C4S3)C=CS5)C7=CC=C(CC(CC)CCCC)S7)=C12,C1(=S)N(C(=O)/C(=C/c2c3c(c(cc2)c2sc4c(c2)[C@](c2c4cc4c(c2)c2c([C@]4(C[C@H](CC)CCCC)C[C@@H](CC)CCCC)cc(s2)c2ccc(c4c2nsn4)/C=C/2\SC(=S)N(C2=O)CC)(C[C@@H](CCCC)CC)C[C@H](CCCC)CC)nsn3)/S1)CC,10.07,FC1=C(C(OCC(CCCC)CC)=O)SC2=CSC(C3=CC4=C(C5=C(C(C6=CC=C(CC(CC)CCCC)S6)=C4S3)C=CS5)C7=CC=C(CC(CC)CCCC)S7)=C12||C1(=S)N(C(=O)/C(=C/c2c3c(c(cc2)c2sc4c(c2)[C@](c2c4cc4c(c2)c2c([C@]4(C[C@H](CC)CCCC)C[C@@H](CC)CCCC)cc(s2)c2ccc(c4c2nsn4)/C=C/2\SC(=S)N(C2=O)CC)(C[C@@H](CCCC)CC)C[C@H](CCCC)CC)nsn3)/S1)CC
O=C1C(C=CS2)=C2C3=C(C=C(S3)C4=CC5=C(C6=C(C(C7=CC=C(S7)CC(CC)CCCC)=C5S4)C=C(C)S6)C8=CC=C(S8)CC(CCCC)CC)N1CC(CCCCCCCCCC)CCCCCCCC,O=C(C(C=C(C(F)=C1)F)=C1C/2=C(C#N)\C#N)C2=C/C3=CC(SC4=C5C(C6=CC=C(CCCCCC)C=C6)(C7=C4SC8=C7C=C9SC%10=C(C(C%11=CC=C(CCCCCC)C=C%11)(C%12=C%10SC%13=C%12SC(/C=C%14C(C%15=CC(F)=C(C=C%15C\%14=C(C#N)\C#N)F)=O)=C%13)C%16=CC=C(CCCCCC)C=C%16)C9=C8)C%17=CC=C(CCCCCC)C=C%17)=C5S3,10.04,O=C1C(C=CS2)=C2C3=C(C=C(S3)C4=CC5=C(C6=C(C(C7=CC=C(S7)CC(CC)CCCC)=C5S4)C=C(C)S6)C8=CC=C(S8)CC(CCCC)CC)N1CC(CCCCCCCCCC)CCCCCCCC||O=C(C(C=C(C(F)=C1)F)=C1C/2=C(C#N)\C#N)C2=C/C3=CC(SC4=C5C(C6=CC=C(CCCCCC)C=C6)(C7=C4SC8=C7C=C9SC%10=C(C(C%11=CC=C(CCCCCC)C=C%11)(C%12=C%10SC%13=C%12SC(/C=C%14C(C%15=CC(F)=C(C=C%15C\%14=C(C#N)\C#N)F)=O)=C%13)C%16=CC=C(CCCCCC)C=C%16)C9=C8)C%17=CC=C(CCCCCC)C=C%17)=C5S3
FC1=C(C(OCC(CCCC)CC)=O)SC2=CSC(C3=CC4=C(C5=C(C(C6=CC=C(CC(CC)CCCC)S6)=C4S3)C=CS5)C7=CC=C(CC(CC)CCCC)S7)=C12,O=C(/C(S1)=C/C(C2=NSN=C32)=CC=C3C(S4)=CC(C5(C6=CC=C(CCCCCC)C=C6)C7=CC=C(CCCCCC)C=C7)=C4C(C=C89)=C5C=C8C(SC(C%10=CC=C(/C=C%11SC(N(CC)C\%11=O)=S)C%12=NSN=C%10%12)=C%13)=C%13C9(C%14=CC=C(CCCCCC)C=C%14)C%15=CC=C(CCCCCC)C=C%15)N(CC)C1=S,9.9,FC1=C(C(OCC(CCCC)CC)=O)SC2=CSC(C3=CC4=C(C5=C(C(C6=CC=C(CC(CC)CCCC)S6)=C4S3)C=CS5)C7=CC=C(CC(CC)CCCC)S7)=C12||O=C(/C(S1)=C/C(C2=NSN=C32)=CC=C3C(S4)=CC(C5(C6=CC=C(CCCCCC)C=C6)C7=CC=C(CCCCCC)C=C7)=C4C(C=C89)=C5C=C8C(SC(C%10=CC=C(/C=C%11SC(N(CC)C\%11=O)=S)C%12=NSN=C%10%12)=C%13)=C%13C9(C%14=CC=C(CCCCCC)C=C%14)C%15=CC=C(CCCCCC)C=C%15)N(CC)C1=S
FC1=C(C2=CC=C(C3=CC4=C(C5=CC=C(SCCCCCCCCCCCC)S5)C(SC(C)=C6)=C6C(C7=CC=C(SCCCCCCCCCCCC)S7)=C4S3)S2)C8=NN(CC(CCCCCC)CCCCCCCC)N=C8C(C9=CC=C(C%10=CC(C(C%11=CC=C(SCCCCCCCCCCCC)S%11)=C(S%12)C(C=C%12C)=C%13C%14=CC=C(SCCCCCCCCCCCC)S%14)=C%13S%10)S9)=C1F,N#C/C(C#N)=C(C1=CC=CC=C1C2=O)/C2=C/C3=CC4=C(C5=C(C=C6C(C(CCCCCC)(CCCCCC)C7=C6SC(/C=C8/C(C9=CC=CC=C9C8=O)=C(C#N)/C#N)=C7)=C5)C4(CCCCCC)CCCCCC)S3,9.82,FC1=C(C2=CC=C(C3=CC4=C(C5=CC=C(SCCCCCCCCCCCC)S5)C(SC(C)=C6)=C6C(C7=CC=C(SCCCCCCCCCCCC)S7)=C4S3)S2)C8=NN(CC(CCCCCC)CCCCCCCC)N=C8C(C9=CC=C(C%10=CC(C(C%11=CC=C(SCCCCCCCCCCCC)S%11)=C(S%12)C(C=C%12C)=C%13C%14=CC=C(SCCCCCCCCCCCC)S%14)=C%13S%10)S9)=C1F||N#C/C(C#N)=C(C1=CC=CC=C1C2=O)/C2=C/C3=CC4=C(C5=C(C=C6C(C(CCCCCC)(CCCCCC)C7=C6SC(/C=C8/C(C9=CC=CC=C9C8=O)=C(C#N)/C#N)=C7)=C5)C4(CCCCCC)CCCCCC)S3
FC(C(C1=CC=C(S1)C2=C(C(F)=C(C3=NC(C4=CC=C(C(OCCCCCCCC)=C4)OCCCCCCCC)=C(N=C23)C5=CC=C(C(OCCCCCCCC)=C5)OCCCCCCCC)C)F)=C6)=CC(C7=CC=C(C)S7)=C6F,N#C/C(C#N)=C(C1=CC=CC=C1C2=O)/C2=C/C3=CC4=C(C5=C(C=C6C(C(CCCCCC)(CCCCCC)C7=C6SC(/C=C8/C(C9=CC=CC=C9C8=O)=C(C#N)/C#N)=C7)=C5)C4(CCCCCC)CCCCCC)S3,9.7,FC(C(C1=CC=C(S1)C2=C(C(F)=C(C3=NC(C4=CC=C(C(OCCCCCCCC)=C4)OCCCCCCCC)=C(N=C23)C5=CC=C(C(OCCCCCCCC)=C5)OCCCCCCCC)C)F)=C6)=CC(C7=CC=C(C)S7)=C6F||N#C/C(C#N)=C(C1=CC=CC=C1C2=O)/C2=C/C3=CC4=C(C5=C(C=C6C(C(CCCCCC)(CCCCCC)C7=C6SC(/C=C8/C(C9=CC=CC=C9C8=O)=C(C#N)/C#N)=C7)=C5)C4(CCCCCC)CCCCCC)S3
CCC(CCCC)CC(S1)=CC=C1C(C2=C3SC(C4=CC=C(C5=C(C(OCC(CC)CCCC)=O)C6=C(C(C(OCC(CCCCCC)CC)=O)=C(C7=CC=C(C)S7)S6)S5)S4)=C2)=C8SC(C)=CC8=C3C9=CC=C(S9)CC(CCCC)CC,c12cc3c(cc1C(c1c2sc2c1sc(c2)/C=C\1/C(=C(C#N)C#N)c2c(C1=O)cccc2)(c1ccc(cc1)CCCCCC)c1ccc(cc1)CCCCCC)c1c(C3(c2ccc(cc2)CCCCCC)c2ccc(cc2)CCCCCC)c2c(s1)cc(s2)/C=C\1/C(=C(C#N)C#N)c2c(C1=O)cccc2,9.67,CCC(CCCC)CC(S1)=CC=C1C(C2=C3SC(C4=CC=C(C5=C(C(OCC(CC)CCCC)=O)C6=C(C(C(OCC(CCCCCC)CC)=O)=C(C7=CC=C(C)S7)S6)S5)S4)=C2)=C8SC(C)=CC8=C3C9=CC=C(S9)CC(CCCC)CC||c12cc3c(cc1C(c1c2sc2c1sc(c2)/C=C\1/C(=C(C#N)C#N)c2c(C1=O)cccc2)(c1ccc(cc1)CCCCCC)c1ccc(cc1)CCCCCC)c1c(C3(c2ccc(cc2)CCCCCC)c2ccc(cc2)CCCCCC)c2c(s1)cc(s2)/C=C\1/C(=C(C#N)C#N)c2c(C1=O)cccc2
FC1=C(C2=CC=C(C3=CC4=C(C5=CC=C(SCCCCCCCCCCCC)S5)C(SC(C)=C6)=C6C(C7=CC=C(SCCCCCCCCCCCC)S7)=C4S3)S2)C8=NN(CC(CCCCCC)CCCCCCCC)N=C8C(C9=CC=C(C%10=CC(C(C%11=CC=C(SCCCCCCCCCCCC)S%11)=C(S%12)C(C=C%12C)=C%13C%14=CC=C(SCCCCCCCCCCCC)S%14)=C%13S%10)S9)=C1F,c1cccc2c1C(=C(C#N)C#N)/C(=C/c1cc3c(s1)c1c(C3(c3ccc(cc3)CCCCCC)c3ccc(cc3)CCCCCC)c3c(s1)c(c1c(c3O[C@H](CCCC)CC)sc3c1C(c1c3sc(c1)/C=C\1/C(=C(C#N)C#N)c3c(C1=O)cccc3)(c1ccc(cc1)CCCCCC)c1ccc(cc1)CCCCCC)O[C@@H](CC)CCCC)/C2=O,9.56,FC1=C(C2=CC=C(C3=CC4=C(C5=CC=C(SCCCCCCCCCCCC)S5)C(SC(C)=C6)=C6C(C7=CC=C(SCCCCCCCCCCCC)S7)=C4S3)S2)C8=NN(CC(CCCCCC)CCCCCCCC)N=C8C(C9=CC=C(C%10=CC(C(C%11=CC=C(SCCCCCCCCCCCC)S%11)=C(S%12)C(C=C%12C)=C%13C%14=CC=C(SCCCCCCCCCCCC)S%14)=C%13S%10)S9)=C1F||c1cccc2c1C(=C(C#N)C#N)/C(=C/c1cc3c(s1)c1c(C3(c3ccc(cc3)CCCCCC)c3ccc(cc3)CCCCCC)c3c(s1)c(c1c(c3O[C@H](CCCC)CC)sc3c1C(c1c3sc(c1)/C=C\1/C(=C(C#N)C#N)c3c(C1=O)cccc3)(c1ccc(cc1)CCCCCC)c1ccc(cc1)CCCCCC)O[C@@H](CC)CCCC)/C2=O
O=C(N1CC(CCCCCCCC)CCCCCC)C(C=C2C(S3)=C(CCCCCCCCCC)C=C3C(SC4=C(C5=C6SC(C)=C5)C7=CC=C(S7)CCCCCCCC)=CC4=C6C(S8)=CC=C8CCCCCCCC)=C(S2)C9=C(C=C(S9)C%10=C(CCCCCCCCCC)C=C(C)S%10)C1=O,O=C(C(C=CC=C1)=C1C/2=C(C#N)\C#N)C2=C/C3=CC(SC4=C5C(C6=C(F)C=C(CCCCCC)C=C6)(C7=C(F)C=C(CCCCCC)C=C7)C8=CC9=C(C=C84)C(C%10=C(F)C=C(CCCCCC)C=C%10)(C%11=C(F)C=C(CCCCCC)C=C%11)C%12=C9SC%13=C%12SC(/C=C%14C(C(C=CC=C%15)=C%15C\%14=C(C#N)\C#N)=O)=C%13)=C5S3,9.5,O=C(N1CC(CCCCCCCC)CCCCCC)C(C=C2C(S3)=C(CCCCCCCCCC)C=C3C(SC4=C(C5=C6SC(C)=C5)C7=CC=C(S7)CCCCCCCC)=CC4=C6C(S8)=CC=C8CCCCCCCC)=C(S2)C9=C(C=C(S9)C%10=C(CCCCCCCCCC)C=C(C)S%10)C1=O||O=C(C(C=CC=C1)=C1C/2=C(C#N)\C#N)C2=C/C3=CC(SC4=C5C(C6=C(F)C=C(CCCCCC)C=C6)(C7=C(F)C=C(CCCCCC)C=C7)C8=CC9=C(C=C84)C(C%10=C(F)C=C(CCCCCC)C=C%10)(C%11=C(F)C=C(CCCCCC)C=C%11)C%12=C9SC%13=C%12SC(/C=C%14C(C(C=CC=C%15)=C%15C\%14=C(C#N)\C#N)=O)=C%13)=C5S3
CC1=CC(C(C2=CC=C(S2)[Si](CCC)(CCC)CCC)=C3SC(C4=CC=C(S4)C5=C(C(Cl)=C(C6=NN(N=C56)CC(C)C)C7=CC=C(S7)C)Cl)=CC3=C8C9=CC=C(S9)[Si](CCC)(CCC)CCC)=C8S1,O=C(C(C=C(C(Cl)=C1)Cl)=C1C/2=C(C#N)\C#N)C2=C/C3=CC4=C(C(C5(C(C=C6)=CC=C6CCCCCC)C7=CC=C(C=C7)CCCCCC)=C(C8=C5C9=C(C%10=C(C%11=C(C%10(C%12=CC=C(C=C%12)CCCCCC)C%13=CC=C(C=C%13)CCCCCC)C%14=C(C=C(S%14)/C=C%15C(C(C=C(C(Cl)=C%16)Cl)=C%16C\%15=C(C#N)\C#N)=O)S%11)S9)S8)S4)S3,9.45,CC1=CC(C(C2=CC=C(S2)[Si](CCC)(CCC)CCC)=C3SC(C4=CC=C(S4)C5=C(C(Cl)=C(C6=NN(N=C56)CC(C)C)C7=CC=C(S7)C)Cl)=CC3=C8C9=CC=C(S9)[Si](CCC)(CCC)CCC)=C8S1||O=C(C(C=C(C(Cl)=C1)Cl)=C1C/2=C(C#N)\C#N)C2=C/C3=CC4=C(C(C5(C(C=C6)=CC=C6CCCCCC)C7=CC=C(C=C7)CCCCCC)=C(C8=C5C9=C(C%10=C(C%11=C(C%10(C%12=CC=C(C=C%12)CCCCCC)C%13=CC=C(C=C%13)CCCCCC)C%14=C(C=C(S%14)/C=C%15C(C(C=C(C(Cl)=C%16)Cl)=C%16C\%15=C(C#N)\C#N)=O)S%11)S9)S8)S4)S3
CC1=CC(C(C2=CC=C(S2)[Si](CCC)(CCC)CCC)=C3SC(C4=CC=C(S4)C5=C(C(Cl)=C(C6=NN(N=C56)CC(C)C)C7=CC=C(S7)C)Cl)=CC3=C8C9=CC=C(S9)[Si](CCC)(CCC)CCC)=C8S1,O=C(C(C=C(C(F)=C1)F)=C1C/2=C(C#N)\C#N)C2=C/C3=CC4=C(C(C5(C(C=C6)=CC=C6CCCCCC)C7=CC=C(C=C7)CCCCCC)=C(C8=C5C9=C(C%10=C(C%11=C(C%10(C%12=CC=C(C=C%12)CCCCCC)C%13=CC=C(C=C%13)CCCCCC)C%14=C(C=C(S%14)/C=C%15C(C(C=C(C(F)=C%16)F)=C%16C\%15=C(C#N)\C#N)=O)S%11)S9)S8)S4)S3,9.44,CC1=CC(C(C2=CC=C(S2)[Si](CCC)(CCC)CCC)=C3SC(C4=CC=C(S4)C5=C(C(Cl)=C(C6=NN(N=C56)CC(C)C)C7=CC=C(S7)C)Cl)=CC3=C8C9=CC=C(S9)[Si](CCC)(CCC)CCC)=C8S1||O=C(C(C=C(C(F)=C1)F)=C1C/2=C(C#N)\C#N)C2=C/C3=CC4=C(C(C5(C(C=C6)=CC=C6CCCCCC)C7=CC=C(C=C7)CCCCCC)=C(C8=C5C9=C(C%10=C(C%11=C(C%10(C%12=CC=C(C=C%12)CCCCCC)C%13=CC=C(C=C%13)CCCCCC)C%14=C(C=C(S%14)/C=C%15C(C(C=C(C(F)=C%16)F)=C%16C\%15=C(C#N)\C#N)=O)S%11)S9)S8)S4)S3
FC1=C(C2=CC=C(C3=CC4=C(C5=CC=C(CC(CCCC)CC)S5)C(SC(C)=C6)=C6C(C7=CC=C(CC(CCCC)CC)S7)=C4S3)S2)C8=NN(CC(CCCCCC)CCCCCCCC)N=C8C(C9=CC=C(C%10=CC(C(C%11=CC=C(CC(CCCC)CC)S%11)=C(S%12)C(C=C%12C)=C%13C%14SC(CC(CCCC)CC)=CC%14)=C%13S%10)S9)=C1F,O=C(/C(S/1)=C\C(C2=NN(N=C32)CCCCCCCC)=CC=C3C4=CC5=C(S4)C6=CC7=C(C=C6C5(C8=CC=C(C=C8)CCCCCC)C9=CC=C(C=C9)CCCCCC)C(SC(C(C%10=NN(CCCCCCCC)N=C%11%10)=CC=C%11/C=C%12S/C(N(C\%12=O)CC)=C(C#N)/C#N)=C%13)=C%13C7(C%14=CC=C(CCCCCC)C=C%14)C%15=CC=C(CCCCCC)C=C%15)N(CC)C1=C(C#N)/C#N,9.41,FC1=C(C2=CC=C(C3=CC4=C(C5=CC=C(CC(CCCC)CC)S5)C(SC(C)=C6)=C6C(C7=CC=C(CC(CCCC)CC)S7)=C4S3)S2)C8=NN(CC(CCCCCC)CCCCCCCC)N=C8C(C9=CC=C(C%10=CC(C(C%11=CC=C(CC(CCCC)CC)S%11)=C(S%12)C(C=C%12C)=C%13C%14SC(CC(CCCC)CC)=CC%14)=C%13S%10)S9)=C1F||O=C(/C(S/1)=C\C(C2=NN(N=C32)CCCCCCCC)=CC=C3C4=CC5=C(S4)C6=CC7=C(C=C6C5(C8=CC=C(C=C8)CCCCCC)C9=CC=C(C=C9)CCCCCC)C(SC(C(C%10=NN(CCCCCCCC)N=C%11%10)=CC=C%11/C=C%12S/C(N(C\%12=O)CC)=C(C#N)/C#N)=C%13)=C%13C7(C%14=CC=C(CCCCCC)C=C%14)C%15=CC=C(CCCCCC)C=C%15)N(CC)C1=C(C#N)/C#N
FC1=C(C2=CC=C(C3=CC4=C(C5=CC=C(CC(CCCC)CC)S5)C(SC(C)=C6)=C6C(C7=CC=C(CC(CCCC)CC)S7)=C4S3)S2)C8=NN(CC(CCCCCC)CCCCCCCC)N=C8C(C9=CC=C(C%10=CC(C(C%11=CC=C(CC(CCCC)CC)S%11)=C(S%12)C(C=C%12C)=C%13C%14SC(CC(CCCC)CC)=CC%14)=C%13S%10)S9)=C1F,O=C(C1=CC=CC=C1C/2=C(C#N)/C#N)C2=C/C3=CC(SC4C5C(C)=C(C(C6=CC=C(C=C6)CCCCCC)(C7=CC=C(C=C7)CCCCCC)C8=CSC9=C8SC(/C=C%10C(C(C=CC=C%11)=C%11C\%10=C(C#N)/C#N)=C)=C9)C=C(C)C5C(C%12=CC=C(C=C%12)CCCCCC)(C%13=CC=C(C=C%13)CCCCCC)C%144)=C%14S3,9.4,FC1=C(C2=CC=C(C3=CC4=C(C5=CC=C(CC(CCCC)CC)S5)C(SC(C)=C6)=C6C(C7=CC=C(CC(CCCC)CC)S7)=C4S3)S2)C8=NN(CC(CCCCCC)CCCCCCCC)N=C8C(C9=CC=C(C%10=CC(C(C%11=CC=C(CC(CCCC)CC)S%11)=C(S%12)C(C=C%12C)=C%13C%14SC(CC(CCCC)CC)=CC%14)=C%13S%10)S9)=C1F||O=C(C1=CC=CC=C1C/2=C(C#N)/C#N)C2=C/C3=CC(SC4C5C(C)=C(C(C6=CC=C(C=C6)CCCCCC)(C7=CC=C(C=C7)CCCCCC)C8=CSC9=C8SC(/C=C%10C(C(C=CC=C%11)=C%11C\%10=C(C#N)/C#N)=C)=C9)C=C(C)C5C(C%12=CC=C(C=C%12)CCCCCC)(C%13=CC=C(C=C%13)CCCCCC)C%144)=C%14S3
FC(C(F)=C(C1=CC=CS1)C2=NN(CCCCCCCC)N=C32)=C3C(S4)=CC=C4C(S5)CC6=C5C(C7=CC=C(CC(CCCCCC)CCCCCCCC)S7)=C(C=CS8)C8=C6C9=CC=C(CC(CCCCCCCC)CCCCCC)S9,c12cc3c(cc1C(c1c2sc2c1sc(c2)/C=C\1/C(=C(C#N)C#N)c2c(C1=O)cccc2)(c1ccc(cc1)CCCCCC)c1ccc(cc1)CCCCCC)c1c(C3(c2ccc(cc2)CCCCCC)c2ccc(cc2)CCCCCC)c2c(s1)cc(s2)/C=C\1/C(=C(C#N)C#N)c2c(C1=O)cccc2,9.26,FC(C(F)=C(C1=CC=CS1)C2=NN(CCCCCCCC)N=C32)=C3C(S4)=CC=C4C(S5)CC6=C5C(C7=CC=C(CC(CCCCCC)CCCCCCCC)S7)=C(C=CS8)C8=C6C9=CC=C(CC(CCCCCCCC)CCCCCC)S9||c12cc3c(cc1C(c1c2sc2c1sc(c2)/C=C\1/C(=C(C#N)C#N)c2c(C1=O)cccc2)(c1ccc(cc1)CCCCCC)c1ccc(cc1)CCCCCC)c1c(C3(c2ccc(cc2)CCCCCC)c2ccc(cc2)CCCCCC)c2c(s1)cc(s2)/C=C\1/C(=C(C#N)C#N)c2c(C1=O)cccc2
FC1=C(C2=CC=C(C3=CC4=C(C5=CC=C(CC(CCCC)CC)S5)C(SC(C)=C6)=C6C(C7=CC=C(CC(CCCC)CC)S7)=C4S3)S2)C8=NN(CC(CCCCCC)CCCCCCCC)N=C8C(C9=CC=C(C%10=CC(C(C%11=CC=C(CC(CCCC)CC)S%11)=C(S%12)C(C=C%12C)=C%13C%14SC(CC(CCCC)CC)=CC%14)=C%13S%10)S9)=C1F,FC1=CC2=C(C(/C(C2=O)=C/C3=CC(OCC(CC)CCCC)=C(S3)C4=CC5=C(S4)C6=CC(C7(C8=CC=C(CCCCCC)C=C8)C9=CC=C(CCCCCC)C=C9)=C(C%10=C7C=C(S%10)C%11=C(OCC(CC)CCCC)C=C(S%11)/C=C(/C(C%12=C%13C=C(F)C(F)=C%12)=C(C#N)\C#N)C%13=O)C=C6C5(C%14=CC=C(CCCCCC)C=C%14)C%15=CC=C(CCCCCC)C=C%15)=C(C#N)/C#N)C=C1F,9.21,FC1=C(C2=CC=C(C3=CC4=C(C5=CC=C(CC(CCCC)CC)S5)C(SC(C)=C6)=C6C(C7=CC=C(CC(CCCC)CC)S7)=C4S3)S2)C8=NN(CC(CCCCCC)CCCCCCCC)N=C8C(C9=CC=C(C%10=CC(C(C%11=CC=C(CC(CCCC)CC)S%11)=C(S%12)C(C=C%12C)=C%13C%14SC(CC(CCCC)CC)=CC%14)=C%13S%10)S9)=C1F||FC1=CC2=C(C(/C(C2=O)=C/C3=CC(OCC(CC)CCCC)=C(S3)C4=CC5=C(S4)C6=CC(C7(C8=CC=C(CCCCCC)C=C8)C9=CC=C(CCCCCC)C=C9)=C(C%10=C7C=C(S%10)C%11=C(OCC(CC)CCCC)C=C(S%11)/C=C(/C(C%12=C%13C=C(F)C(F)=C%12)=C(C#N)\C#N)C%13=O)C=C6C5(C%14=CC=C(CCCCCC)C=C%14)C%15=CC=C(CCCCCC)C=C%15)=C(C#N)/C#N)C=C1F
O=C(N1CC(CCCCCCCC)CCCCCC)C(C=C2C(S3)=C(CCCCCCCCCC)C=C3C(SC4=C(C5=C6SC(C)=C5)C7=CC=C(S7)CCCCCCCC)=CC4=C6C(S8)=CC=C8CCCCCCCC)=C(S2)C9=C(C=C(S9)C%10=C(CCCCCCCCCC)C=C(C)S%10)C1=O,O=C(C(C=CC=C1)=C1C/2=C(C#N)\C#N)C2=C/C3=CC(SC4=C5C(C6=CC(F)=C(CCCCCC)C=C6)(C7=CC(F)=C(CCCCCC)C=C7)C8=CC9=C(C=C84)C(C%10=CC(F)=C(CCCCCC)C=C%10)(C%11=CC(F)=C(CCCCCC)C=C%11)C%12=C9SC%13=C%12SC(/C=C%14C(C(C=CC=C%15)=C%15C\%14=C(C#N)\C#N)=O)=C%13)=C5S3,9.01,O=C(N1CC(CCCCCCCC)CCCCCC)C(C=C2C(S3)=C(CCCCCCCCCC)C=C3C(SC4=C(C5=C6SC(C)=C5)C7=CC=C(S7)CCCCCCCC)=CC4=C6C(S8)=CC=C8CCCCCCCC)=C(S2)C9=C(C=C(S9)C%10=C(CCCCCCCCCC)C=C(C)S%10)C1=O||O=C(C(C=CC=C1)=C1C/2=C(C#N)\C#N)C2=C/C3=CC(SC4=C5C(C6=CC(F)=C(CCCCCC)C=C6)(C7=CC(F)=C(CCCCCC)C=C7)C8=CC9=C(C=C84)C(C%10=CC(F)=C(CCCCCC)C=C%10)(C%11=CC(F)=C(CCCCCC)C=C%11)C%12=C9SC%13=C%12SC(/C=C%14C(C(C=CC=C%15)=C%15C\%14=C(C#N)\C#N)=O)=C%13)=C5S3
[Cl]C(C([Cl])=C(C1=NN(N=C21)CC(CCCCCC)CCCCCCCC)C3=CC=C(C4=CC(C(C5=CC(Cl)=C(S5)CC)=C6SC(C)=CC6=C7C8=CC(Cl)=C(S8)CC)=C7S4)S3)=C2C9=CC=C(C)S9,O=C(/C(S/1)=C\C(C2=NN(N=C32)CCCCCCCC)=CC=C3C4=CC5=C(S4)C6=CC7=C(C=C6C5(C8=CC=C(C=C8)CCCCCC)C9=CC=C(C=C9)CCCCCC)C(SC(C(C%10=NN(CCCCCCCC)N=C%11%10)=CC=C%11/C=C%12S/C(N(C\%12=O)CC%13=CC=CC=C%13)=C(C#N)/C#N)=C%14)=C%14C7(C%15=CC=C(CCCCCC)C=C%15)C%16=CC=C(CCCCCC)C=C%16)N(CC%17=CC=CC=C%17)C1=C(C#N)/C#N,8.99,[Cl]C(C([Cl])=C(C1=NN(N=C21)CC(CCCCCC)CCCCCCCC)C3=CC=C(C4=CC(C(C5=CC(Cl)=C(S5)CC)=C6SC(C)=CC6=C7C8=CC(Cl)=C(S8)CC)=C7S4)S3)=C2C9=CC=C(C)S9||O=C(/C(S/1)=C\C(C2=NN(N=C32)CCCCCCCC)=CC=C3C4=CC5=C(S4)C6=CC7=C(C=C6C5(C8=CC=C(C=C8)CCCCCC)C9=CC=C(C=C9)CCCCCC)C(SC(C(C%10=NN(CCCCCCCC)N=C%11%10)=CC=C%11/C=C%12S/C(N(C\%12=O)CC%13=CC=CC=C%13)=C(C#N)/C#N)=C%14)=C%14C7(C%15=CC=C(CCCCCC)C=C%15)C%16=CC=C(CCCCCC)C=C%16)N(CC%17=CC=CC=C%17)C1=C(C#N)/C#N
FC1=C(C2=CC=C(C3=CC4=C(C5=CC=C(SCC(CCCC)CC)S5)C(SC(C)=C6)=C6C(C7=CC=C(SCC(CCCC)CC)S7)=C4S3)S2)C8=NN(CC(CCCCCC)CCCCCCCC)N=C8C(C9=CC=C(C%10=CC(C(C%11=CC=C(SCC(CCCC)CC)S%11)=C(S%12)C(C=C%12C)=C%13C%14SC(SCC(CCCC)CC)=CC%14)=C%13S%10)S9)=C1F,c12cc3c(cc1C(c1c2sc2c1sc(c2)/C=C\1/C(=C(C#N)C#N)c2c(C1=O)cccc2)(c1ccc(cc1)CCCCCC)c1ccc(cc1)CCCCCC)c1c(C3(c2ccc(cc2)CCCCCC)c2ccc(cc2)CCCCCC)c2c(s1)cc(s2)/C=C\1/C(=C(C#N)C#N)c2c(C1=O)cccc2,8.97,FC1=C(C2=CC=C(C3=CC4=C(C5=CC=C(SCC(CCCC)CC)S5)C(SC(C)=C6)=C6C(C7=CC=C(SCC(CCCC)CC)S7)=C4S3)S2)C8=NN(CC(CCCCCC)CCCCCCCC)N=C8C(C9=CC=C(C%10=CC(C(C%11=CC=C(SCC(CCCC)CC)S%11)=C(S%12)C(C=C%12C)=C%13C%14SC(SCC(CCCC)CC)=CC%14)=C%13S%10)S9)=C1F||c12cc3c(cc1C(c1c2sc2c1sc(c2)/C=C\1/C(=C(C#N)C#N)c2c(C1=O)cccc2)(c1ccc(cc1)CCCCCC)c1ccc(cc1)CCCCCC)c1c(C3(c2ccc(cc2)CCCCCC)c2ccc(cc2)CCCCCC)c2c(s1)cc(s2)/C=C\1/C(=C(C#N)C#N)c2c(C1=O)cccc2
O=C(N1CC(CCCCCCCC)CCCCCC)C(C=C2C(S3)=C(CCCCCCCCCC)C=C3C(SC4=C(C5=C6SC(C)=C5)C7=CC=C(S7)CCCCCCCC)=CC4=C6C(S8)=CC=C8CCCCCCCC)=C(S2)C9=C(C=C(S9)C%10=C(CCCCCCCCCC)C=C(C)S%10)C1=O,c12cc3c(cc1C(c1c2sc2c1sc(c2)/C=C\1/C(=C(C#N)C#N)c2c(C1=O)cccc2)(c1ccc(cc1)CCCCCC)c1ccc(cc1)CCCCCC)c1c(C3(c2ccc(cc2)CCCCCC)c2ccc(cc2)CCCCCC)c2c(s1)cc(s2)/C=C\1/C(=C(C#N)C#N)c2c(C1=O)cccc2,8.89,O=C(N1CC(CCCCCCCC)CCCCCC)C(C=C2C(S3)=C(CCCCCCCCCC)C=C3C(SC4=C(C5=C6SC(C)=C5)C7=CC=C(S7)CCCCCCCC)=CC4=C6C(S8)=CC=C8CCCCCCCC)=C(S2)C9=C(C=C(S9)C%10=C(CCCCCCCCCC)C=C(C)S%10)C1=O||c12cc3c(cc1C(c1c2sc2c1sc(c2)/C=C\1/C(=C(C#N)C#N)c2c(C1=O)cccc2)(c1ccc(cc1)CCCCCC)c1ccc(cc1)CCCCCC)c1c(C3(c2ccc(cc2)CCCCCC)c2ccc(cc2)CCCCCC)c2c(s1)cc(s2)/C=C\1/C(=C(C#N)C#N)c2c(C1=O)cccc2
FC(C(F)=C(C(N=C1C2=CC=CC(OCCCCCCCC)=C2)=C3N=C1C4=CC=CC(OCCCCCCCC)=C4)C5=CC=C(S5)C)=C3C(S6)=CC=C6C7=CC(C(S7)=C(C8=C9SC(C)=C8)C%10=CC=C(S%10)SCCCCCCCC)=C9C%11=CC=C(S%11)SCCCCCCCC,O=C(/C(S1)=C/C(C2=NSN=C32)=CC=C3C(S4)=CC(C5(C6=CC=C(CCCCCC)C=C6)C7=CC=C(CCCCCC)C=C7)=C4C(C=C89)=C5C=C8C(SC(C%10=CC=C(/C=C%11SC(N(CC)C\%11=O)=S)C%12=NSN=C%10%12)=C%13)=C%13C9(C%14=CC=C(CCCCCC)C=C%14)C%15=CC=C(CCCCCC)C=C%15)N(CC)C1=S,8.67,FC(C(F)=C(C(N=C1C2=CC=CC(OCCCCCCCC)=C2)=C3N=C1C4=CC=CC(OCCCCCCCC)=C4)C5=CC=C(S5)C)=C3C(S6)=CC=C6C7=CC(C(S7)=C(C8=C9SC(C)=C8)C%10=CC=C(S%10)SCCCCCCCC)=C9C%11=CC=C(S%11)SCCCCCCCC||O=C(/C(S1)=C/C(C2=NSN=C32)=CC=C3C(S4)=CC(C5(C6=CC=C(CCCCCC)C=C6)C7=CC=C(CCCCCC)C=C7)=C4C(C=C89)=C5C=C8C(SC(C%10=CC=C(/C=C%11SC(N(CC)C\%11=O)=S)C%12=NSN=C%10%12)=C%13)=C%13C9(C%14=CC=C(CCCCCC)C=C%14)C%15=CC=C(CCCCCC)C=C%15)N(CC)C1=S
FC(C(F)=C(C1=CC=C(S1)C2=CC(C(C3=CC(Cl)=C(CC(CC)CCCC)S3)=C(SC=C4)C4=C5C6=CC(Cl)=C(CC(CCCC)CC)S6)=C5C2)C7=NN(CC(CCCCCCCC)CCCCCC)N=C78)=C8C9=CC=CS9,O=C(/C(S/1)=C\C(C2=NN(N=C32)CCCCCCCC)=CC=C3C4=CC5=C(S4)C6=CC7=C(C=C6C5(C8=CC=C(C=C8)CCCCCC)C9=CC=C(C=C9)CCCCCC)C(SC(C(C%10=NN(CCCCCCCC)N=C%11%10)=CC=C%11/C=C%12S/C(N(C\%12=O)CC%13=CC=CC=C%13)=C(C#N)/C#N)=C%14)=C%14C7(C%15=CC=C(CCCCCC)C=C%15)C%16=CC=C(CCCCCC)C=C%16)N(CC%17=CC=CC=C%17)C1=C(C#N)/C#N,8.64,FC(C(F)=C(C1=CC=C(S1)C2=CC(C(C3=CC(Cl)=C(CC(CC)CCCC)S3)=C(SC=C4)C4=C5C6=CC(Cl)=C(CC(CCCC)CC)S6)=C5C2)C7=NN(CC(CCCCCCCC)CCCCCC)N=C78)=C8C9=CC=CS9||O=C(/C(S/1)=C\C(C2=NN(N=C32)CCCCCCCC)=CC=C3C4=CC5=C(S4)C6=CC7=C(C=C6C5(C8=CC=C(C=C8)CCCCCC)C9=CC=C(C=C9)CCCCCC)C(SC(C(C%10=NN(CCCCCCCC)N=C%11%10)=CC=C%11/C=C%12S/C(N(C\%12=O)CC%13=CC=CC=C%13)=C(C#N)/C#N)=C%14)=C%14C7(C%15=CC=C(CCCCCC)C=C%15)C%16=CC=C(CCCCCC)C=C%16)N(CC%17=CC=CC=C%17)C1=C(C#N)/C#N
FC1=C(C2=CC=C(C3=CC4=C(C5=CC=C(CC(CCCC)CC)S5)C(SC(C)=C6)=C6C(C7=CC=C(CC(CCCC)CC)S7)=C4S3)S2)C8=NN(CC(CCCCCC)CCCCCCCC)N=C8C(C9=CC=C(C%10=CC(C(C%11=CC=C(CC(CCCC)CC)S%11)=C(S%12)C(C=C%12C)=C%13C%14SC(CC(CCCC)CC)=CC%14)=C%13S%10)S9)=C1F,O=C(C(C=C(C([H])=C1)[H])=C1C/2=C(C#N)/C#N)C2=C/C3=CC4=C(S3)C5=CC6=C(C=C5C4(C7=CC=C(CC(CCCCCC)CCCC)C=C7)C8=CC=C(CC(CCCCCC)CCCC)C=C8)C9=C(C=C%10C%11=C(C=C(S%11)/C=C%12C(C(C=C(C([H])=C%13)[H])=C%13C\%12=C(C#N)/C#N)=O)C(C%14=CC=C(CC(CCCCCC)CCCC)C=C%14)(C%15=CC=C(CC(CCCCCC)CCCC)C=C%15)C%10=C9)S6,8.64,FC1=C(C2=CC=C(C3=CC4=C(C5=CC=C(CC(CCCC)CC)S5)C(SC(C)=C6)=C6C(C7=CC=C(CC(CCCC)CC)S7)=C4S3)S2)C8=NN(CC(CCCCCC)CCCCCCCC)N=C8C(C9=CC=C(C%10=CC(C(C%11=CC=C(CC(CCCC)CC)S%11)=C(S%12)C(C=C%12C)=C%13C%14SC(CC(CCCC)CC)=CC%14)=C%13S%10)S9)=C1F||O=C(C(C=C(C([H])=C1)[H])=C1C/2=C(C#N)/C#N)C2=C/C3=CC4=C(S3)C5=CC6=C(C=C5C4(C7=CC=C(CC(CCCCCC)CCCC)C=C7)C8=CC=C(CC(CCCCCC)CCCC)C=C8)C9=C(C=C%10C%11=C(C=C(S%11)/C=C%12C(C(C=C(C([H])=C%13)[H])=C%13C\%12=C(C#N)/C#N)=O)C(C%14=CC=C(CC(CCCCCC)CCCC)C=C%14)(C%15=CC=C(CC(CCCCCC)CCCC)C=C%15)C%10=C9)S6
FC(C(F)=C(C1=CC=CS1)C2=NN(CCCCCCCC)N=C32)=C3C(S4)=CC=C4C(S5)CC6=C5C(C7=CC=C(CC(CCCCCC)CCCCCCCC)S7)=C(C=CS8)C8=C6C9=CC=C(CC(CCCCCCCC)CCCCCC)S9,c1cccc2c1C(=C(C#N)C#N)/C(=C/c1sc(c(c1)C[C@@H](CC)CCCC)c1cc3c([se]1)c1c(C3(c3ccc(cc3)CCCCCC)c3ccc(cc3)CCCCCC)cc3c(c1)C(c1c3[se]c(c1)c1c(cc(s1)/C=C\1/C(=C(C#N)C#N)c3c(C1=O)cccc3)C[C@H](CCCC)CC)(c1ccc(cc1)CCCCCC)c1ccc(cc1)CCCCCC)/C2=O,8.58,FC(C(F)=C(C1=CC=CS1)C2=NN(CCCCCCCC)N=C32)=C3C(S4)=CC=C4C(S5)CC6=C5C(C7=CC=C(CC(CCCCCC)CCCCCCCC)S7)=C(C=CS8)C8=C6C9=CC=C(CC(CCCCCCCC)CCCCCC)S9||c1cccc2c1C(=C(C#N)C#N)/C(=C/c1sc(c(c1)C[C@@H](CC)CCCC)c1cc3c([se]1)c1c(C3(c3ccc(cc3)CCCCCC)c3ccc(cc3)CCCCCC)cc3c(c1)C(c1c3[se]c(c1)c1c(cc(s1)/C=C\1/C(=C(C#N)C#N)c3c(C1=O)cccc3)C[C@H](CCCC)CC)(c1ccc(cc1)CCCCCC)c1ccc(cc1)CCCCCC)/C2=O
FC1=C(C2=CC=C(C3=CC4=C(C5=CC=C(SCCCCCCCCCCCC)S5)C(SC(C)=C6)=C6C(C7=CC=C(SCCCCCCCCCCCC)S7)=C4S3)S2)C8=NN(CC(CCCCCC)CCCCCCCC)N=C8C(C9=CC=C(C%10=CC(C(C%11=CC=C(SCCCCCCCCCCCC)S%11)=C(S%12)C(C=C%12C)=C%13C%14=CC=C(SCCCCCCCCCCCC)S%14)=C%13S%10)S9)=C1F,O=C(/C(S/1)=C\C(C2=NN(N=C32)CCCCCCCC)=CC=C3C4=CC5=C(S4)C6=CC7=C(C=C6C5(C8=CC=C(C=C8)CCCCCC)C9=CC=C(C=C9)CCCCCC)C(SC(C(C%10=NN(CCCCCCCC)N=C%11%10)=CC=C%11/C=C%12S/C(N(C\%12=O)CC)=C(C#N)/C#N)=C%13)=C%13C7(C%14=CC=C(CCCCCC)C=C%14)C%15=CC=C(CCCCCC)C=C%15)N(CC)C1=C(C#N)/C#N,8.25,FC1=C(C2=CC=C(C3=CC4=C(C5=CC=C(SCCCCCCCCCCCC)S5)C(SC(C)=C6)=C6C(C7=CC=C(SCCCCCCCCCCCC)S7)=C4S3)S2)C8=NN(CC(CCCCCC)CCCCCCCC)N=C8C(C9=CC=C(C%10=CC(C(C%11=CC=C(SCCCCCCCCCCCC)S%11)=C(S%12)C(C=C%12C)=C%13C%14=CC=C(SCCCCCCCCCCCC)S%14)=C%13S%10)S9)=C1F||O=C(/C(S/1)=C\C(C2=NN(N=C32)CCCCCCCC)=CC=C3C4=CC5=C(S4)C6=CC7=C(C=C6C5(C8=CC=C(C=C8)CCCCCC)C9=CC=C(C=C9)CCCCCC)C(SC(C(C%10=NN(CCCCCCCC)N=C%11%10)=CC=C%11/C=C%12S/C(N(C\%12=O)CC)=C(C#N)/C#N)=C%13)=C%13C7(C%14=CC=C(CCCCCC)C=C%14)C%15=CC=C(CCCCCC)C=C%15)N(CC)C1=C(C#N)/C#N
CC1=CC=C(S1)C2=C(C(C3=C(CC(CCCC)CC)CC(CC(CCCC)CC)=C3C4=O)=O)C4=C(C5=CC=C(S5)C6=CC7=C(C8=C(C(C9=CC(Cl)=C(S9)CC(CCCC)CC)=C7S6)C=C(C)S8)C%10=CC(Cl)=C(S%10)CC(CCCC)CC)S2,CCCCCCC(C(SC1=C2C(C3=CC=C(C=C3)CCCCCC)(C(C=C4C5=C6C7=C(C(CCCCCC)=C(S7)/C=C8C(C(C=CC=C9)=C9C\8=C(C#N)\C#N)=O)S5)=C1C=C4C6(C(C=C%10)=CC=C%10CCCCCC)C(C=C%11)=CC=C%11CCCCCC)C(C=C%12)=CC=C%12CCCCCC)=C2S%13)=C%13/C=C%14C(C(C=CC=C%15)=C%15C\%14=C(C#N)/C#N)=O,8.21,CC1=CC=C(S1)C2=C(C(C3=C(CC(CCCC)CC)CC(CC(CCCC)CC)=C3C4=O)=O)C4=C(C5=CC=C(S5)C6=CC7=C(C8=C(C(C9=CC(Cl)=C(S9)CC(CCCC)CC)=C7S6)C=C(C)S8)C%10=CC(Cl)=C(S%10)CC(CCCC)CC)S2||CCCCCCC(C(SC1=C2C(C3=CC=C(C=C3)CCCCCC)(C(C=C4C5=C6C7=C(C(CCCCCC)=C(S7)/C=C8C(C(C=CC=C9)=C9C\8=C(C#N)\C#N)=O)S5)=C1C=C4C6(C(C=C%10)=CC=C%10CCCCCC)C(C=C%11)=CC=C%11CCCCCC)C(C=C%12)=CC=C%12CCCCCC)=C2S%13)=C%13/C=C%14C(C(C=CC=C%15)=C%15C\%14=C(C#N)/C#N)=O
CC(S1)=CC=C1C(C2=NN(CC(CCCCCCCC)CCCCCC)N=C2C(C3=CC=C(S3)C4=CC5=C(C6=C(C(C7=CC=C(C=C7)[S]CC(CCCCCCCC)CCCCCC)=C5S4)C=C(C)S6)C8=CC=C(C=C8)[S]CC(CCCCCCCC)CCCCCC)=C9F)=C9F,O=C(C1=C(C=CC=C1)C/2=C(C#N)\C#N)C2=C/C3=CC4=C(C(C5(C6=CC=C(CCCCCC)C=C6)C7=CC=C(CCCCCC)C=C7)=C(C8=C5C(SC9=C%10C(C%11=CC=C(CCCCCC)C=C%11)(C%12=C9SC%13=C%12SC(/C=C%14C(C%15=C(C=CC=C%15)C\%14=C(C#N)\C#N)=O)=C%13)C%16=CC=C(CCCCCC)C=C%16)=C%10S8)S4)S3,8.15,CC(S1)=CC=C1C(C2=NN(CC(CCCCCCCC)CCCCCC)N=C2C(C3=CC=C(S3)C4=CC5=C(C6=C(C(C7=CC=C(C=C7)[S]CC(CCCCCCCC)CCCCCC)=C5S4)C=C(C)S6)C8=CC=C(C=C8)[S]CC(CCCCCCCC)CCCCCC)=C9F)=C9F||O=C(C1=C(C=CC=C1)C/2=C(C#N)\C#N)C2=C/C3=CC4=C(C(C5(C6=CC=C(CCCCCC)C=C6)C7=CC=C(CCCCCC)C=C7)=C(C8=C5C(SC9=C%10C(C%11=CC=C(CCCCCC)C=C%11)(C%12=C9SC%13=C%12SC(/C=C%14C(C%15=C(C=CC=C%15)C\%14=C(C#N)\C#N)=O)=C%13)C%16=CC=C(CCCCCC)C=C%16)=C%10S8)S4)S3
c1(c2c(c(c3c1sc(c3)c1ccc(s1)c1sc(c3c1C(=O)c1c(C3=O)c(sc1C[C@@H](CC)CCCC)C[C@H](CC)CCCC)c1cccs1)OC[C@@H](CCCCCCCC)CCCCCC)scc2)c1ccc(cc1)c1ccc(cc1)OC[C@@H](CC)CCCC,c12cc3c(cc1C(c1c2sc2c1sc(c2)/C=C\1/C(=C(C#N)C#N)c2c(C1=O)cccc2)(c1ccc(cc1)CCCCCC)c1ccc(cc1)CCCCCC)c1c(C3(c2ccc(cc2)CCCCCC)c2ccc(cc2)CCCCCC)c2c(s1)cc(s2)/C=C\1/C(=C(C#N)C#N)c2c(C1=O)cccc2,8.1,c1(c2c(c(c3c1sc(c3)c1ccc(s1)c1sc(c3c1C(=O)c1c(C3=O)c(sc1C[C@@H](CC)CCCC)C[C@H](CC)CCCC)c1cccs1)OC[C@@H](CCCCCCCC)CCCCCC)scc2)c1ccc(cc1)c1ccc(cc1)OC[C@@H](CC)CCCC||c12cc3c(cc1C(c1c2sc2c1sc(c2)/C=C\1/C(=C(C#N)C#N)c2c(C1=O)cccc2)(c1ccc(cc1)CCCCCC)c1ccc(cc1)CCCCCC)c1c(C3(c2ccc(cc2)CCCCCC)c2ccc(cc2)CCCCCC)c2c(s1)cc(s2)/C=C\1/C(=C(C#N)C#N)c2c(C1=O)cccc2
O=C(C1=C(CCC(CCCC)CC)SC(CCC(CC)CCCC)=C1C2=O)C(C2=C(C3)C(C4)=CC=C4C5=CC6=C(C(C7=CC=C(CCC(CCCC)CC)S7)=C8C=CSC8=C6C9=CC=C(CCC(CCCC)CC)S9)S5)=C3C%10=CC=CS%10,O=C(/C(S1)=C/C(C2=NSN=C32)=CC=C3C(S4)=CC(C5(C6=CC=C(CCCCCC)C=C6)C7=CC=C(CCCCCC)C=C7)=C4C(C=C89)=C5C=C8C(SC(C%10=CC=C(/C=C%11SC(N(CC)C\%11=O)=S)C%12=NSN=C%10%12)=C%13)=C%13C9(C%14=CC=C(CCCCCC)C=C%14)C%15=CC=C(CCCCCC)C=C%15)N(CC)C1=S,8.09,O=C(C1=C(CCC(CCCC)CC)SC(CCC(CC)CCCC)=C1C2=O)C(C2=C(C3)C(C4)=CC=C4C5=CC6=C(C(C7=CC=C(CCC(CCCC)CC)S7)=C8C=CSC8=C6C9=CC=C(CCC(CCCC)CC)S9)S5)=C3C%10=CC=CS%10||O=C(/C(S1)=C/C(C2=NSN=C32)=CC=C3C(S4)=CC(C5(C6=CC=C(CCCCCC)C=C6)C7=CC=C(CCCCCC)C=C7)=C4C(C=C89)=C5C=C8C(SC(C%10=CC=C(/C=C%11SC(N(CC)C\%11=O)=S)C%12=NSN=C%10%12)=C%13)=C%13C9(C%14=CC=C(CCCCCC)C=C%14)C%15=CC=C(CCCCCC)C=C%15)N(CC)C1=S
c1(c2c(c(c3c1sc(c3)c1ccc(s1)c1sc(c3c1C(=O)c1c(C3=O)c(sc1C[C@@H](CC)CCCC)C[C@H](CC)CCCC)c1cccs1)OC[C@@H](CCCCCCCC)CCCCCC)scc2)c1ccc(cc1)c1ccc(cc1)OC[C@@H](CC)CCCC,N#C/C(C#N)=C(C1=CC=CC=C1C2=O)/C2=C/C3=CC4=C(C5=C(C=C6C(C(CCCCCC)(CCCCCC)C7=C6SC(/C=C8/C(C9=CC=CC=C9C8=O)=C(C#N)/C#N)=C7)=C5)C4(CCCCCC)CCCCCC)S3,7.75,c1(c2c(c(c3c1sc(c3)c1ccc(s1)c1sc(c3c1C(=O)c1c(C3=O)c(sc1C[C@@H](CC)CCCC)C[C@H](CC)CCCC)c1cccs1)OC[C@@H](CCCCCCCC)CCCCCC)scc2)c1ccc(cc1)c1ccc(cc1)OC[C@@H](CC)CCCC||N#C/C(C#N)=C(C1=CC=CC=C1C2=O)/C2=C/C3=CC4=C(C5=C(C=C6C(C(CCCCCC)(CCCCCC)C7=C6SC(/C=C8/C(C9=CC=CC=C9C8=O)=C(C#N)/C#N)=C7)=C5)C4(CCCCCC)CCCCCC)S3
CC1=CC=C(S1)C2=CC(OCC(CCCCCC)CCCCCCCC)=C(C=C2COC(CCCCCCCC)CCCCCC)C3=CC=C(S3)C4=C(C(F)=C(C5=NSN=C45)C)F,O=C(C1=C2C(C3=O)=CC=C(C4=CC=C(S4)/C(C#N)=C/C5=CC(OCCCCCC)=C(C=C5OCCCCCC)/C=C(C6=CC=C(S6)C7=CC=C8C9=C(C(N(C8=O)CC(CC)CCCC)=O)C=CC=C79)\C#N)C2=CC=C1)N3CC(CC)CCCC,7.64,CC1=CC=C(S1)C2=CC(OCC(CCCCCC)CCCCCCCC)=C(C=C2COC(CCCCCCCC)CCCCCC)C3=CC=C(S3)C4=C(C(F)=C(C5=NSN=C45)C)F||O=C(C1=C2C(C3=O)=CC=C(C4=CC=C(S4)/C(C#N)=C/C5=CC(OCCCCCC)=C(C=C5OCCCCCC)/C=C(C6=CC=C(S6)C7=CC=C8C9=C(C(N(C8=O)CC(CC)CCCC)=O)C=CC=C79)\C#N)C2=CC=C1)N3CC(CC)CCCC
FC(C(F)=C(C1=NC(C2=CC=C(C(OCCCCCCCC)=C2)OCCCCCCCC)=C(N=C31)C4=CC=C(C(OCCCCCCCC)=C4)OCCCCCCCC)C)=C3C(S5)=CC=C5C(C=C6)=CC=C6C7=CC=C(C)S7,c12cc3c(cc1C(c1c2sc2c1sc(c2)/C=C\1/C(=C(C#N)C#N)c2c(C1=O)cccc2)(c1ccc(cc1)CCCCCC)c1ccc(cc1)CCCCCC)c1c(C3(c2ccc(cc2)CCCCCC)c2ccc(cc2)CCCCCC)c2c(s1)cc(s2)/C=C\1/C(=C(C#N)C#N)c2c(C1=O)cccc2,7.6,FC(C(F)=C(C1=NC(C2=CC=C(C(OCCCCCCCC)=C2)OCCCCCCCC)=C(N=C31)C4=CC=C(C(OCCCCCCCC)=C4)OCCCCCCCC)C)=C3C(S5)=CC=C5C(C=C6)=CC=C6C7=CC=C(C)S7||c12cc3c(cc1C(c1c2sc2c1sc(c2)/C=C\1/C(=C(C#N)C#N)c2c(C1=O)cccc2)(c1ccc(cc1)CCCCCC)c1ccc(cc1)CCCCCC)c1c(C3(c2ccc(cc2)CCCCCC)c2ccc(cc2)CCCCCC)c2c(s1)cc(s2)/C=C\1/C(=C(C#N)C#N)c2c(C1=O)cccc2
ClC(C=C1C(C2=C3SC(C4=CC=C(S4)C(C5=NN(N=C65)CC(CCCCCC)CCCCCCCC)=C(OC)C(OC)=C6C7=CC=C(C)S7)=C2)=C8SC(C)=CC8=C3C9=CC(Cl)=C(S9)CC)=C(S1)CC,O=C(/C(S/1)=C\C(C2=NN(N=C32)CCCCCCCC)=CC=C3C4=CC5=C(S4)C6=CC7=C(C=C6C5(C8=CC=C(C=C8)CCCCCC)C9=CC=C(C=C9)CCCCCC)C(SC(C(C%10=NN(CCCCCCCC)N=C%11%10)=CC=C%11/C=C%12S/C(N(C\%12=O)CC%13=CC=CC=C%13)=C(C#N)/C#N)=C%14)=C%14C7(C%15=CC=C(CCCCCC)C=C%15)C%16=CC=C(CCCCCC)C=C%16)N(CC%17=CC=CC=C%17)C1=C(C#N)/C#N,7.4,ClC(C=C1C(C2=C3SC(C4=CC=C(S4)C(C5=NN(N=C65)CC(CCCCCC)CCCCCCCC)=C(OC)C(OC)=C6C7=CC=C(C)S7)=C2)=C8SC(C)=CC8=C3C9=CC(Cl)=C(S9)CC)=C(S1)CC||O=C(/C(S/1)=C\C(C2=NN(N=C32)CCCCCCCC)=CC=C3C4=CC5=C(S4)C6=CC7=C(C=C6C5(C8=CC=C(C=C8)CCCCCC)C9=CC=C(C=C9)CCCCCC)C(SC(C(C%10=NN(CCCCCCCC)N=C%11%10)=CC=C%11/C=C%12S/C(N(C\%12=O)CC%13=CC=CC=C%13)=C(C#N)/C#N)=C%14)=C%14C7(C%15=CC=C(CCCCCC)C=C%15)C%16=CC=C(CCCCCC)C=C%16)N(CC%17=CC=CC=C%17)C1=C(C#N)/C#N
FC1=C(C(OCC(CCCC)CC)=O)SC2=CSC(C3=CC4=C(C5=C(C(C6=CC=C(CC(CC)CCCC)S6)=C4S3)C=CS5)C7=CC=C(CC(CC)CCCC)S7)=C12,S=C(N(C/1=O)CC)SC1=C\C(C2=NSN=C32)=CC=C3C4=CC(C5(C6=CC=C(C=C6)CCCCCC)C(C=C7)=CC=C7CCCCCC)=C(C8=CC9=C(C%10=C(C9(C%11=CC=C(C=C%11)CCCCCC)C%12=CC=C(C=C%12)CCCCCC)C=C(C%13=CC=C(C%14=NSN=C%13%14)/C=C%15SC(N(C/%15=O)CC)=S)S%10)C=C85)S4,7.31,FC1=C(C(OCC(CCCC)CC)=O)SC2=CSC(C3=CC4=C(C5=C(C(C6=CC=C(CC(CC)CCCC)S6)=C4S3)C=CS5)C7=CC=C(CC(CC)CCCC)S7)=C12||S=C(N(C/1=O)CC)SC1=C\C(C2=NSN=C32)=CC=C3C4=CC(C5(C6=CC=C(C=C6)CCCCCC)C(C=C7)=CC=C7CCCCCC)=C(C8=CC9=C(C%10=C(C9(C%11=CC=C(C=C%11)CCCCCC)C%12=CC=C(C=C%12)CCCCCC)C=C(C%13=CC=C(C%14=NSN=C%13%14)/C=C%15SC(N(C/%15=O)CC)=S)S%10)C=C85)S4
FC(C(F)=C(C1=NC(C2=CC(F)=C(S2)CC(CCCC)CC)=C(N=C31)C4=CC(F)=C(S4)CC(CCCC)CC)C5=CC=C(S5)C6=CC7=C(C8=C(C(C9=CC=C(S9)CC(CCCC)CCCC)=C7S6)C=C(S8)[*])C%10=CC=C(S%10)CC(CCCC)CCCC)=C3C%11=CC=CS%11,c12cc3c(cc1C(c1c2sc2c1sc(c2)/C=C\1/C(=C(C#N)C#N)c2c(C1=O)cccc2)(c1ccc(cc1)CCCCCC)c1ccc(cc1)CCCCCC)c1c(C3(c2ccc(cc2)CCCCCC)c2ccc(cc2)CCCCCC)c2c(s1)cc(s2)/C=C\1/C(=C(C#N)C#N)c2c(C1=O)cccc2,7.22,FC(C(F)=C(C1=NC(C2=CC(F)=C(S2)CC(CCCC)CC)=C(N=C31)C4=CC(F)=C(S4)CC(CCCC)CC)C5=CC=C(S5)C6=CC7=C(C8=C(C(C9=CC=C(S9)CC(CCCC)CCCC)=C7S6)C=C(S8)[*])C%10=CC=C(S%10)CC(CCCC)CCCC)=C3C%11=CC=CS%11||c12cc3c(cc1C(c1c2sc2c1sc(c2)/C=C\1/C(=C(C#N)C#N)c2c(C1=O)cccc2)(c1ccc(cc1)CCCCCC)c1ccc(cc1)CCCCCC)c1c(C3(c2ccc(cc2)CCCCCC)c2ccc(cc2)CCCCCC)c2c(s1)cc(s2)/C=C\1/C(=C(C#N)C#N)c2c(C1=O)cccc2
CC1=CC=C(S1)C2=CC(OCC(CCCCCC)CCCCCCCC)=C(C=C2COC(CCCCCCCC)CCCCCC)C3=CC=C(S3)C4=C(C(F)=C(C5=NSN=C45)C)F,O=C(C(C=CC(C)=C1)=C1C/2=C(C#N)\C#N)C2=C/C3=CC(CC4=C5C(C6=CC=C(C=C6)CCCCCC)(C7=C4C=C8C(C(C=C9)=CC=C9CCCCCC)(C%10=CC=C(C=C%10)CCCCCC)C%11=C(SC%12=C%11SC(/C=C%13C(C(C=CC(C)=C%14)=C%14C\%13=C(C#N)\C#N)=O)=C%12)C8=C7)C%15=CC=C(CCCCCC)C=C%15)=C5S3,7.2,CC1=CC=C(S1)C2=CC(OCC(CCCCCC)CCCCCCCC)=C(C=C2COC(CCCCCCCC)CCCCCC)C3=CC=C(S3)C4=C(C(F)=C(C5=NSN=C45)C)F||O=C(C(C=CC(C)=C1)=C1C/2=C(C#N)\C#N)C2=C/C3=CC(CC4=C5C(C6=CC=C(C=C6)CCCCCC)(C7=C4C=C8C(C(C=C9)=CC=C9CCCCCC)(C%10=CC=C(C=C%10)CCCCCC)C%11=C(SC%12=C%11SC(/C=C%13C(C(C=CC(C)=C%14)=C%14C\%13=C(C#N)\C#N)=O)=C%12)C8=C7)C%15=CC=C(CCCCCC)C=C%15)=C5S3
CC1=CC2=C(C3=C([Si]2(CCCCCCCC)CCCCCCCC)C=C(C4=C(C=C(C5=NN(N=C45)CCCCCC)C6=CC7=C(C8=C([Si]7(CCCCCCCC)CCCCCCCC)C=C(C9=CC(F)=C(C%10=NN(N=C9%10)CCCCCC)C)S8)S6)F)S3)S1,O=C(C1=C(N(C(C1=C2C3=CC=C(S3)C#CC4=CC=C(C=C4)N5C6=C(C=CC=C6)C7=C5C=CC=C7)=O)CCCCCCCCCC)C8=CC=C(C(/C(C9=CC=C(C=C9)N%10C%11=C(C=CC=C%11)C%12=C%10C=CC=C%12)=C(C#N)\C#N)=C(C#N)\C#N)S8)N2CCCCCCCCCC,7.19,CC1=CC2=C(C3=C([Si]2(CCCCCCCC)CCCCCCCC)C=C(C4=C(C=C(C5=NN(N=C45)CCCCCC)C6=CC7=C(C8=C([Si]7(CCCCCCCC)CCCCCCCC)C=C(C9=CC(F)=C(C%10=NN(N=C9%10)CCCCCC)C)S8)S6)F)S3)S1||O=C(C1=C(N(C(C1=C2C3=CC=C(S3)C#CC4=CC=C(C=C4)N5C6=C(C=CC=C6)C7=C5C=CC=C7)=O)CCCCCCCCCC)C8=CC=C(C(/C(C9=CC=C(C=C9)N%10C%11=C(C=CC=C%11)C%12=C%10C=CC=C%12)=C(C#N)\C#N)=C(C#N)\C#N)S8)N2CCCCCCCCCC
CC1=CC(C)=C(C2=NC3=C(S2)N=C(C4=C(CCCCCCCC)C=C(C5=CC6=C(C7=C([Si]6(CCCCCCCC)CCCCCCCC)C=C(C)S7)S5)S4)S3)S1,O=C(N(C(N(C/1=O)CC)=S)CC)C1=C\C(S2)=CC=C2C3=CC=C(C(C=C4)=C5C=C4C6=CC=C(S6)/C=C7C(N(C(N(C\7=O)CC)=S)CC)=O)C(C5(CCCCCCCC)CCCCCCCC)=C3,7.17,CC1=CC(C)=C(C2=NC3=C(S2)N=C(C4=C(CCCCCCCC)C=C(C5=CC6=C(C7=C([Si]6(CCCCCCCC)CCCCCCCC)C=C(C)S7)S5)S4)S3)S1||O=C(N(C(N(C/1=O)CC)=S)CC)C1=C\C(S2)=CC=C2C3=CC=C(C(C=C4)=C5C=C4C6=CC=C(S6)/C=C7C(N(C(N(C\7=O)CC)=S)CC)=O)C(C5(CCCCCCCC)CCCCCCCC)=C3
FC1=C(C2=CC=C(C3=CC4=C(C5=CC=C(CC(CCCC)CC)S5)C(SC(C)=C6)=C6C(C7=CC=C(CC(CCCC)CC)S7)=C4S3)S2)C8=NN(CC(CCCCCC)CCCCCCCC)N=C8C(C9=CC=C(C%10=CC(C(C%11=CC=C(CC(CCCC)CC)S%11)=C(S%12)C(C=C%12C)=C%13C%14SC(CC(CCCC)CC)=CC%14)=C%13S%10)S9)=C1F,O=C(C/1=C\C2=C(C3=C(S2)C(N4C5=CC=C(CCCCCC)C=C5)=C(C6=C4C7=C(C8=NSN=C68)C(SC9=C%10SC(/C=C%11C(C%12=CC(F)=C(C=C%12C\%11=C(C#N)/C#N)F)=O)=C9CCCCCCCCCCC)=C%10N7C%13=CC=C(CCCCCC)C=C%13)S3)CCCCCCCCCCC)C%14=CC(F)=C(F)C=C%14C1=C(C#N)/C#N,7.15,FC1=C(C2=CC=C(C3=CC4=C(C5=CC=C(CC(CCCC)CC)S5)C(SC(C)=C6)=C6C(C7=CC=C(CC(CCCC)CC)S7)=C4S3)S2)C8=NN(CC(CCCCCC)CCCCCCCC)N=C8C(C9=CC=C(C%10=CC(C(C%11=CC=C(CC(CCCC)CC)S%11)=C(S%12)C(C=C%12C)=C%13C%14SC(CC(CCCC)CC)=CC%14)=C%13S%10)S9)=C1F||O=C(C/1=C\C2=C(C3=C(S2)C(N4C5=CC=C(CCCCCC)C=C5)=C(C6=C4C7=C(C8=NSN=C68)C(SC9=C%10SC(/C=C%11C(C%12=CC(F)=C(C=C%12C\%11=C(C#N)/C#N)F)=O)=C9CCCCCCCCCCC)=C%10N7C%13=CC=C(CCCCCC)C=C%13)S3)CCCCCCCCCCC)C%14=CC(F)=C(F)C=C%14C1=C(C#N)/C#N
c1sc(cc1C[C@H](CCCCCCCC)CCCCCCCCCC)c1c(c(c(c2c1nsn2)c1sc(c(c1)C[C@@H](CCCCCCCC)CCCCCCCCCC)c1ccc(s1)c1sccc1)F)F,c1(ccc(c2c1nsn2)c1cc2c(cc1)c1c(C2(CCCCCCCCCC)CCCCCCCCCC)cc(cc1)c1ccc(c2c1nsn2)/C=C/1\SC(=C(S1)SCCCCCC)SCCCCCC)/C=C\1/SC(=C(S1)SCCCCCC)SCCCCCC,7.13,c1sc(cc1C[C@H](CCCCCCCC)CCCCCCCCCC)c1c(c(c(c2c1nsn2)c1sc(c(c1)C[C@@H](CCCCCCCC)CCCCCCCCCC)c1ccc(s1)c1sccc1)F)F||c1(ccc(c2c1nsn2)c1cc2c(cc1)c1c(C2(CCCCCCCCCC)CCCCCCCCCC)cc(cc1)c1ccc(c2c1nsn2)/C=C/1\SC(=C(S1)SCCCCCC)SCCCCCC)/C=C\1/SC(=C(S1)SCCCCCC)SCCCCCC
c1sc(cc1C[C@H](CCCCCCCC)CCCCCCCCCC)c1c(c(c(c2c1nsn2)c1sc(c(c1)C[C@@H](CCCCCCCC)CCCCCCCCCC)c1ccc(s1)c1sccc1)F)F,CCN1C(/C(SC1=S)=C/C2=CC=C(C3=NSN=C23)C4=CC=C5C(C(C6=C5C=CC(C7=CC=C(C8=NSN=C78)/C=C9SC(N(C\9=O)CC)=S)=C6)(CCCCCCCC)CCCCCCCC)=C4)=O,7.04,c1sc(cc1C[C@H](CCCCCCCC)CCCCCCCCCC)c1c(c(c(c2c1nsn2)c1sc(c(c1)C[C@@H](CCCCCCCC)CCCCCCCCCC)c1ccc(s1)c1sccc1)F)F||CCN1C(/C(SC1=S)=C/C2=CC=C(C3=NSN=C23)C4=CC=C5C(C(C6=C5C=CC(C7=CC=C(C8=NSN=C78)/C=C9SC(N(C\9=O)CC)=S)=C6)(CCCCCCCC)CCCCCCCC)=C4)=O
CC1=CC(F)=C(S1)C2=C(F)C=C(C3=C(CC(CCCCCCCC)CCCCCC)C=C(C4=CC(CC(CCCCCC)CCCCCCCC)=C(S4)C)S3)S2,O=C(/C(S1)=C/C(C2=NSN=C32)=CC=C3C(S4)=CC(C5(C6=CC=C(CCCCCC)C=C6)C7=CC=C(CCCCCC)C=C7)=C4C(C=C89)=C5C=C8C(SC(C%10=CC=C(/C=C%11SC(N(CC)C\%11=O)=S)C%12=NSN=C%10%12)=C%13)=C%13C9(C%14=CC=C(CCCCCC)C=C%14)C%15=CC=C(CCCCCC)C=C%15)N(CC)C1=S,7.0,CC1=CC(F)=C(S1)C2=C(F)C=C(C3=C(CC(CCCCCCCC)CCCCCC)C=C(C4=CC(CC(CCCCCC)CCCCCCCC)=C(S4)C)S3)S2||O=C(/C(S1)=C/C(C2=NSN=C32)=CC=C3C(S4)=CC(C5(C6=CC=C(CCCCCC)C=C6)C7=CC=C(CCCCCC)C=C7)=C4C(C=C89)=C5C=C8C(SC(C%10=CC=C(/C=C%11SC(N(CC)C\%11=O)=S)C%12=NSN=C%10%12)=C%13)=C%13C9(C%14=CC=C(CCCCCC)C=C%14)C%15=CC=C(CCCCCC)C=C%15)N(CC)C1=S
FC(C(F)=C(C1=NC(C2=CC=C(C(OCCCCCCCC)=C2)OCCCCCCCC)=C(N=C31)C4=CC=C(C(OCCCCCCCC)=C4)OCCCCCCCC)C)=C3C(S5)=CC=C5C(C=C6)=CC=C6C7=CC=C(C)S7,O=C1C(/C(C2=CC=CC=C21)=C(C#N)/C#N)=C/C3=CC(CCCCCC)=C(S3)C4=CC(CCCCCC)=C(S4)C5=CC6=C(S5)C7=C(C=C(S7)C8=C(CCCCCC)C=C(C9=C(CCCCCC)C=C(/C=C(\C(C%10=CC=CC=C%10%11)=C(C#N)\C#N)C%11=O)S9)S8)N6C(CCCCCCCC)CCCCCCCC,6.94,FC(C(F)=C(C1=NC(C2=CC=C(C(OCCCCCCCC)=C2)OCCCCCCCC)=C(N=C31)C4=CC=C(C(OCCCCCCCC)=C4)OCCCCCCCC)C)=C3C(S5)=CC=C5C(C=C6)=CC=C6C7=CC=C(C)S7||O=C1C(/C(C2=CC=CC=C21)=C(C#N)/C#N)=C/C3=CC(CCCCCC)=C(S3)C4=CC(CCCCCC)=C(S4)C5=CC6=C(S5)C7=C(C=C(S7)C8=C(CCCCCC)C=C(C9=C(CCCCCC)C=C(/C=C(\C(C%10=CC=CC=C%10%11)=C(C#N)\C#N)C%11=O)S9)S8)N6C(CCCCCCCC)CCCCCCCC
CC1=CC=C(S1)C2=CC(OCC(CCCCCC)CCCCCCCC)=C(C=C2COC(CCCCCCCC)CCCCCC)C3=CC=C(S3)C4=C(C(F)=C(C5=NSN=C45)C)F,S=C(N(C/1=O)CC)SC1=C/C(S2)=CC=C2C(C3=NSN=C3C(C4=CC=C(S4)/C=C5SC(N(C\5=O)CC)=S)=C6OCCCCCC)=C6OCCCCCC,6.9,CC1=CC=C(S1)C2=CC(OCC(CCCCCC)CCCCCCCC)=C(C=C2COC(CCCCCCCC)CCCCCC)C3=CC=C(S3)C4=C(C(F)=C(C5=NSN=C45)C)F||S=C(N(C/1=O)CC)SC1=C/C(S2)=CC=C2C(C3=NSN=C3C(C4=CC=C(S4)/C=C5SC(N(C\5=O)CC)=S)=C6OCCCCCC)=C6OCCCCCC
FC(C(F)=C(C1=NSN=C21)C3=CC(CC(CCCCCCCCCCCC)CCCCCCCCCC)=C(S3)C4=CC=C(S4)C5=CC=C(S5)C)=C2C6=CC(CC(CCCCCCCCCCCC)CCCCCCCCCC)=C(C)S6,O=C(C1=CC=CC=C1C/2=C(C#N)\C#N)C2=C/C3=CC4=C(C(C(C5=CC=C(CCCCCC)S5)(C6=C7C=C8C(C9=CC=C(S9)CCCCCC)(C%10=CC=C(S%10)CCCCCC)C%11=C(SC%12=C%11SC(/C=C%13C(C%14=CC=CC=C%14C\%13=C(C#N)\C#N)=O)=C%12)C8=C6)C(S%15)=CC=C%15CCCCCC)=C7S4)S3,6.6,FC(C(F)=C(C1=NSN=C21)C3=CC(CC(CCCCCCCCCCCC)CCCCCCCCCC)=C(S3)C4=CC=C(S4)C5=CC=C(S5)C)=C2C6=CC(CC(CCCCCCCCCCCC)CCCCCCCCCC)=C(C)S6||O=C(C1=CC=CC=C1C/2=C(C#N)\C#N)C2=C/C3=CC4=C(C(C(C5=CC=C(CCCCCC)S5)(C6=C7C=C8C(C9=CC=C(S9)CCCCCC)(C%10=CC=C(S%10)CCCCCC)C%11=C(SC%12=C%11SC(/C=C%13C(C%14=CC=CC=C%14C\%13=C(C#N)\C#N)=O)=C%12)C8=C6)C(S%15)=CC=C%15CCCCCC)=C7S4)S3
c1scc(c1)CCCCCC,O=C(/C(S/1)=C\C(C2=NN(N=C32)CCCCCCCC)=CC=C3C4=CC(C5(C6=CC=C(C=C6)OCCCCCC)C7=CC=C(C=C7)OCCCCCC)=C(S4)C(C=C8C9(C(C=C%10)=CC=C%10OCCCCCC)C(C=C%11)=CC=C%11OCCCCCC)=C5C=C8C(S%12)=C9C=C%12C(C%13=NN%14CCCCCCCC)=CC=C(C%13=N%14)/C=C%15S/C(N(CC)C/%15=O)=C(C#N)\C#N)N(CC)C1=C(C#N)/C#N,6.56,c1scc(c1)CCCCCC||O=C(/C(S/1)=C\C(C2=NN(N=C32)CCCCCCCC)=CC=C3C4=CC(C5(C6=CC=C(C=C6)OCCCCCC)C7=CC=C(C=C7)OCCCCCC)=C(S4)C(C=C8C9(C(C=C%10)=CC=C%10OCCCCCC)C(C=C%11)=CC=C%11OCCCCCC)=C5C=C8C(S%12)=C9C=C%12C(C%13=NN%14CCCCCCCC)=CC=C(C%13=N%14)/C=C%15S/C(N(CC)C/%15=O)=C(C#N)\C#N)N(CC)C1=C(C#N)/C#N
FC1=C(C2=CC=C(C3=CC4=C(C5=CC=C(CC(CCCC)CC)S5)C(SC(C)=C6)=C6C(C7=CC=C(CC(CCCC)CC)S7)=C4S3)S2)C8=NN(CC(CCCCCC)CCCCCCCC)N=C8C(C9=CC=C(C%10=CC(C(C%11=CC=C(CC(CCCC)CC)S%11)=C(S%12)C(C=C%12C)=C%13C%14SC(CC(CCCC)CC)=CC%14)=C%13S%10)S9)=C1F,O=C1C(/C(C2=C1C=CC=C2)=C(C#N)\C#N)=C\C3=CC(OCC(CCCC)CC)=C(C4=CC(C(C5=CC(C6=C7C=C(C8=C(C=C(/C=C(C9=O)/C(C%10=C9C=CC=C%10)=C(C#N)\C#N)S8)OCC(CCCC)CC)S6)=C(C7(C%11=CC=C(C=C%11)CCCCCC)C%12=CC=C(C=C%12)CCCCCC)C=C%135)(C%14=CC=C(C=C%14)CCCCCC)C(C=C%15)=CC=C%15CCCCCC)=C%13S4)S3,6.5,FC1=C(C2=CC=C(C3=CC4=C(C5=CC=C(CC(CCCC)CC)S5)C(SC(C)=C6)=C6C(C7=CC=C(CC(CCCC)CC)S7)=C4S3)S2)C8=NN(CC(CCCCCC)CCCCCCCC)N=C8C(C9=CC=C(C%10=CC(C(C%11=CC=C(CC(CCCC)CC)S%11)=C(S%12)C(C=C%12C)=C%13C%14SC(CC(CCCC)CC)=CC%14)=C%13S%10)S9)=C1F||O=C1C(/C(C2=C1C=CC=C2)=C(C#N)\C#N)=C\C3=CC(OCC(CCCC)CC)=C(C4=CC(C(C5=CC(C6=C7C=C(C8=C(C=C(/C=C(C9=O)/C(C%10=C9C=CC=C%10)=C(C#N)\C#N)S8)OCC(CCCC)CC)S6)=C(C7(C%11=CC=C(C=C%11)CCCCCC)C%12=CC=C(C=C%12)CCCCCC)C=C%135)(C%14=CC=C(C=C%14)CCCCCC)C(C=C%15)=CC=C%15CCCCCC)=C%13S4)S3
CC(S1)=CC=C1C(C2=NN(CC(CCCCCCCC)CCCCCC)N=C32)=C(F)C(F)=C3C(S4)=CC=C4C5=CC(S6)=C(S5)C(C6=C7C8=CC=C(SCC(CCCC)CCCCCC)S8)=C(C9=CC=C(SCC(CCCC)CCCCCC)S9)C%10=C7C%11=C(S%10)C=C(C)S%11,O=C(C(C=CC=C1)=C1C/2=C(C#N)\C#N)C2=C\C3=CC(C(C4=CC=C(CCCCCC)C=C4)(C5=CC=C(CCCCCC)C=C5)C6=C7SC8=C6C(C9=CC=C(C=C9)SCC(CC)CCCC)=C%10SC(C%11=C(C%12(C%13=CC=C(CCCCCC)C=C%13)C%14=CC=C(CCCCCC)C=C%14)C=C(/C=C%15C(C(C=CC=C%16)=C%16C/%15=C(C#N)/C#N)=O)S%11)=C%12C%10=C8C%17=CC=C(C=C%17)SCC(CCCC)CC)=C7S3,6.5,CC(S1)=CC=C1C(C2=NN(CC(CCCCCCCC)CCCCCC)N=C32)=C(F)C(F)=C3C(S4)=CC=C4C5=CC(S6)=C(S5)C(C6=C7C8=CC=C(SCC(CCCC)CCCCCC)S8)=C(C9=CC=C(SCC(CCCC)CCCCCC)S9)C%10=C7C%11=C(S%10)C=C(C)S%11||O=C(C(C=CC=C1)=C1C/2=C(C#N)\C#N)C2=C\C3=CC(C(C4=CC=C(CCCCCC)C=C4)(C5=CC=C(CCCCCC)C=C5)C6=C7SC8=C6C(C9=CC=C(C=C9)SCC(CC)CCCC)=C%10SC(C%11=C(C%12(C%13=CC=C(CCCCCC)C=C%13)C%14=CC=C(CCCCCC)C=C%14)C=C(/C=C%15C(C(C=CC=C%16)=C%16C/%15=C(C#N)/C#N)=O)S%11)=C%12C%10=C8C%17=CC=C(C=C%17)SCC(CCCC)CC)=C7S3
FC(C=C1C(S2)=C(CC(CCCCCC)CCCC)C=C2C3=CC(CC(CCCC)CCCCCC)=C(C)S3)=C(S1)C4=C(F)C=C(C5=C(CC(CCCCCC)CCCCCCCC)C=C(C6=CC(CC(CCCCCCCC)CCCCCC)=C(S6)C7=CC(F)=C(S7)C8=C(F)C=C(C)S8)S5)S4,O=C(/C(S1)=C/C(C2=NSN=C32)=CC=C3C(S4)=CC(C5(C6=CC=C(CCCCCC)C=C6)C7=CC=C(CCCCCC)C=C7)=C4C(C=C89)=C5C=C8C(SC(C%10=CC=C(/C=C%11SC(N(CC)C\%11=O)=S)C%12=NSN=C%10%12)=C%13)=C%13C9(C%14=CC=C(CCCCCC)C=C%14)C%15=CC=C(CCCCCC)C=C%15)N(CC)C1=S,6.5,FC(C=C1C(S2)=C(CC(CCCCCC)CCCC)C=C2C3=CC(CC(CCCC)CCCCCC)=C(C)S3)=C(S1)C4=C(F)C=C(C5=C(CC(CCCCCC)CCCCCCCC)C=C(C6=CC(CC(CCCCCCCC)CCCCCC)=C(S6)C7=CC(F)=C(S7)C8=C(F)C=C(C)S8)S5)S4||O=C(/C(S1)=C/C(C2=NSN=C32)=CC=C3C(S4)=CC(C5(C6=CC=C(CCCCCC)C=C6)C7=CC=C(CCCCCC)C=C7)=C4C(C=C89)=C5C=C8C(SC(C%10=CC=C(/C=C%11SC(N(CC)C\%11=O)=S)C%12=NSN=C%10%12)=C%13)=C%13C9(C%14=CC=C(CCCCCC)C=C%14)C%15=CC=C(CCCCCC)C=C%15)N(CC)C1=S
O=C1C(C=CS2)=C2C3=C(C=C(S3)C4=CC5=C(C6=C(C(C7=CC=C(S7)CC(CC)CCCC)=C5S4)C=C(C)S6)C8=CC=C(S8)CC(CCCC)CC)N1CC(CCCCCCCCCC)CCCCCCCC,FC1=C(F)C=C(C/2=C(C#N)\C#N)C(C(C2=C/C(S3)=CC(S4)=C3C5=C4C(SC6=C7SC8=C6OC(C9=C8CC%10=C9SC(/C=C%11C(C%12=CC(F)=C(F)C=C%12C\%11=C(C#N)/C#N)=O)=C%10)(C%13=CC=C(CCCCCC)C=C%13)C%14=CC=C(CCCCCC)C=C%14)=C7OC5(C%15=CC=C(CCCCCC)C=C%15)C%16=CC=C(CCCCCC)C=C%16)=O)=C1,6.46,O=C1C(C=CS2)=C2C3=C(C=C(S3)C4=CC5=C(C6=C(C(C7=CC=C(S7)CC(CC)CCCC)=C5S4)C=C(C)S6)C8=CC=C(S8)CC(CCCC)CC)N1CC(CCCCCCCCCC)CCCCCCCC||FC1=C(F)C=C(C/2=C(C#N)\C#N)C(C(C2=C/C(S3)=CC(S4)=C3C5=C4C(SC6=C7SC8=C6OC(C9=C8CC%10=C9SC(/C=C%11C(C%12=CC(F)=C(F)C=C%12C\%11=C(C#N)/C#N)=O)=C%10)(C%13=CC=C(CCCCCC)C=C%13)C%14=CC=C(CCCCCC)C=C%14)=C7OC5(C%15=CC=C(CCCCCC)C=C%15)C%16=CC=C(CCCCCC)C=C%16)=O)=C1
CC1=CC(C(C2=CC(CCCCCC)=C(S2)CCCCCC)=C3SC(C4=CC=C(S4)C5=C(C(F)=C(C6=NN(N=C56)CC(CCCC)CCCCCC)C7=CC=C(S7)C)F)=CC3=C8C9=CC(CCCCCC)=C(S9)CCCCCC)=C8S1,FC(C(F)=C(C1=NSN=C21)/C=C3SC(N(C\3=O)CC)=S)=C2C4=CC(C5(C6=CC=C(CCCCCC)C=C6)C7=CC=C(CCCCCC)C=C7)=C(C8=CC9=C(C%10=C(C9(C%11=CC=C(CCCCCC)C=C%11)C%12=CC=C(CCCCCC)C=C%12)C=C(C%13=C(C(F)=C(C%14=NSN=C%13%14)/C=C%15SC(N(C\%15=O)CC)=S)F)S%10)C=C85)S4,6.34,CC1=CC(C(C2=CC(CCCCCC)=C(S2)CCCCCC)=C3SC(C4=CC=C(S4)C5=C(C(F)=C(C6=NN(N=C56)CC(CCCC)CCCCCC)C7=CC=C(S7)C)F)=CC3=C8C9=CC(CCCCCC)=C(S9)CCCCCC)=C8S1||FC(C(F)=C(C1=NSN=C21)/C=C3SC(N(C\3=O)CC)=S)=C2C4=CC(C5(C6=CC=C(CCCCCC)C=C6)C7=CC=C(CCCCCC)C=C7)=C(C8=CC9=C(C%10=C(C9(C%11=CC=C(CCCCCC)C=C%11)C%12=CC=C(CCCCCC)C=C%12)C=C(C%13=C(C(F)=C(C%14=NSN=C%13%14)/C=C%15SC(N(C\%15=O)CC)=S)F)S%10)C=C85)S4
c1scc(c1)CCCCCC,O=C(/C(S1)=C/C(C2=NSN=C32)=CC=C3C(S4)=CC(C5(C6=CC=C(CCCCCC)C=C6)C7=CC=C(CCCCCC)C=C7)=C4C(C=C89)=C5C=C8C(SC(C%10=CC=C(/C=C%11SC(N(CC)C\%11=O)=S)C%12=NSN=C%10%12)=C%13)=C%13C9(C%14=CC=C(CCCCCC)C=C%14)C%15=CC=C(CCCCCC)C=C%15)N(CC)C1=S,6.3,c1scc(c1)CCCCCC||O=C(/C(S1)=C/C(C2=NSN=C32)=CC=C3C(S4)=CC(C5(C6=CC=C(CCCCCC)C=C6)C7=CC=C(CCCCCC)C=C7)=C4C(C=C89)=C5C=C8C(SC(C%10=CC=C(/C=C%11SC(N(CC)C\%11=O)=S)C%12=NSN=C%10%12)=C%13)=C%13C9(C%14=CC=C(CCCCCC)C=C%14)C%15=CC=C(CCCCCC)C=C%15)N(CC)C1=S
FC(C=C1C(S2)=C(CC(CCCCCC)CCCC)C=C2C3=CC(CC(CCCC)CCCCCC)=C(C)S3)=C(S1)C4=C(F)C=C(C)S4,O=C(/C(S1)=C/C(C2=NSN=C32)=CC=C3C(S4)=CC(C5(C6=CC=C(CCCCCC)C=C6)C7=CC=C(CCCCCC)C=C7)=C4C(C=C89)=C5C=C8C(SC(C%10=CC=C(/C=C%11SC(N(CC)C\%11=O)=S)C%12=NSN=C%10%12)=C%13)=C%13C9(C%14=CC=C(CCCCCC)C=C%14)C%15=CC=C(CCCCCC)C=C%15)N(CC)C1=S,6.3,FC(C=C1C(S2)=C(CC(CCCCCC)CCCC)C=C2C3=CC(CC(CCCC)CCCCCC)=C(C)S3)=C(S1)C4=C(F)C=C(C)S4||O=C(/C(S1)=C/C(C2=NSN=C32)=CC=C3C(S4)=CC(C5(C6=CC=C(CCCCCC)C=C6)C7=CC=C(CCCCCC)C=C7)=C4C(C=C89)=C5C=C8C(SC(C%10=CC=C(/C=C%11SC(N(CC)C\%11=O)=S)C%12=NSN=C%10%12)=C%13)=C%13C9(C%14=CC=C(CCCCCC)C=C%14)C%15=CC=C(CCCCCC)C=C%15)N(CC)C1=S
CC(S1)=CC=C1C(C2=NN(CC(CCCCCCCC)CCCCCC)N=C32)=C(F)C(F)=C3C(S4)=CC=C4C5=CC(S6)=C(S5)C(C6=C7C8=CC=C(SCC(CCCC)CCCCCC)S8)=C(C9=CC=C(SCC(CCCC)CCCCCC)S9)C%10=C7C%11=C(S%10)C=C(C)S%11,O=C(C(C=CC=C1)=C1C/2=C(C#N)\C#N)C2=C\C3=CC(C(C4=CC=C(CCCCCC)C=C4)(C5=CC=C(CCCCCC)C=C5)C6=C7SC8=C6C(C9=CC=C(C=C9)SCC(CC)CCCC)=C%10C(C(SC%11=C%12C(C%13=CC=C(C=C%13)CCCCCC)(C%14=C%11SC(/C=C%15C(C(C=CC=C%16)=C%16C/%15=C(C#N)/C#N)=O)=C%14)C%17=CC=C(C=C%17)CCCCCC)=C%12S%10)=C8C%18=CC=C(C=C%18)SCC(CCCC)CC)=C7S3,6.2,CC(S1)=CC=C1C(C2=NN(CC(CCCCCCCC)CCCCCC)N=C32)=C(F)C(F)=C3C(S4)=CC=C4C5=CC(S6)=C(S5)C(C6=C7C8=CC=C(SCC(CCCC)CCCCCC)S8)=C(C9=CC=C(SCC(CCCC)CCCCCC)S9)C%10=C7C%11=C(S%10)C=C(C)S%11||O=C(C(C=CC=C1)=C1C/2=C(C#N)\C#N)C2=C\C3=CC(C(C4=CC=C(CCCCCC)C=C4)(C5=CC=C(CCCCCC)C=C5)C6=C7SC8=C6C(C9=CC=C(C=C9)SCC(CC)CCCC)=C%10C(C(SC%11=C%12C(C%13=CC=C(C=C%13)CCCCCC)(C%14=C%11SC(/C=C%15C(C(C=CC=C%16)=C%16C/%15=C(C#N)/C#N)=O)=C%14)C%17=CC=C(C=C%17)CCCCCC)=C%12S%10)=C8C%18=CC=C(C=C%18)SCC(CCCC)CC)=C7S3
FC1=C(C(OCC(CCCC)CC)=O)SC2=CSC(C3=CC4=C(C5=C(C(C6=CC=C(CC(CC)CCCC)S6)=C4S3)C=CS5)C7=CC=C(CC(CC)CCCC)S7)=C12,c12cc(c(cc1C(=O)/C(=C\c1sc3c(c1)[Si](c1c3sc3c1sc1c3[Si](c3c1sc(c3)/C=C\1/C(=C(C#N)C#N)c3c(C1=O)cc(c(c3)F)F)(CCCCCCCC)CCCCCCCC)(CCCCCCCC)CCCCCCCC)/C2=C(C#N)C#N)F)F,6.15,FC1=C(C(OCC(CCCC)CC)=O)SC2=CSC(C3=CC4=C(C5=C(C(C6=CC=C(CC(CC)CCCC)S6)=C4S3)C=CS5)C7=CC=C(CC(CC)CCCC)S7)=C12||c12cc(c(cc1C(=O)/C(=C\c1sc3c(c1)[Si](c1c3sc3c1sc1c3[Si](c3c1sc(c3)/C=C\1/C(=C(C#N)C#N)c3c(C1=O)cc(c(c3)F)F)(CCCCCCCC)CCCCCCCC)(CCCCCCCC)CCCCCCCC)/C2=C(C#N)C#N)F)F
c1scc(c1)CCCCCC,CCCCCCCCC1(C2=C(C3=C1C=C(C4=C3)C5=C(C4(CCCCCCCC)CCCCCCCC)C=C(C6=CC=C(C7=NSN=C67)/C=C8SC(N(C\8=O)CC)=S)S5)SC(C9=CC=C(/C=C%10SC(N(C\%10=O)CC)=S)C%11=NSN=C9%11)=C2)CCCCCCCC,6.05,c1scc(c1)CCCCCC||CCCCCCCCC1(C2=C(C3=C1C=C(C4=C3)C5=C(C4(CCCCCCCC)CCCCCCCC)C=C(C6=CC=C(C7=NSN=C67)/C=C8SC(N(C\8=O)CC)=S)S5)SC(C9=CC=C(/C=C%10SC(N(C\%10=O)CC)=S)C%11=NSN=C9%11)=C2)CCCCCCCC
c1scc(c1)CCCCCC,C1(=S)N(C(=O)/C(=C/c2c3c(c(cc2)c2sc4c(c2)[C@](c2c4cc4c(c2)c2c([C@]4(C[C@H](CC)CCCC)C[C@@H](CC)CCCC)cc(s2)c2ccc(c4c2nsn4)/C=C/2\SC(=S)N(C2=O)CC)(C[C@@H](CCCC)CC)C[C@H](CCCC)CC)nsn3)/S1)CC,6.0,c1scc(c1)CCCCCC||C1(=S)N(C(=O)/C(=C/c2c3c(c(cc2)c2sc4c(c2)[C@](c2c4cc4c(c2)c2c([C@]4(C[C@H](CC)CCCC)C[C@@H](CC)CCCC)cc(s2)c2ccc(c4c2nsn4)/C=C/2\SC(=S)N(C2=O)CC)(C[C@@H](CCCC)CC)C[C@H](CCCC)CC)nsn3)/S1)CC
c1scc(c1)CCCCCC,O=C(/C(S/1)=C\C(C2=NN(N=C32)CCCCCCCC)=CC=C3C4=CC5=C(S4)C6=CC7=C(C=C6C5(C8=CC=C(C=C8)CCCCCC)C9=CC=C(C=C9)CCCCCC)C(SC(C(C%10=NN(CCCCCCCC)N=C%11%10)=CC=C%11/C=C%12S/C(N(C\%12=O)CC)=C(C#N)/C#N)=C%13)=C%13C7(C%14=CC=C(CCCCCC)C=C%14)C%15=CC=C(CCCCCC)C=C%15)N(CC)C1=C(C#N)/C#N,5.67,c1scc(c1)CCCCCC||O=C(/C(S/1)=C\C(C2=NN(N=C32)CCCCCCCC)=CC=C3C4=CC5=C(S4)C6=CC7=C(C=C6C5(C8=CC=C(C=C8)CCCCCC)C9=CC=C(C=C9)CCCCCC)C(SC(C(C%10=NN(CCCCCCCC)N=C%11%10)=CC=C%11/C=C%12S/C(N(C\%12=O)CC)=C(C#N)/C#N)=C%13)=C%13C7(C%14=CC=C(CCCCCC)C=C%14)C%15=CC=C(CCCCCC)C=C%15)N(CC)C1=C(C#N)/C#N
FC1=C(C2=CC=C(C3=CC4=C(C5=CC=C(CC(CCCC)CC)S5)C(SC(C)=C6)=C6C(C7=CC=C(CC(CCCC)CC)S7)=C4S3)S2)C8=NN(CC(CCCCCC)CCCCCCCC)N=C8C(C9=CC=C(C%10=CC(C(C%11=CC=C(CC(CCCC)CC)S%11)=C(S%12)C(C=C%12C)=C%13C%14SC(CC(CCCC)CC)=CC%14)=C%13S%10)S9)=C1F,c12cc3c(cc1C(c1c2sc2c1sc(c2)/C=C\1/C(=C(C#N)C#N)c2c(C1=O)cccc2)(c1ccc(cc1)CCCCCC)c1ccc(cc1)CCCCCC)c1c(C3(c2ccc(cc2)CCCCCC)c2ccc(cc2)CCCCCC)c2c(s1)cc(s2)/C=C\1/C(=C(C#N)C#N)c2c(C1=O)cccc2,5.51,FC1=C(C2=CC=C(C3=CC4=C(C5=CC=C(CC(CCCC)CC)S5)C(SC(C)=C6)=C6C(C7=CC=C(CC(CCCC)CC)S7)=C4S3)S2)C8=NN(CC(CCCCCC)CCCCCCCC)N=C8C(C9=CC=C(C%10=CC(C(C%11=CC=C(CC(CCCC)CC)S%11)=C(S%12)C(C=C%12C)=C%13C%14SC(CC(CCCC)CC)=CC%14)=C%13S%10)S9)=C1F||c12cc3c(cc1C(c1c2sc2c1sc(c2)/C=C\1/C(=C(C#N)C#N)c2c(C1=O)cccc2)(c1ccc(cc1)CCCCCC)c1ccc(cc1)CCCCCC)c1c(C3(c2ccc(cc2)CCCCCC)c2ccc(cc2)CCCCCC)c2c(s1)cc(s2)/C=C\1/C(=C(C#N)C#N)c2c(C1=O)cccc2
CC1=CC(C)=C(C2=NC3=C(S2)N=C(C4=C(CCCCCCCC)C=C(C5=CC6=C(C7=C([Si]6(CCCCCCCC)CCCCCCCC)C=C(C)S7)S5)S4)S3)S1,O=C(N(C(N(C/1=O)CC)=O)CC)C1=C\C(S2)=CC=C2C3=CC=C(C(C=C4)=C5C=C4C6=CC=C(S6)/C=C7C(N(C(N(C\7=O)CC)=O)CC)=O)C(C5(CCCCCCCC)CCCCCCCC)=C3,5.42,CC1=CC(C)=C(C2=NC3=C(S2)N=C(C4=C(CCCCCCCC)C=C(C5=CC6=C(C7=C([Si]6(CCCCCCCC)CCCCCCCC)C=C(C)S7)S5)S4)S3)S1||O=C(N(C(N(C/1=O)CC)=O)CC)C1=C\C(S2)=CC=C2C3=CC=C(C(C=C4)=C5C=C4C6=CC=C(S6)/C=C7C(N(C(N(C\7=O)CC)=O)CC)=O)C(C5(CCCCCCCC)CCCCCCCC)=C3
CC(S1)=CC=C1C(C2=NN(CC(CCCCCCCC)CCCCCC)N=C32)=C(F)C(F)=C3C(S4)=CC=C4C5=CC(S6)=C(S5)C(C6=C7C8=CC=C(SCC(CCCC)CCCCCC)S8)=C(C9=CC=C(SCC(CCCC)CCCCCC)S9)C%10=C7C%11=C(S%10)C=C(C)S%11,O=C(C(C=C(C=CC=C1)C1=C2)=C2C/3=C(C#N)\C#N)C3=C\C4=CC(C(C5=CC=C(CCCCCC)C=C5)(C6=CC=C(CCCCCC)C=C6)C7=C8SC9=C7C(C%10=CC=C(C=C%10)SCC(CC)CCCC)=C%11C(C(SC%12=C%13C(C%14=CC=C(C=C%14)CCCCCC)(C%15=C%12SC(/C=C%16C(C(C=C(C=CC=C%17)C%17=C%18)=C%18C/%16=C(C#N)/C#N)=O)=C%15)C%19=CC=C(C=C%19)CCCCCC)=C%13S%11)=C9C%20=CC=C(C=C%20)SCC(CCCC)CC)=C8S4,5.38,CC(S1)=CC=C1C(C2=NN(CC(CCCCCCCC)CCCCCC)N=C32)=C(F)C(F)=C3C(S4)=CC=C4C5=CC(S6)=C(S5)C(C6=C7C8=CC=C(SCC(CCCC)CCCCCC)S8)=C(C9=CC=C(SCC(CCCC)CCCCCC)S9)C%10=C7C%11=C(S%10)C=C(C)S%11||O=C(C(C=C(C=CC=C1)C1=C2)=C2C/3=C(C#N)\C#N)C3=C\C4=CC(C(C5=CC=C(CCCCCC)C=C5)(C6=CC=C(CCCCCC)C=C6)C7=C8SC9=C7C(C%10=CC=C(C=C%10)SCC(CC)CCCC)=C%11C(C(SC%12=C%13C(C%14=CC=C(C=C%14)CCCCCC)(C%15=C%12SC(/C=C%16C(C(C=C(C=CC=C%17)C%17=C%18)=C%18C/%16=C(C#N)/C#N)=O)=C%15)C%19=CC=C(C=C%19)CCCCCC)=C%13S%11)=C9C%20=CC=C(C=C%20)SCC(CCCC)CC)=C8S4
CC1=CC=C(S1)C2=CC(OCC(CCCCCC)CCCCCCCC)=C(C=C2COC(CCCCCCCC)CCCCCC)C3=CC=C(S3)C4=C(C(F)=C(C5=NSN=C45)C)F,S=C(N(C/1=O)CC)SC1=C\C(C2=NSN=C32)=CC=C3C4=CC(C5(C6=CC=C(C=C6)CCCCCC)C(C=C7)=CC=C7CCCCCC)=C(C8=CC9=C(C%10=C(C9(C%11=CC=C(C=C%11)CCCCCC)C%12=CC=C(C=C%12)CCCCCC)C=C(C%13=CC=C(C%14=NSN=C%13%14)/C=C%15SC(N(C/%15=O)CC)=S)S%10)C=C85)S4,5.16,CC1=CC=C(S1)C2=CC(OCC(CCCCCC)CCCCCCCC)=C(C=C2COC(CCCCCCCC)CCCCCC)C3=CC=C(S3)C4=C(C(F)=C(C5=NSN=C45)C)F||S=C(N(C/1=O)CC)SC1=C\C(C2=NSN=C32)=CC=C3C4=CC(C5(C6=CC=C(C=C6)CCCCCC)C(C=C7)=CC=C7CCCCCC)=C(C8=CC9=C(C%10=C(C9(C%11=CC=C(C=C%11)CCCCCC)C%12=CC=C(C=C%12)CCCCCC)C=C(C%13=CC=C(C%14=NSN=C%13%14)/C=C%15SC(N(C/%15=O)CC)=S)S%10)C=C85)S4
FC(C(F)=C(C1=NC(C2=CC=C(C(OCCCCCCCC)=C2)OCCCCCCCC)=C(N=C31)C4=CC=C(C(OCCCCCCCC)=C4)OCCCCCCCC)C)=C3C(S5)=CC=C5C(C=C6)=CC=C6C7=CC=C(C)S7,O=C(N(C)C(C(C#N)=C/1C)=O)C1=C/C2=CC(CCCCCC)=C(S2)C3=CC(CCCCCC)=C(S3)C4=CC(N5C(CCCCCCCC)CCCCCCCC)=C(C6=C5C=C(C7=C(CCCCCC)C=C(C8=C(CCCCCC)C=C(/C=C9C(N(C(C(C#N)=C\9C)=O)CCCC)=O)S8)S7)S6)S4,4.89,FC(C(F)=C(C1=NC(C2=CC=C(C(OCCCCCCCC)=C2)OCCCCCCCC)=C(N=C31)C4=CC=C(C(OCCCCCCCC)=C4)OCCCCCCCC)C)=C3C(S5)=CC=C5C(C=C6)=CC=C6C7=CC=C(C)S7||O=C(N(C)C(C(C#N)=C/1C)=O)C1=C/C2=CC(CCCCCC)=C(S2)C3=CC(CCCCCC)=C(S3)C4=CC(N5C(CCCCCCCC)CCCCCCCC)=C(C6=C5C=C(C7=C(CCCCCC)C=C(C8=C(CCCCCC)C=C(/C=C9C(N(C(C(C#N)=C\9C)=O)CCCC)=O)S8)S7)S6)S4
FC(C(F)=C(C1=NC(C2=CC=C(C(OCCCCCCCC)=C2)OCCCCCCCC)=C(N=C31)C4=CC=C(C(OCCCCCCCC)=C4)OCCCCCCCC)C)=C3C(S5)=CC=C5C(C=C6)=CC=C6C7=CC=C(C)S7,N#C/C(C#N)=C(C1=CC=CC=C1C2=O)/C2=C/C3=CC4=C(C5=C(C=C6C(C(CCCCCC)(CCCCCC)C7=C6SC(/C=C8/C(C9=CC=CC=C9C8=O)=C(C#N)/C#N)=C7)=C5)C4(CCCCCC)CCCCCC)S3,4.86,FC(C(F)=C(C1=NC(C2=CC=C(C(OCCCCCCCC)=C2)OCCCCCCCC)=C(N=C31)C4=CC=C(C(OCCCCCCCC)=C4)OCCCCCCCC)C)=C3C(S5)=CC=C5C(C=C6)=CC=C6C7=CC=C(C)S7||N#C/C(C#N)=C(C1=CC=CC=C1C2=O)/C2=C/C3=CC4=C(C5=C(C=C6C(C(CCCCCC)(CCCCCC)C7=C6SC(/C=C8/C(C9=CC=CC=C9C8=O)=C(C#N)/C#N)=C7)=C5)C4(CCCCCC)CCCCCC)S3
CC1=CC2=C(C3=C([Si]2(CCCCCCCC)CCCCCCCC)C=C(C4=C(C=C(C5=NN(N=C45)CCCCCC)C6=CC7=C(C8=C([Si]7(CCCCCCCC)CCCCCCCC)C=C(C9=CC(F)=C(C%10=NN(N=C9%10)CCCCCC)C)S8)S6)F)S3)S1,O=C(C1=C(N(C(C1=C2C3=CC=CS3)=O)CCCCCCCCCC)C4=CC=C(S4)C(/C(C5=CC=C(C=C5)N6C7=C(C=CC=C7)C8=C6C=CC=C8)=C(C#N)\C#N)=C(C#N)\C#N)N2CCCCCCCCCC,4.86,CC1=CC2=C(C3=C([Si]2(CCCCCCCC)CCCCCCCC)C=C(C4=C(C=C(C5=NN(N=C45)CCCCCC)C6=CC7=C(C8=C([Si]7(CCCCCCCC)CCCCCCCC)C=C(C9=CC(F)=C(C%10=NN(N=C9%10)CCCCCC)C)S8)S6)F)S3)S1||O=C(C1=C(N(C(C1=C2C3=CC=CS3)=O)CCCCCCCCCC)C4=CC=C(S4)C(/C(C5=CC=C(C=C5)N6C7=C(C=CC=C7)C8=C6C=CC=C8)=C(C#N)\C#N)=C(C#N)\C#N)N2CCCCCCCCCC
CCCCCCCCC(CCCCCC)CC(S1)=CC=C1C2=C(C=CS3)C3=C(C4=CC=C(CC(CCCCCCCC)CCCCCC)S4)C5=C2SC(C6=CC=C(C7=CC=C(C8=CC=CS8)C9=NN(CCCCCCCC)N=C79)S6)C5,c12cc3c(cc1C(c1c2sc2c1sc(c2)/C=C\1/C(=C(C#N)C#N)c2c(C1=O)cccc2)(c1ccc(cc1)CCCCCC)c1ccc(cc1)CCCCCC)c1c(C3(c2ccc(cc2)CCCCCC)c2ccc(cc2)CCCCCC)c2c(s1)cc(s2)/C=C\1/C(=C(C#N)C#N)c2c(C1=O)cccc2,4.8,CCCCCCCCC(CCCCCC)CC(S1)=CC=C1C2=C(C=CS3)C3=C(C4=CC=C(CC(CCCCCCCC)CCCCCC)S4)C5=C2SC(C6=CC=C(C7=CC=C(C8=CC=CS8)C9=NN(CCCCCCCC)N=C79)S6)C5||c12cc3c(cc1C(c1c2sc2c1sc(c2)/C=C\1/C(=C(C#N)C#N)c2c(C1=O)cccc2)(c1ccc(cc1)CCCCCC)c1ccc(cc1)CCCCCC)c1c(C3(c2ccc(cc2)CCCCCC)c2ccc(cc2)CCCCCC)c2c(s1)cc(s2)/C=C\1/C(=C(C#N)C#N)c2c(C1=O)cccc2
c1scc(c1)CCCCCC,S=C(N(C/1=O)CC)SC1=C/C(C2=NSN=C32)=CC=C3C4=CC(C5(CCCCCCCC)CCCCCCCC)=C(C(C=C6C7(CCCCCCCC)CCCCCCCC)=C5C=C6C8=C7C=C(C9=CC=C(C%10=NSN=C9%10)/C=C%11SC(N(C\%11=O)CC)=S)S8)S4,4.2,c1scc(c1)CCCCCC||S=C(N(C/1=O)CC)SC1=C/C(C2=NSN=C32)=CC=C3C4=CC(C5(CCCCCCCC)CCCCCCCC)=C(C(C=C6C7(CCCCCCCC)CCCCCCCC)=C5C=C6C8=C7C=C(C9=CC=C(C%10=NSN=C9%10)/C=C%11SC(N(C\%11=O)CC)=S)S8)S4
FC(C(F)=C(C1=NC(C2=CC=C(C(OCCCCCCCC)=C2)OCCCCCCCC)=C(N=C31)C(C=C4)=CC(OCCCCCCCC)=C4OCCCCCCCC)C)=C3C5=CC=C(C6=CC=C(C7=CC=C(C)S7)C=C6)S5,c12cc3c(cc1C(c1c2sc2c1sc(c2)/C=C\1/C(=C(C#N)C#N)c2c(C1=O)cccc2)(c1ccc(cc1)CCCCCC)c1ccc(cc1)CCCCCC)c1c(C3(c2ccc(cc2)CCCCCC)c2ccc(cc2)CCCCCC)c2c(s1)cc(s2)/C=C\1/C(=C(C#N)C#N)c2c(C1=O)cccc2,3.95,FC(C(F)=C(C1=NC(C2=CC=C(C(OCCCCCCCC)=C2)OCCCCCCCC)=C(N=C31)C(C=C4)=CC(OCCCCCCCC)=C4OCCCCCCCC)C)=C3C5=CC=C(C6=CC=C(C7=CC=C(C)S7)C=C6)S5||c12cc3c(cc1C(c1c2sc2c1sc(c2)/C=C\1/C(=C(C#N)C#N)c2c(C1=O)cccc2)(c1ccc(cc1)CCCCCC)c1ccc(cc1)CCCCCC)c1c(C3(c2ccc(cc2)CCCCCC)c2ccc(cc2)CCCCCC)c2c(s1)cc(s2)/C=C\1/C(=C(C#N)C#N)c2c(C1=O)cccc2
c1(c2c(c(c3c1sc(c3)c1ccc(s1)c1sc(c3c1C(=O)c1c(C3=O)c(sc1C[C@@H](CC)CCCC)C[C@H](CC)CCCC)c1cccs1)OC[C@@H](CCCCCCCC)CCCCCC)scc2)c1ccc(cc1)c1ccc(cc1)OC[C@@H](CC)CCCC,O=C(C1=CC=CC2=C1C(C3=O)=CC=C2C#CC#CC4=CC=C5C6=C4C=CC=C6C(N(C5=O)CCCCCCCC)=O)N3CCCCCCCC,3.71,c1(c2c(c(c3c1sc(c3)c1ccc(s1)c1sc(c3c1C(=O)c1c(C3=O)c(sc1C[C@@H](CC)CCCC)C[C@H](CC)CCCC)c1cccs1)OC[C@@H](CCCCCCCC)CCCCCC)scc2)c1ccc(cc1)c1ccc(cc1)OC[C@@H](CC)CCCC||O=C(C1=CC=CC2=C1C(C3=O)=CC=C2C#CC#CC4=CC=C5C6=C4C=CC=C6C(N(C5=O)CCCCCCCC)=O)N3CCCCCCCC
FC(C(C1=CC=C(S1)C2=C(C(F)=C(C3=NC(C4=CC=C(C(OCCCCCCCC)=C4)OCCCCCCCC)=C(N=C23)C5=CC=C(C(OCCCCCCCC)=C5)OCCCCCCCC)C)F)=C6)=CC(C7=CC=C(C)S7)=C6F,c12cc3c(cc1C(c1c2sc2c1sc(c2)/C=C\1/C(=C(C#N)C#N)c2c(C1=O)cccc2)(c1ccc(cc1)CCCCCC)c1ccc(cc1)CCCCCC)c1c(C3(c2ccc(cc2)CCCCCC)c2ccc(cc2)CCCCCC)c2c(s1)cc(s2)/C=C\1/C(=C(C#N)C#N)c2c(C1=O)cccc2,3.66,FC(C(C1=CC=C(S1)C2=C(C(F)=C(C3=NC(C4=CC=C(C(OCCCCCCCC)=C4)OCCCCCCCC)=C(N=C23)C5=CC=C(C(OCCCCCCCC)=C5)OCCCCCCCC)C)F)=C6)=CC(C7=CC=C(C)S7)=C6F||c12cc3c(cc1C(c1c2sc2c1sc(c2)/C=C\1/C(=C(C#N)C#N)c2c(C1=O)cccc2)(c1ccc(cc1)CCCCCC)c1ccc(cc1)CCCCCC)c1c(C3(c2ccc(cc2)CCCCCC)c2ccc(cc2)CCCCCC)c2c(s1)cc(s2)/C=C\1/C(=C(C#N)C#N)c2c(C1=O)cccc2
FC(C(F)=C(C(F)=C1F)C2=CC=C(S2)C3=C(C(F)=C(C4=NC(C5=CC=C(C(OCCCCCCCC)=C5)OCCCCCCCC)=C(N=C34)C6=CC=C(C(OCCCCCCCC)=C6)OCCCCCCCC)C)F)=C1C7=CC=C(C)S7,N#C/C(C#N)=C(C1=CC=CC=C1C2=O)/C2=C/C3=CC4=C(C5=C(C=C6C(C(CCCCCC)(CCCCCC)C7=C6SC(/C=C8/C(C9=CC=CC=C9C8=O)=C(C#N)/C#N)=C7)=C5)C4(CCCCCC)CCCCCC)S3,2.93,FC(C(F)=C(C(F)=C1F)C2=CC=C(S2)C3=C(C(F)=C(C4=NC(C5=CC=C(C(OCCCCCCCC)=C5)OCCCCCCCC)=C(N=C34)C6=CC=C(C(OCCCCCCCC)=C6)OCCCCCCCC)C)F)=C1C7=CC=C(C)S7||N#C/C(C#N)=C(C1=CC=CC=C1C2=O)/C2=C/C3=CC4=C(C5=C(C=C6C(C(CCCCCC)(CCCCCC)C7=C6SC(/C=C8/C(C9=CC=CC=C9C8=O)=C(C#N)/C#N)=C7)=C5)C4(CCCCCC)CCCCCC)S3
c1scc(c1)CCCCCC,[H]C(C(/C=C(C1=CC=C(S1)C2=CC=C3C4=C(C(N(C3=O)CC(CC)CCCC)=O)C=CC=C24)\C#N)=C5)=CC(/C=C(C6=CC=C(S6)C7=CC=C8C9=C(C(N(C8=O)CC(CCCC)CC)=O)C=CC=C79)\C#N)=C5[H],2.51,c1scc(c1)CCCCCC||[H]C(C(/C=C(C1=CC=C(S1)C2=CC=C3C4=C(C(N(C3=O)CC(CC)CCCC)=O)C=CC=C24)\C#N)=C5)=CC(/C=C(C6=CC=C(S6)C7=CC=C8C9=C(C(N(C8=O)CC(CCCC)CC)=O)C=CC=C79)\C#N)=C5[H]
FC(C(F)=C(C1=NC(C2=CC=C(C(OCCCCCCCC)=C2)OCCCCCCCC)=C(N=C31)C4=CC=C(C(OCCCCCCCC)=C4)OCCCCCCCC)C)=C3C(S5)=CC=C5C(C=C6)=CC=C6C7=CC=C(C)S7,FC1=CC2=C(C(/C(C2=O)=C/C3=CC(OCC(CC)CCCC)=C(S3)C4=CC5=C(S4)C6=CC(C7(C8=CC=C(CCCCCC)C=C8)C9=CC=C(CCCCCC)C=C9)=C(C%10=C7C=C(S%10)C%11=C(OCC(CC)CCCC)C=C(S%11)/C=C(/C(C%12=C%13C=C(F)C(F)=C%12)=C(C#N)\C#N)C%13=O)C=C6C5(C%14=CC=C(CCCCCC)C=C%14)C%15=CC=C(CCCCCC)C=C%15)=C(C#N)/C#N)C=C1F,1.31,FC(C(F)=C(C1=NC(C2=CC=C(C(OCCCCCCCC)=C2)OCCCCCCCC)=C(N=C31)C4=CC=C(C(OCCCCCCCC)=C4)OCCCCCCCC)C)=C3C(S5)=CC=C5C(C=C6)=CC=C6C7=CC=C(C)S7||FC1=CC2=C(C(/C(C2=O)=C/C3=CC(OCC(CC)CCCC)=C(S3)C4=CC5=C(S4)C6=CC(C7(C8=CC=C(CCCCCC)C=C8)C9=CC=C(CCCCCC)C=C9)=C(C%10=C7C=C(S%10)C%11=C(OCC(CC)CCCC)C=C(S%11)/C=C(/C(C%12=C%13C=C(F)C(F)=C%12)=C(C#N)\C#N)C%13=O)C=C6C5(C%14=CC=C(CCCCCC)C=C%14)C%15=CC=C(CCCCCC)C=C%15)=C(C#N)/C#N)C=C1F
