representation,representation_hash,group_size,n_inhouse,n_gao,cross_source,pce_min,pce_max,pce_range,pce_mean,pce_sd,array_indices,sources
donor_fingerprint,0344bfb1f71277b39dce982c8412cbacbf7da40c036814ee25b50e43198241ff,2,0,2,False,0.23999999463558197,0.38999998569488525,0.14999999105930328,0.3149999976158142,0.1060660108923912,839;840,Gao;Gao
donor_fingerprint,0d8f9d70c9b87f26f29ef30c4c4554b1070cfbc2c08022205ba2f0071089ceac,2,2,0,False,10.600000381469727,11.050000190734863,0.4499998092651367,10.825000762939453,0.31819790601730347,233;272,in-house;in-house
donor_fingerprint,0eba39b92d3306533f37e1089333de7bf54469696f9634a85ef7c679c887edab,2,2,0,False,8.960000038146973,13.220000267028809,4.260000228881836,11.09000015258789,3.012274980545044,72;440,in-house;in-house
donor_fingerprint,0ef596687abfe15bf8e485008f6f602482162fc1981f7a7e6967312896b861b9,3,0,3,False,0.800000011920929,3.700000047683716,2.9000000953674316,2.0,1.5132745504379272,817;818;819,Gao;Gao;Gao
donor_fingerprint,13855abefc055affa56a8efdeea6515dd7c20d2a8175bf3a18f38a78562ae4e5,2,0,2,False,0.4699999988079071,0.800000011920929,0.33000001311302185,0.6349999904632568,0.23334525525569916,844;845,Gao;Gao
donor_fingerprint,16a6cdde0ea74dae7837faa513103a575deb93b5218f64d82e1136856b902fe2,2,2,0,False,6.179999828338623,6.409999847412109,0.23000001907348633,6.295000076293945,0.16263456642627716,595;605,in-house;in-house
donor_fingerprint,19e710b4ae822cb0d1a4a237526a2bd04d89a2f16abfce3f0be979376c78b19e,3,3,0,False,7.170000076293945,8.9399995803833,1.7699995040893555,7.866666793823242,0.9432035684585571,441;535;557,in-house;in-house;in-house
donor_fingerprint,1c742257e7fe70912d94cf4164ea081f01c4ed64ada13bfb7dca20640063338e,2,0,2,False,6.5,7.630000114440918,1.130000114440918,7.065000057220459,0.7990307807922363,851;994,Gao;Gao
donor_fingerprint,1f4f14da4675914bac80924620bafbdfa594a8b284bdcd640dc0b919fe521311,2,0,2,False,5.880000114440918,9.140000343322754,3.260000228881836,7.510000228881836,2.305168390274048,1215;1216,Gao;Gao
donor_fingerprint,1f6211df7014f9018a4e135878abeeb19402346dc9859199b5383e816e8bd97b,2,0,2,False,1.5499999523162842,3.5199999809265137,1.9700000286102295,2.5349998474121094,1.3930003643035889,722;723,Gao;Gao
donor_fingerprint,207c5374cab9cab480ca09069403e45fa26ce90f96e97882a56aeac2c45d119c,3,3,0,False,11.5,13.199999809265137,1.6999998092651367,12.136666297912598,0.9268403649330139,73;181;195,in-house;in-house;in-house
donor_fingerprint,219dc7a54281cbec062aa98e3c45d0274d62fc7022d7089832fc79425bd9e794,2,0,2,False,9.079999923706055,10.520000457763672,1.4400005340576172,9.800000190734863,1.018234133720398,1161;1248,Gao;Gao
donor_fingerprint,2249a87c8fc0450476e55f070a85b71ffa6beb368356c28f1302bad8bac422cb,75,75,0,False,2.700000047683716,13.699999809265137,11.0,8.372533798217773,2.345468282699585,50;76;94;102;151;217;218;228;249;275;281;287;297;312;313;314;321;322;330;338;352;355;362;369;373;389;391;395;421;426;428;436;450;455;456;457;463;467;469;471;477;481;484;485;493;509;528;532;534;540;547;552;556;569;571;573;580;589;597;600;607;611;612;613;622;623;625;635;641;645;653;654;677;684;695,in-house;in-house;in-house;in-house;in-house;in-house;in-house;in-house;in-house;in-house;in-house;in-house;in-house;in-house;in-house;in-house;in-house;in-house;in-house;in-house;in-house;in-house;in-house;in-house;in-house;in-house;in-house;in-house;in-house;in-house;in-house;in-house;in-house;in-house;in-house;in-house;in-house;in-house;in-house;in-house;in-house;in-house;in-house;in-house;in-house;in-house;in-house;in-house;in-house;in-house;in-house;in-house;in-house;in-house;in-house;in-house;in-house;in-house;in-house;in-house;in-house;in-house;in-house;in-house;in-house;in-house;in-house;in-house;in-house;in-house;in-house;in-house;in-house;in-house;in-house
donor_fingerprint,23001b502b454f3b06eab8dc108460190ba6fd334136334defaa10f1f31d8153,2,0,2,False,3.640000104904175,5.820000171661377,2.180000066757202,4.730000019073486,1.5414928197860718,929;963,Gao;Gao
donor_fingerprint,2366cbb47114de1f82b18ec6e9c5fdc6be38db3229198fa2638ac222237ae91d,2,0,2,False,2.259999990463257,5.070000171661377,2.81000018119812,3.6649999618530273,1.9869701862335205,922;923,Gao;Gao
donor_fingerprint,24d3b6c278d224ca08137e08291886ccaa368c83f90ad2b57be3ad85da1304f1,3,3,0,False,9.399999618530273,12.329999923706055,2.9300003051757812,11.076666831970215,1.5101767778396606,133;193;390,in-house;in-house;in-house
donor_fingerprint,260f404ef04c4d8b331f502aa616de9b4e55e13a624dc07cb015a27913b098e1,2,2,0,False,3.700000047683716,8.140000343322754,4.440000534057617,5.920000076293945,3.139554262161255,496;678,in-house;in-house
donor_fingerprint,2711ef2b1b345bef177dc5e98454d1d12f6e5643840c83e2a14f1f650f8dd234,2,0,2,False,1.5,2.2799999713897705,0.7799999713897705,1.8899999856948853,0.5515432357788086,1171;1172,Gao;Gao
donor_fingerprint,324c547b2cbdbfe82938005244090c8c2e8491bd56774a3f73908a7ba1c751b3,2,0,2,False,1.0800000429153442,1.5700000524520874,0.49000000953674316,1.3250000476837158,0.3464823365211487,835;836,Gao;Gao
donor_fingerprint,347b7afeb07292ecd70df1f3496576eb973345888c3e67495806412c0b26ffe4,2,2,0,False,9.739999771118164,12.029999732971191,2.2899999618530273,10.885000228881836,1.6192744970321655,165;361,in-house;in-house
donor_fingerprint,358ea263c814ff965de7ce66952a89eb06dcf755eccb4c5c4448122883e904ac,2,0,2,False,1.9700000286102295,2.4200000762939453,0.4500000476837158,2.195000171661377,0.3181980848312378,1149;1150,Gao;Gao
donor_fingerprint,393868b7348e0c4f9c53d58d0a56d82c5b69bb253a8709dd758e93f21e9ffe8f,2,0,2,False,0.27000001072883606,0.8500000238418579,0.5800000429153442,0.5600000023841858,0.41012194752693176,771;772,Gao;Gao
donor_fingerprint,39fcc08df7230256e4760f8ca2cfbd5e92232065f9e51708a43961f99e5623c6,2,2,0,False,12.15999984741211,13.25,1.0900001525878906,12.704999923706055,0.7707465291023254,70;147,in-house;in-house
donor_fingerprint,3d2964df018da7416712535bee785ad82cc65b6266b1700967597b351c1ccdfd,2,2,0,False,9.050000190734863,9.119999885559082,0.06999969482421875,9.085000038146973,0.04949725791811943,424;431,in-house;in-house
donor_fingerprint,3d9a3a0dcbed6405c766d56db0cb7a4bde351b1ea16bc38b35556778887dabc7,2,2,0,False,10.789999961853027,11.59000015258789,0.8000001907348633,11.190000534057617,0.5656855702400208,187;257,in-house;in-house
donor_fingerprint,40564853f4ed37b96eff95ced732e076e847dfc607b73dc305f6ef354c6ebb08,3,3,0,False,10.140000343322754,12.470000267028809,2.3299999237060547,11.066666603088379,1.235974669456482,124;277;331,in-house;in-house;in-house
donor_fingerprint,40f456e730d72687ec6be0e32804fcfa206d759201a98c1e0b7e161fd33bbb75,2,0,2,False,0.6000000238418579,0.9100000262260437,0.3100000023841858,0.7549999952316284,0.21920309960842133,773;774,Gao;Gao
donor_fingerprint,45e95ea37da5bc3e18f2c067cb95f73c851335176098d8fca22fcb29952b2779,18,18,0,False,4.170000076293945,12.5,8.329999923706055,9.557222366333008,2.1315855979919434,120;134;155;176;239;252;280;294;381;382;425;472;475;488;501;525;537;664,in-house;in-house;in-house;in-house;in-house;in-house;in-house;in-house;in-house;in-house;in-house;in-house;in-house;in-house;in-house;in-house;in-house;in-house
donor_fingerprint,471ad3d43fdf26456b14895f23221eca11e905d639d266f968f6712e164eb052,2,0,2,False,0.9700000286102295,1.2100000381469727,0.24000000953674316,1.090000033378601,0.16970562934875488,800;801,Gao;Gao
donor_fingerprint,49f6e31ae0911172ad158e457fec17c1add4822222f090436bf3542c417c386b,2,0,2,False,6.630000114440918,6.869999885559082,0.23999977111816406,6.75,0.16970546543598175,1194;1195,Gao;Gao
donor_fingerprint,4cf1b73be53f6aacf715b887bdabad991622ff5819d46003ed520ab04cb926b0,2,0,2,False,5.78000020980835,9.800000190734863,4.019999980926514,7.789999961853027,2.842569351196289,761;1113,Gao;Gao
donor_fingerprint,503c9299ddf4f3933267604f3b639a6e8b40852ceaeb5e0880f3d895caa29004,2,0,2,False,2.0,5.599999904632568,3.5999999046325684,3.799999952316284,2.5455844402313232,1003;1004,Gao;Gao
donor_fingerprint,50751842c150480647ffcd5d01de53f701ea69ffc6517212af47da055926937f,2,2,0,False,10.130000114440918,10.899999618530273,0.7699995040893555,10.514999389648438,0.5444718599319458,248;333,in-house;in-house
donor_fingerprint,542258326ce839e462eabd0c9566cada606b504893f47edf559c20e466b61636,2,2,0,False,7.059999942779541,8.1899995803833,1.1299996376037598,7.625,0.7990304231643677,492;566,in-house;in-house
donor_fingerprint,5467263e46335d95387dfa363067419d9b60b2e20d256a0e833d331e060d9a0e,2,0,2,False,0.5899999737739563,0.699999988079071,0.11000001430511475,0.6449999809265137,0.07778175175189972,1186;1188,Gao;Gao
donor_fingerprint,5720aee2a2a66d9124b18859c017dac89e6fa8f72912d6b9d5b9753447490b09,2,2,0,False,6.800000190734863,8.5,1.6999998092651367,7.650000095367432,1.2020814418792725,468;578,in-house;in-house
donor_fingerprint,575bf90a1478f6486b19f690608d276b03fc59331c85e181f6b0ae7343a0105e,2,0,2,False,2.4000000953674316,4.800000190734863,2.4000000953674316,3.6000001430511475,1.6970562934875488,902;903,Gao;Gao
donor_fingerprint,5ba336b2d6695e02422d91b15e24ea12b84fce25456dd3726f19d85ab0bacc59,3,3,0,False,9.010000228881836,13.359999656677246,4.34999942779541,11.74000072479248,2.3779611587524414,64;99;434,in-house;in-house;in-house
donor_fingerprint,5c4c2d47379d6675f56ed3cc561c1de2d1ede0ab65ba623918e3bba87b6eea61,2,0,2,False,1.5399999618530273,1.9500000476837158,0.4100000858306885,1.7450000047683716,0.2899138331413269,874;875,Gao;Gao
donor_fingerprint,61eee9608e36bdb1d3a96a3ad1baa39916f3a546e29d11481966a5a2d3d30f3c,33,33,0,False,3.799999952316284,16.5,12.699999809265137,11.383635520935059,3.361767530441284,7;8;14;20;23;24;38;47;51;52;69;97;108;138;142;178;196;199;224;254;255;261;289;318;384;430;476;530;554;576;583;667;674,in-house;in-house;in-house;in-house;in-house;in-house;in-house;in-house;in-house;in-house;in-house;in-house;in-house;in-house;in-house;in-house;in-house;in-house;in-house;in-house;in-house;in-house;in-house;in-house;in-house;in-house;in-house;in-house;in-house;in-house;in-house;in-house;in-house
donor_fingerprint,6213dd4049a47a1d3ddd86c99b799fe4ba312bdc695c607b0b6163384ca5ea00,11,11,0,False,5.900000095367432,16.09000015258789,10.190000534057617,12.441818237304688,2.7305634021759033,16;21;35;88;90;130;132;140;183;306;617,in-house;in-house;in-house;in-house;in-house;in-house;in-house;in-house;in-house;in-house;in-house
donor_fingerprint,6353f322ee14e2295a5901d6047dcc92f52bc84f6d07d8582570251482ef95f5,2,0,2,False,6.510000228881836,6.840000152587891,0.3299999237060547,6.675000190734863,0.2333451807498932,1196;1197,Gao;Gao
donor_fingerprint,65482d735aa1f382b817dd8d95b1689b39b0b3c26138949c2680844f1b1f5ea0,63,63,0,False,7.019999980926514,17.719999313354492,10.69999885559082,12.577302932739258,2.462862253189087,1;2;4;10;12;13;17;19;26;28;29;32;33;34;41;42;43;44;45;46;49;54;56;65;67;71;77;85;95;98;100;109;110;113;117;119;121;122;135;136;146;158;164;188;192;200;204;241;278;311;344;346;351;354;364;372;375;437;449;473;536;560;568,in-house;in-house;in-house;in-house;in-house;in-house;in-house;in-house;in-house;in-house;in-house;in-house;in-house;in-house;in-house;in-house;in-house;in-house;in-house;in-house;in-house;in-house;in-house;in-house;in-house;in-house;in-house;in-house;in-house;in-house;in-house;in-house;in-house;in-house;in-house;in-house;in-house;in-house;in-house;in-house;in-house;in-house;in-house;in-house;in-house;in-house;in-house;in-house;in-house;in-house;in-house;in-house;in-house;in-house;in-house;in-house;in-house;in-house;in-house;in-house;in-house;in-house;in-house
donor_fingerprint,6715473cd83f6b682b59370323dc8e288a8906a4bc5772a8964262018ea1a99b,2,0,2,False,4.019999980926514,4.21999979019165,0.19999980926513672,4.119999885559082,0.14142122864723206,1037;1038,Gao;Gao
donor_fingerprint,6737dc82cc9900d369e64da24c3ba5284c1c7bbbd5a06b3ad014827e0b23521b,6,0,6,False,2.690000057220459,4.989999771118164,2.299999713897705,3.618333578109741,0.9307075142860413,1005;1006;1007;1008;1009;1010,Gao;Gao;Gao;Gao;Gao;Gao
donor_fingerprint,69943fc8755ccfbf537d0934713510e88d5ffcde083a6c1f9f7607b7f94d1700,2,2,0,False,10.899999618530273,12.239999771118164,1.3400001525878906,11.569999694824219,0.9475231766700745,139;247,in-house;in-house
donor_fingerprint,6cb9c2c24836a9542be1a9565ff1b1e3eef04b608c5a783188e9af85bef72b6f,2,2,0,False,10.520000457763672,11.100000381469727,0.5799999237060547,10.8100004196167,0.410121887922287,232;283,in-house;in-house
donor_fingerprint,6d0ebf843ec88894476605165efae2bf8fd910afe87a5868bc4b56e85a61a93d,27,27,0,False,1.3600000143051147,17.100000381469727,15.74000072479248,11.313702583312988,3.78106951713562,3;5;6;9;57;78;82;84;91;93;116;118;127;143;144;223;246;267;296;298;301;542;544;565;574;679;710,in-house;in-house;in-house;in-house;in-house;in-house;in-house;in-house;in-house;in-house;in-house;in-house;in-house;in-house;in-house;in-house;in-house;in-house;in-house;in-house;in-house;in-house;in-house;in-house;in-house;in-house;in-house
donor_fingerprint,6f31f3770fd225e382586e20513744e11a328b7cc74c758d48628417c600a02b,183,183,0,False,1.5,14.0,12.5,9.637103080749512,2.347445487976074,40;48;55;60;61;62;63;68;75;79;81;83;92;101;104;112;126;128;129;137;145;148;150;152;159;160;161;162;169;170;173;185;189;198;203;205;209;210;211;212;213;214;215;216;220;221;225;226;227;231;238;240;242;243;245;250;251;256;259;260;262;264;265;266;269;271;273;276;279;293;295;299;302;303;304;305;309;315;316;317;320;325;332;334;339;340;341;343;345;348;349;350;353;357;358;359;360;365;366;367;370;371;374;376;378;379;380;383;386;388;392;393;397;399;401;402;404;405;406;407;408;412;416;418;419;422;433;435;438;443;444;445;447;451;452;458;459;462;482;483;487;495;498;499;503;507;512;518;519;521;526;527;529;533;538;546;548;550;553;563;567;570;577;592;596;598;602;603;608;615;620;629;630;640;643;660;663;670;672;686;693;697;708,in-house;in-house;in-house;in-house;in-house;in-house;in-house;in-house;in-house;in-house;in-house;in-house;in-house;in-house;in-house;in-house;in-house;in-house;in-house;in-house;in-house;in-house;in-house;in-house;in-house;in-house;in-house;in-house;in-house;in-house;in-house;in-house;in-house;in-house;in-house;in-house;in-house;in-house;in-house;in-house;in-house;in-house;in-house;in-house;in-house;in-house;in-house;in-house;in-house;in-house;in-house;in-house;in-house;in-house;in-house;in-house;in-house;in-house;in-house;in-house;in-house;in-house;in-house;in-house;in-house;in-house;in-house;in-house;in-house;in-house;in-house;in-house;in-house;in-house;in-house;in-house;in-house;in-house;in-house;in-house;in-house;in-house;in-house;in-house;in-house;in-house;in-house;in-house;in-house;in-house;in-house;in-house;in-house;in-house;in-house;in-house;in-house;in-house;in-house;in-house;in-house;in-house;in-house;in-house;in-house;in-house;in-house;in-house;in-house;in-house;in-house;in-house;in-house;in-house;in-house;in-house;in-house;in-house;in-house;in-house;in-house;in-house;in-house;in-house;in-house;in-house;in-house;in-house;in-house;in-house;in-house;in-house;in-house;in-house;in-house;in-house;in-house;in-house;in-house;in-house;in-house;in-house;in-house;in-house;in-house;in-house;in-house;in-house;in-house;in-house;in-house;in-house;in-house;in-house;in-house;in-house;in-house;in-house;in-house;in-house;in-house;in-house;in-house;in-house;in-house;in-house;in-house;in-house;in-house;in-house;in-house;in-house;in-house;in-house;in-house;in-house;in-house;in-house;in-house;in-house;in-house;in-house;in-house
donor_fingerprint,6ffacbe11173334e4988fe7a9b71b41e3a1e6b0fd5bc907eb023122833ac7d07,2,0,2,False,4.010000228881836,4.019999980926514,0.009999752044677734,4.015000343322754,0.0070708924904465675,956;982,Gao;Gao
donor_fingerprint,735a6167a2956d6bf867f465195103ec2bd4f324fce7482eb803bfdf9de718c8,2,0,2,False,5.0,6.699999809265137,1.6999998092651367,5.849999904632568,1.2020814418792725,1203;1204,Gao;Gao
donor_fingerprint,7542fc42398c7d491ae85810c88ead266e5fec6922a48c8a1d48fb722e5a800a,2,2,0,False,4.360000133514404,4.429999828338623,0.06999969482421875,4.394999980926514,0.04949725791811943,657;659,in-house;in-house
donor_fingerprint,7a11f928c0e326f5a997d7edb123c3e2980ed2dc99d8540493801d0b5415b33f,5,5,0,False,4.570000171661377,14.399999618530273,9.829999923706055,9.161999702453613,3.6936185359954834,36;290;413;562;651,in-house;in-house;in-house;in-house;in-house
donor_fingerprint,7ef4e8f49637126dc67c9159eaedd500d4beeced87b4940d8372cd582ad7778e,4,4,0,False,6.690000057220459,9.279999732971191,2.5899996757507324,8.262499809265137,1.1750565767288208,409;432;504;581,in-house;in-house;in-house;in-house
donor_fingerprint,7f81183abaab0ef70976b120ce0f6d0709e392eb87dd745426e5c63a0f878b51,2,0,2,False,0.6299999952316284,1.4299999475479126,0.7999999523162842,1.0299999713897705,0.5656853914260864,769;770,Gao;Gao
donor_fingerprint,826e531b71e4c0ef06b575364b50a339b3da70c19584a5cd5231c22bd6d85201,13,13,0,False,7.909999847412109,12.710000038146973,4.800000190734863,10.555384635925293,1.4568610191345215,107;163;166;191;230;235;263;282;326;329;442;479;510,in-house;in-house;in-house;in-house;in-house;in-house;in-house;in-house;in-house;in-house;in-house;in-house;in-house
donor_fingerprint,83a7511e04879d8bebd04b2888e4a72628f04d168047b7c8b6e90cf08f7974a1,2,2,0,False,11.1899995803833,11.819999694824219,0.630000114440918,11.504999160766602,0.44547736644744873,175;219,in-house;in-house
donor_fingerprint,874c330757bac48a1f2ffd1b07c90e148ab1141d3ce23324c99262b2f19f7669,3,0,3,False,6.960000038146973,8.5600004196167,1.6000003814697266,7.553333282470703,0.8764324188232422,884;885;886,Gao;Gao;Gao
donor_fingerprint,88396f3ea512153dba9e47b29c009cdfdceac03900ac3a0a545fb8f3b09f7fb5,2,0,2,False,6.599999904632568,12.079999923706055,5.480000019073486,9.34000015258789,3.8749451637268066,755;904,Gao;Gao
donor_fingerprint,8e1c901785318866c3de8e9bf86fbc08e26bcc1d1f6acd85d652c0e34bef211d,2,0,2,False,2.680000066757202,2.690000057220459,0.009999990463256836,2.684999942779541,0.007071061059832573,1081;1082,Gao;Gao
donor_fingerprint,8e2c74235925f35938df5fd53afb7dd4249fdbc0860494df9e1e5d7079af21ef,2,0,2,False,1.2400000095367432,1.3600000143051147,0.12000000476837158,1.2999999523162842,0.08485281467437744,715;716,Gao;Gao
donor_fingerprint,95ebe4a75259709fc493a63e8cd4d205a98f8d110da04b2647a245126190cf48,2,2,0,False,2.9000000953674316,13.600000381469727,10.700000762939453,8.25,7.566042900085449,53;689,in-house;in-house
donor_fingerprint,96dcb1674b3eff239b7d3ad33da2a6ab1436bd71b17b251962e7c495b103642b,2,2,0,False,7.150000095367432,9.170000076293945,2.0199999809265137,8.15999984741211,1.4283556938171387,420;558,in-house;in-house
donor_fingerprint,97643ed1bd7499d9bf23c7881ee205d1da929fcddb1d09fcfa1657384ec60a22,4,0,4,False,1.7000000476837158,6.21999979019165,4.5199995040893555,4.204999923706055,2.1721341609954834,842;1159;1160;1247,Gao;Gao;Gao;Gao
donor_fingerprint,9a8df04966ed33d348b6c32ec29968e5c9f9a947ba20227865e8f68e6506e7d2,2,2,0,False,7.849999904632568,9.199999809265137,1.3499999046325684,8.524999618530273,0.954594075679779,417;514,in-house;in-house
donor_fingerprint,9be3a799f36f109765d4e8ae36f25d89a41b7dc77ec671142a87b7cccdfb57b1,2,2,0,False,4.820000171661377,8.130000114440918,3.309999942779541,6.475000381469727,2.3405234813690186,497;647,in-house;in-house
donor_fingerprint,9c47c2287213d16dbbee1a947a365892c8cefae4464964f46648235935f72475,2,2,0,False,8.180000305175781,8.729999542236328,0.5499992370605469,8.454999923706055,0.3889082074165344,454;494,in-house;in-house
donor_fingerprint,9f82ebbb1abc9d5e183db8f8c739e564a16b8224708ea136ba19fd63273bda07,2,0,2,False,2.309999942779541,2.640000104904175,0.3300001621246338,2.4749999046325684,0.23334535956382751,1154;1155,Gao;Gao
donor_fingerprint,a1d99e49289aef264947fc7e358f0fa69e4dfc20aab51cea09200c8d35b55854,3,3,0,False,5.559999942779541,12.010000228881836,6.450000286102295,9.303333282470703,3.3476312160491943,168;308;626,in-house;in-house;in-house
donor_fingerprint,a2b06273ef482d6c34673ad930fb3b9b91a2c4a027ef540c74cf57624d74bb9c,8,0,8,False,0.46000000834465027,6.900000095367432,6.440000057220459,3.5587501525878906,2.492448329925537,726;793;806;807;936;937;938;975,Gao;Gao;Gao;Gao;Gao;Gao;Gao;Gao
donor_fingerprint,a5172e3c28d79bb097448baab25ef5a59cd2a94cb6c0fac390ff992c2c5f340b,3,0,3,False,5.690000057220459,6.300000190734863,0.6100001335144043,6.090000152587891,0.34655454754829407,928;1130;1131,Gao;Gao;Gao
donor_fingerprint,a9401d5944a76c5bf0f1f3df5cbca21a56e54adb0b9ac4d09b3e51f693306032,2,2,0,False,7.099999904632568,14.800000190734863,7.700000286102295,10.949999809265137,5.444722652435303,30;561,in-house;in-house
donor_fingerprint,ad56ba1ef81d40d2e6a98d31ba98fb61313a3ee239ba8bf44d485362c31fe8f3,2,2,0,False,6.800000190734863,6.900000095367432,0.09999990463256836,6.850000381469727,0.07071061432361603,575;579,in-house;in-house
donor_fingerprint,af9d145acd5ddab33d6c9b614d07abc41bd22ba261a87131a03b2ebe187ea8bf,2,0,2,False,2.0999999046325684,2.700000047683716,0.6000001430511475,2.4000000953674316,0.42426416277885437,718;719,Gao;Gao
donor_fingerprint,b24b4e9aa4a16946a0c7c88634b4e17dcd8edc4c5829fff92fa8d0153f9bda5f,2,2,0,False,9.300000190734863,12.100000381469727,2.8000001907348633,10.700000762939453,1.9798991680145264,154;403,in-house;in-house
donor_fingerprint,b42ea0ae3741b97555d1816df9457f759351b16ad3083a679b53283d83ef14af,2,2,0,False,7.760000228881836,8.109999656677246,0.34999942779541016,7.934999942779541,0.24748696386814117,502;517,in-house;in-house
donor_fingerprint,b4b5b1b9e3538bbfccb34a8b7c27a2bb167e09be270126209b8243cfc92e4355,2,0,2,False,0.7900000214576721,1.1399999856948853,0.34999996423721313,0.9650000333786011,0.24748735129833221,837;838,Gao;Gao
donor_fingerprint,bd1dbd53c330e31b23e5d1dc4a937f5649d7f9e6beeaf8b2d11b9e91ff5affca,2,2,0,False,6.170000076293945,7.150000095367432,0.9800000190734863,6.659999847412109,0.6929646730422974,559;606,in-house;in-house
donor_fingerprint,bf0e0e61ed47e4e20154269d262f3e86eabb0c57769d8f383201e78c5fff76ac,2,2,0,False,1.899999976158142,3.9000000953674316,2.0,2.9000000953674316,1.4142136573791504,673;706,in-house;in-house
donor_fingerprint,c582506937fb6891c8afbb2f9020f0bb189637c5f1e88b4a3bb55e23cfa09329,3,3,0,False,2.8499999046325684,7.809999942779541,4.960000038146973,5.860000133514404,2.644447088241577,515;572;690,in-house;in-house;in-house
donor_fingerprint,c64a3aa0a9d0d379f57f0089cf2bd0328f40c3af874fb0d1eb1348ca273bdd02,3,0,3,False,3.890000104904175,5.940000057220459,2.049999952316284,5.03000020980835,1.044174313545227,952;953;954,Gao;Gao;Gao
donor_fingerprint,c7a19bffe9edcff1fbaa501122071159dff5d590447bf69ca5d6ae9f0bfb5893,3,0,3,False,4.800000190734863,6.039999961853027,1.239999771118164,5.293333530426025,0.6576725840568542,1040;1041;1198,Gao;Gao;Gao
donor_fingerprint,cee0ade1adedac4f1c350e305dcd1e81a22bd11836bc2ff5390b807f3313e84e,2,0,2,False,2.509999990463257,2.869999885559082,0.3599998950958252,2.690000057220459,0.25455838441848755,869;871,Gao;Gao
donor_fingerprint,d279afbc7d9951cc1d0009b02969711f20e04d713152003c95be1b3d2ff8a2b3,2,2,0,False,10.399999618530273,11.880000114440918,1.4800004959106445,11.139999389648438,1.0465184450149536,172;300,in-house;in-house
donor_fingerprint,d5eaabf9ad8d6172d63458db2a28a3b7cd894dc4e619888c6f471fad54dfcece,2,0,2,False,2.4800000190734863,3.5999999046325684,1.119999885559082,3.0399999618530273,0.7919595241546631,1071;1072,Gao;Gao
donor_fingerprint,da7bcd5b457622214cc76b17f6b94aed25002e8b9942dcc2a17161e4959dd55f,2,2,0,False,2.930000066757202,3.609999895095825,0.679999828338623,3.2699999809265137,0.4808324873447418,680;688,in-house;in-house
donor_fingerprint,dcfe55e25105351ae9c8ad52944bf5ab5d7d9aabff6bbd3f76ff805bf8820852,23,23,0,False,0.20000000298023224,6.619999885559082,6.420000076293945,4.032174110412598,1.5827535390853882,584;599;604;632;638;642;644;648;649;652;655;665;669;671;681;683;685;691;696;699;702;709;714,in-house;in-house;in-house;in-house;in-house;in-house;in-house;in-house;in-house;in-house;in-house;in-house;in-house;in-house;in-house;in-house;in-house;in-house;in-house;in-house;in-house;in-house;in-house
donor_fingerprint,e46932aaab68e0359048d8f4f3f028af39e3ace1affc329eaf1e0f7ae95a06ff,2,0,2,False,4.199999809265137,7.400000095367432,3.200000286102295,5.800000190734863,2.262741804122925,1191;1192,Gao;Gao
donor_fingerprint,e5537f8ae8f45e9b9c5ee1b749efc13847af7ee1a16cbb7b0f44cca9f10a59a5,2,2,0,False,4.309999942779541,9.5600004196167,5.250000476837158,6.935000419616699,3.712311029434204,377;661,in-house;in-house
donor_fingerprint,e72f281cc50999b0c12d6ba8ba1f41629ec64f6e5965d3c552378e1c8d49394a,3,0,3,False,4.300000190734863,9.199999809265137,4.899999618530273,6.0,2.773084878921509,727;1245;1246,Gao;Gao;Gao
donor_fingerprint,e792d3c9cd416343b01f391920341dced2a7a213c67cb046f49990cbb2fa765d,2,2,0,False,13.15999984741211,13.449999809265137,0.28999996185302734,13.305000305175781,0.2050609439611435,59;80,in-house;in-house
donor_fingerprint,e80bd24aee29a5ba8e8df20720f80b347ea216ea981000aaefa02a25a9275d14,2,0,2,False,1.2599999904632568,1.7100000381469727,0.4500000476837158,1.4850000143051147,0.3181980848312378,798;799,Gao;Gao
donor_fingerprint,e92beba2fad0ebc223a6d1357b0f7ba8c9daa318add557f3997a8479303c172e,2,0,2,False,1.9800000190734863,2.0299999713897705,0.04999995231628418,2.005000114440918,0.035355307161808014,804;805,Gao;Gao
donor_fingerprint,eaf1916a35a7483d8caf5815ff5e1ea653d31569a8b350b0b99530cf692c3bfb,15,15,0,False,2.380000114440918,12.539999961853027,10.15999984741211,9.722000122070312,2.9084315299987793,115;157;179;184;201;206;207;222;268;292;453;465;601;627;700,in-house;in-house;in-house;in-house;in-house;in-house;in-house;in-house;in-house;in-house;in-house;in-house;in-house;in-house;in-house
donor_fingerprint,ed97929031a5a290acf5412c3611db2f212266556cd8e75045cfffab5e7dbcc1,2,2,0,False,7.909999847412109,8.220000267028809,0.3100004196166992,8.065000534057617,0.2192033976316452,490;511,in-house;in-house
donor_fingerprint,f7f976cc43cd7ea9f7ff8dbe82963eb440d875e9dae2c27ee97be953adc5fa42,2,2,0,False,2.299999952316284,6.690000057220459,4.390000343322754,4.494999885559082,3.104198694229126,582;703,in-house;in-house
donor_fingerprint,f99b7ce32848c40274f819691abe7f2348a9c079e1da0cb5c1ae130ebdd8408c,7,7,0,False,9.390000343322754,15.180000305175781,5.789999961853027,11.519999504089355,2.0075109004974365,25;87;186;244;307;336;394,in-house;in-house;in-house;in-house;in-house;in-house;in-house
donor_fingerprint,ff6b78613b36e83839769cd8cdb580da51566c3903caa34ecdbca9cb4548b383,2,0,2,False,1.5800000429153442,7.059999942779541,5.480000019073486,4.320000171661377,3.8749451637268066,973;1249,Gao;Gao
acceptor_fingerprint,0050e7086793fda1270635c2dba417675d8dec9855ab600970483eec52839ca0,2,2,0,False,10.819999694824219,12.069999694824219,1.25,11.444999694824219,0.8838834762573242,161;251,in-house;in-house
acceptor_fingerprint,0200210bcf15d900163b083f37822f819e4cacf358747423834334ad050b737f,122,0,122,False,0.009999999776482582,8.449999809265137,8.4399995803833,2.4926233291625977,2.142706871032715,715;718;719;720;721;734;736;737;752;769;771;773;794;795;796;798;800;802;811;824;825;828;829;834;835;837;839;867;902;904;913;918;919;920;921;942;943;944;957;969;970;971;1005;1007;1009;1011;1012;1013;1021;1022;1031;1032;1035;1036;1039;1040;1041;1044;1045;1046;1047;1048;1051;1052;1053;1054;1055;1056;1057;1058;1059;1060;1063;1064;1065;1066;1076;1077;1078;1079;1080;1081;1095;1097;1098;1099;1100;1101;1104;1109;1110;1111;1115;1122;1123;1124;1125;1126;1132;1138;1140;1141;1142;1143;1149;1151;1152;1153;1154;1156;1157;1158;1167;1179;1186;1187;1188;1189;1205;1208;1214;1236,Gao;Gao;Gao;Gao;Gao;Gao;Gao;Gao;Gao;Gao;Gao;Gao;Gao;Gao;Gao;Gao;Gao;Gao;Gao;Gao;Gao;Gao;Gao;Gao;Gao;Gao;Gao;Gao;Gao;Gao;Gao;Gao;Gao;Gao;Gao;Gao;Gao;Gao;Gao;Gao;Gao;Gao;Gao;Gao;Gao;Gao;Gao;Gao;Gao;Gao;Gao;Gao;Gao;Gao;Gao;Gao;Gao;Gao;Gao;Gao;Gao;Gao;Gao;Gao;Gao;Gao;Gao;Gao;Gao;Gao;Gao;Gao;Gao;Gao;Gao;Gao;Gao;Gao;Gao;Gao;Gao;Gao;Gao;Gao;Gao;Gao;Gao;Gao;Gao;Gao;Gao;Gao;Gao;Gao;Gao;Gao;Gao;Gao;Gao;Gao;Gao;Gao;Gao;Gao;Gao;Gao;Gao;Gao;Gao;Gao;Gao;Gao;Gao;Gao;Gao;Gao;Gao;Gao;Gao;Gao;Gao;Gao
acceptor_fingerprint,0277c9b68eca8fccb206e3036b0829f4d42fd858d55dd7c70dbccacb07ba592a,2,2,0,False,13.149999618530273,13.180000305175781,0.030000686645507812,13.164999961853027,0.02121368981897831,79;81,in-house;in-house
acceptor_fingerprint,0a452daaf72c74134111fc3310c6ba6cb926f64ff60537393de01a0f30de446b,2,2,0,False,5.929999828338623,6.929999828338623,1.0,6.429999828338623,0.7071067690849304,571;615,in-house;in-house
acceptor_fingerprint,0a6189846e89cf828a3f20d50d9d712b7538b2d40776aced38f06bfa2a63caa3,8,8,0,False,2.8499999046325684,12.800000190734863,9.950000762939453,9.274999618530273,3.038806200027466,102;149;321;345;390;454;496;692,in-house;in-house;in-house;in-house;in-house;in-house;in-house;in-house
acceptor_fingerprint,0cc00e1ba2d95fe8288dc072edf395ee6fc3678daa4e12f6703c7be7d2c5a409,42,22,20,True,2.7899999618530273,13.1899995803833,10.399999618530273,7.727858066558838,2.4677939414978027,78;120;168;192;194;274;356;363;394;419;466;468;492;500;502;559;579;605;620;636;650;659;762;775;808;953;1067;1113;1133;1161;1168;1169;1170;1177;1178;1190;1193;1195;1197;1198;1199;1219,in-house;in-house;in-house;in-house;in-house;in-house;in-house;in-house;in-house;in-house;in-house;in-house;in-house;in-house;in-house;in-house;in-house;in-house;in-house;in-house;in-house;in-house;Gao;Gao;Gao;Gao;Gao;Gao;Gao;Gao;Gao;Gao;Gao;Gao;Gao;Gao;Gao;Gao;Gao;Gao;Gao;Gao
acceptor_fingerprint,10ccc085e86003224445ea8551ba233d373f1bd4cd3b832aa2c0bf3775f351cf,2,2,0,False,8.470000267028809,9.0,0.5299997329711914,8.735000610351562,0.37476640939712524,435;469,in-house;in-house
acceptor_fingerprint,116596b3c0bf5392305dd7a9038cea9b7842a248ef0ff307a76793926dc41fde,4,4,0,False,12.529999732971191,13.949999809265137,1.4200000762939453,13.229999542236328,0.5800575017929077,41;71;77;117,in-house;in-house;in-house;in-house
acceptor_fingerprint,13ae1148b228a4ab05940b3f9c909bea4a2b70c2f7a8fba669a2215eb652c86d,2,2,0,False,13.15999984741211,13.739999771118164,0.5799999237060547,13.449999809265137,0.410121887922287,47;80,in-house;in-house
acceptor_fingerprint,15e629060f4bd1f16881c65603cd331ef5c9cf39120d5d0edf91eb3b1b6fe797,3,3,0,False,11.199999809265137,13.199999809265137,2.0,12.270000457763672,1.0073232650756836,73;128;216,in-house;in-house;in-house
acceptor_fingerprint,17d034eb1cd30144a89114684bc532a082f6814a6f919992a7aa25518449cbb1,2,2,0,False,7.559999942779541,10.8100004196167,3.250000476837158,9.1850004196167,2.2980973720550537,252;525,in-house;in-house
acceptor_fingerprint,19c62e91031c92373ebf8c12d4bfef7d111bd0c3018983991e7c6bf8dc1f2f1e,2,2,0,False,7.019999980926514,9.869999885559082,2.8499999046325684,8.444999694824219,2.015254259109497,353;568,in-house;in-house
acceptor_fingerprint,1eb9f9285acab9c61692d63082d3e5a2593a76024732c9b378f06d67375c43b9,2,2,0,False,9.8100004196167,12.069999694824219,2.2599992752075195,10.940000534057617,1.5980608463287354,158;357,in-house;in-house
acceptor_fingerprint,1fac2bcdbb52026e5bf7052c26060fe44e7fbcf617f905a07de50d4d08185f02,2,2,0,False,7.659999847412109,10.270000457763672,2.6100006103515625,8.96500015258789,1.8455491065979004,318;521,in-house;in-house
acceptor_fingerprint,202f8607af2cecb83e86b2e4305f8c7e2852bc709bb805b9055691d46a9081c5,99,99,0,False,1.5,12.800000190734863,11.300000190734863,7.554040908813477,2.8285772800445557,103;123;145;147;156;180;181;182;190;197;201;246;253;261;272;286;291;319;327;328;333;335;368;377;387;398;400;410;415;420;423;427;429;431;434;446;448;455;461;470;473;475;480;486;489;491;494;497;504;505;514;516;520;524;531;543;545;558;566;575;578;585;586;587;588;590;591;593;606;609;610;616;621;624;628;631;633;634;637;646;647;657;658;662;666;668;673;675;676;678;688;690;694;698;703;705;706;707;709,in-house;in-house;in-house;in-house;in-house;in-house;in-house;in-house;in-house;in-house;in-house;in-house;in-house;in-house;in-house;in-house;in-house;in-house;in-house;in-house;in-house;in-house;in-house;in-house;in-house;in-house;in-house;in-house;in-house;in-house;in-house;in-house;in-house;in-house;in-house;in-house;in-house;in-house;in-house;in-house;in-house;in-house;in-house;in-house;in-house;in-house;in-house;in-house;in-house;in-house;in-house;in-house;in-house;in-house;in-house;in-house;in-house;in-house;in-house;in-house;in-house;in-house;in-house;in-house;in-house;in-house;in-house;in-house;in-house;in-house;in-house;in-house;in-house;in-house;in-house;in-house;in-house;in-house;in-house;in-house;in-house;in-house;in-house;in-house;in-house;in-house;in-house;in-house;in-house;in-house;in-house;in-house;in-house;in-house;in-house;in-house;in-house;in-house;in-house
acceptor_fingerprint,24129537716343b6e8373f699534e83e035b9db95fe6bcf8bbc834cd4c1c999b,2,2,0,False,8.90999984741211,12.199999809265137,3.2899999618530273,10.555000305175781,2.326381206512451,142;442,in-house;in-house
acceptor_fingerprint,2fc7b353270f61ced8b2448b3caced6f270384248a93de6efbe60c799205a6dc,2,2,0,False,7.510000228881836,9.029999732971191,1.5199995040893555,8.270000457763672,1.0748019218444824,432;532,in-house;in-house
acceptor_fingerprint,324d6e5b76a9400503a81056ec0f63ac76d712428565dd1fa4bf1871d8f66e0c,15,15,0,False,5.949999809265137,12.34000015258789,6.390000343322754,8.694000244140625,1.8064361810684204,131;229;248;294;417;439;467;506;508;513;515;539;541;594;614,in-house;in-house;in-house;in-house;in-house;in-house;in-house;in-house;in-house;in-house;in-house;in-house;in-house;in-house;in-house
acceptor_fingerprint,344dccdd28ddc82b85da7719e7bd4ac1ccc795da467b0d375664dbc2a9934c67,4,4,0,False,3.799999952316284,7.300000190734863,3.500000238418579,6.177499771118164,1.6522787809371948,550;551;600;674,in-house;in-house;in-house;in-house
acceptor_fingerprint,38d2024abe2e419ffc5b37cade8ebf33a4403119a58c17458c228c40829b7c78,2,2,0,False,10.100000381469727,11.0,0.8999996185302734,10.550000190734863,0.6363958120346069,239;336,in-house;in-house
acceptor_fingerprint,3bc5e962960694d5a8c90d751d3f10c939059169c6882aed8bdcfb92d36d6776,36,36,0,False,0.8999999761581421,18.219999313354492,17.31999969482422,11.591944694519043,3.850132942199707,0;1;6;16;18;24;25;27;37;39;72;74;86;96;105;111;114;125;165;167;172;234;257;283;288;347;361;380;460;490;522;549;555;618;689;713,in-house;in-house;in-house;in-house;in-house;in-house;in-house;in-house;in-house;in-house;in-house;in-house;in-house;in-house;in-house;in-house;in-house;in-house;in-house;in-house;in-house;in-house;in-house;in-house;in-house;in-house;in-house;in-house;in-house;in-house;in-house;in-house;in-house;in-house;in-house;in-house
acceptor_fingerprint,3bccd6c9cc22d1152938bdd23acfe9c3c778dc8316063d8fa195ae94d9f0e7a2,4,4,0,False,13.140000343322754,16.31999969482422,3.179999351501465,14.782500267028809,1.744369387626648,11;12;61;82,in-house;in-house;in-house;in-house
acceptor_fingerprint,3cb607f4c55fdda1d2bb2644a9c0abc2e7e7349da4c9c292a21c54c0e652f040,2,2,0,False,6.739999771118164,10.420000076293945,3.6800003051757812,8.579999923706055,2.6021530628204346,295;580,in-house;in-house
acceptor_fingerprint,3f8642ff9e055c0c4c56e89d1a84ab68f140999bebd9b169f9df2e09d096b2e3,2,2,0,False,12.199999809265137,13.720000267028809,1.5200004577636719,12.960000038146973,1.0748026371002197,48;144,in-house;in-house
acceptor_fingerprint,4487d83c68fc5795ef17f1e4dca84a002509182c1d6648ae33d44cbb6f1ce7c6,2,2,0,False,3.680000066757202,10.140000343322754,6.460000038146973,6.910000324249268,4.5679097175598145,332;679,in-house;in-house
acceptor_fingerprint,4da3cebe78c96a8bee5c1562cc09c06cd7e893c3670f05122be6e03840af6f22,2,2,0,False,8.260000228881836,9.289999961853027,1.0299997329711914,8.774999618530273,0.7283198237419128,407;487,in-house;in-house
acceptor_fingerprint,50666df5c0d901a9c34ba63546401b9c7ac8dc8ab4af0ebf5c4801b82aa4189a,2,2,0,False,6.0,10.050000190734863,4.050000190734863,8.024999618530273,2.8637826442718506,341;613,in-house;in-house
acceptor_fingerprint,50864152acede518837f13b246d168a2c910162b60d24eaca8a12069a3584c43,13,13,0,False,6.409999847412109,11.729999542236328,5.319999694824219,9.965383529663086,1.7318565845489502,179;187;202;232;233;236;237;308;414;440;511;517;595,in-house;in-house;in-house;in-house;in-house;in-house;in-house;in-house;in-house;in-house;in-house;in-house;in-house
acceptor_fingerprint,57dd4a7618def0fe8ac5b4d499438c8b69d6732d6d98a3a4f3d3844f70348cc1,2,2,0,False,9.890000343322754,12.119999885559082,2.229999542236328,11.005000114440918,1.576847791671753,148;352,in-house;in-house
acceptor_fingerprint,5847951d6ab75777acbaad206d376bee07ebba29ae6e3476ba52e131c1ff47cc,2,2,0,False,5.090000152587891,8.1899995803833,3.09999942779541,6.639999866485596,2.192030668258667,493;642,in-house;in-house
acceptor_fingerprint,584d18a54cda29e39584acace3dd42d114fb8e15e5ce0c6d6ef862c4824c0a5c,2,2,0,False,9.539999961853027,10.5600004196167,1.0200004577636719,10.050000190734863,0.7212492823600769,280;381,in-house;in-house
acceptor_fingerprint,5dd72b469419f06dd944afe0bc8e7e8bb16f3ff221417ffdebe530c976c2699e,2,2,0,False,5.610000133514404,7.099999904632568,1.489999771118164,6.355000019073486,1.0535888671875,562;622,in-house;in-house
acceptor_fingerprint,61e1083ae266a0c0d0562f5978ecf2ec4d01974439c1e3d455b138ce4d181741,2,2,0,False,7.510000228881836,14.029999732971191,6.5199995040893555,10.770000457763672,4.610335826873779,38;530,in-house;in-house
acceptor_fingerprint,62ee87c3b4e940d4ddb918ce052acd78ac32943fc2f6a111e69904245d974104,3,3,0,False,8.34000015258789,12.079999923706055,3.739999771118164,10.449999809265137,1.9156460762023926,157;243;477,in-house;in-house;in-house
acceptor_fingerprint,6308558cb1f38fc08de8933996776902f72fd92a825c1cb858eef5eee15f4070,2,2,0,False,9.0,10.069999694824219,1.0699996948242188,9.53499984741211,0.7566040754318237,338;438,in-house;in-house
acceptor_fingerprint,638a222559ab2aeb819c87531e3ce899dc6f7d50cb52eac2215965472a4a7fb9,2,2,0,False,10.600000381469727,13.279999732971191,2.679999351501465,11.940000534057617,1.8950457572937012,68;276,in-house;in-house
acceptor_fingerprint,64e6ad49f7de4f8b7c206fc28a03021cda0145e055cb58618774c8fd0bda684a,2,2,0,False,7.329999923706055,9.279999732971191,1.9499998092651367,8.305000305175781,1.3788580894470215,409;547,in-house;in-house
acceptor_fingerprint,65cbd9711ab8b9355f5ea044e2474f4adcf7d2a4e0ff1e511b27c793b2b55b04,2,0,2,False,1.5,6.28000020980835,4.78000020980835,3.890000104904175,3.3799705505371094,1131;1172,Gao;Gao
acceptor_fingerprint,661edd328cc92ba955bd04372380cf3cde4508f354b76b7c4cfa5dc2ee53d62c,2,2,0,False,9.300000190734863,10.800000190734863,1.5,10.050000190734863,1.0606601238250732,255;405,in-house;in-house
acceptor_fingerprint,662249b27f71717e6cd10bc40d9d82bd63bbfc14fed03ba60280ffb003a773e7,34,0,34,False,0.7200000286102295,7.199999809265137,6.479999542236328,3.368823528289795,1.7247657775878906,722;723;724;725;753;754;760;891;892;893;896;897;898;974;979;980;981;1000;1014;1015;1016;1071;1072;1073;1074;1075;1127;1171;1173;1174;1175;1176;1217;1218,Gao;Gao;Gao;Gao;Gao;Gao;Gao;Gao;Gao;Gao;Gao;Gao;Gao;Gao;Gao;Gao;Gao;Gao;Gao;Gao;Gao;Gao;Gao;Gao;Gao;Gao;Gao;Gao;Gao;Gao;Gao;Gao;Gao;Gao
acceptor_fingerprint,67c8cface601826cbe0b79183d87ab3b3ea8fae9d30ec9fbae02a933514c2cf3,2,2,0,False,10.34000015258789,12.829999923706055,2.489999771118164,11.585000038146973,1.7606956958770752,100;309,in-house;in-house
acceptor_fingerprint,69e17d1724b4236f68d0c6efb6ad16969f13f8980d301d0056747038b20f0c8d,35,34,1,True,1.3300000429153442,14.699999809265137,13.369999885559082,9.705714225769043,3.8563852310180664,31;35;36;51;66;70;85;87;89;99;106;154;175;177;212;219;270;323;324;337;342;403;411;464;523;582;619;639;643;656;680;701;704;711;1248,in-house;in-house;in-house;in-house;in-house;in-house;in-house;in-house;in-house;in-house;in-house;in-house;in-house;in-house;in-house;in-house;in-house;in-house;in-house;in-house;in-house;in-house;in-house;in-house;in-house;in-house;in-house;in-house;in-house;in-house;in-house;in-house;in-house;in-house;Gao
acceptor_fingerprint,72510025151e6e2a8dbf6a569a3de7a647a5c1c0fd51866fa40aee115ff60386,3,3,0,False,15.649999618530273,16.3700008392334,0.720001220703125,16.06333351135254,0.37166348099708557,10;13;19,in-house;in-house;in-house
acceptor_fingerprint,79a9af327ea103eba28cd661ee4a5fbd1877d89cc8909ddb6038947c6ef598a9,336,0,336,False,0.003000000026077032,9.890000343322754,9.88700008392334,3.8802592754364014,2.2940409183502197,716;717;727;728;729;730;731;732;733;735;738;739;740;741;742;743;744;745;746;747;748;749;750;751;756;757;758;759;761;763;764;765;766;767;768;770;772;774;776;777;778;779;780;781;782;783;784;785;786;787;788;789;790;791;792;797;799;801;803;804;805;809;810;812;813;814;815;816;817;818;819;820;821;822;823;826;827;830;831;832;833;836;838;840;841;842;843;844;845;846;847;848;849;850;851;852;853;854;855;856;857;858;859;860;861;862;863;864;865;866;868;869;870;871;872;873;874;875;876;877;878;879;880;881;882;883;884;885;887;888;889;890;894;895;899;900;901;905;906;907;908;909;910;911;912;914;915;916;917;922;923;924;925;926;927;928;929;930;931;932;933;934;935;939;940;941;945;946;947;948;949;950;951;952;956;958;959;960;961;962;964;965;966;967;968;972;973;976;977;978;982;983;984;985;986;987;988;989;990;991;992;993;994;995;996;997;998;999;1001;1002;1003;1004;1006;1008;1010;1017;1018;1019;1020;1023;1024;1025;1026;1027;1028;1029;1030;1033;1034;1037;1038;1042;1043;1049;1050;1061;1062;1068;1069;1070;1082;1083;1084;1085;1086;1087;1088;1089;1090;1091;1092;1093;1094;1096;1102;1103;1105;1106;1107;1108;1112;1114;1116;1117;1118;1119;1120;1121;1128;1129;1134;1135;1136;1137;1139;1144;1145;1146;1147;1148;1150;1155;1159;1160;1162;1163;1164;1165;1166;1180;1181;1182;1183;1184;1185;1191;1194;1196;1200;1201;1202;1203;1204;1206;1207;1209;1210;1211;1212;1213;1216;1220;1221;1222;1223;1224;1225;1226;1227;1228;1229;1230;1231;1232;1233;1234;1235;1237;1238;1239;1240;1241;1242;1243;1244;1246,Gao;Gao;Gao;Gao;Gao;Gao;Gao;Gao;Gao;Gao;Gao;Gao;Gao;Gao;Gao;Gao;Gao;Gao;Gao;Gao;Gao;Gao;Gao;Gao;Gao;Gao;Gao;Gao;Gao;Gao;Gao;Gao;Gao;Gao;Gao;Gao;Gao;Gao;Gao;Gao;Gao;Gao;Gao;Gao;Gao;Gao;Gao;Gao;Gao;Gao;Gao;Gao;Gao;Gao;Gao;Gao;Gao;Gao;Gao;Gao;Gao;Gao;Gao;Gao;Gao;Gao;Gao;Gao;Gao;Gao;Gao;Gao;Gao;Gao;Gao;Gao;Gao;Gao;Gao;Gao;Gao;Gao;Gao;Gao;Gao;Gao;Gao;Gao;Gao;Gao;Gao;Gao;Gao;Gao;Gao;Gao;Gao;Gao;Gao;Gao;Gao;Gao;Gao;Gao;Gao;Gao;Gao;Gao;Gao;Gao;Gao;Gao;Gao;Gao;Gao;Gao;Gao;Gao;Gao;Gao;Gao;Gao;Gao;Gao;Gao;Gao;Gao;Gao;Gao;Gao;Gao;Gao;Gao;Gao;Gao;Gao;Gao;Gao;Gao;Gao;Gao;Gao;Gao;Gao;Gao;Gao;Gao;Gao;Gao;Gao;Gao;Gao;Gao;Gao;Gao;Gao;Gao;Gao;Gao;Gao;Gao;Gao;Gao;Gao;Gao;Gao;Gao;Gao;Gao;Gao;Gao;Gao;Gao;Gao;Gao;Gao;Gao;Gao;Gao;Gao;Gao;Gao;Gao;Gao;Gao;Gao;Gao;Gao;Gao;Gao;Gao;Gao;Gao;Gao;Gao;Gao;Gao;Gao;Gao;Gao;Gao;Gao;Gao;Gao;Gao;Gao;Gao;Gao;Gao;Gao;Gao;Gao;Gao;Gao;Gao;Gao;Gao;Gao;Gao;Gao;Gao;Gao;Gao;Gao;Gao;Gao;Gao;Gao;Gao;Gao;Gao;Gao;Gao;Gao;Gao;Gao;Gao;Gao;Gao;Gao;Gao;Gao;Gao;Gao;Gao;Gao;Gao;Gao;Gao;Gao;Gao;Gao;Gao;Gao;Gao;Gao;Gao;Gao;Gao;Gao;Gao;Gao;Gao;Gao;Gao;Gao;Gao;Gao;Gao;Gao;Gao;Gao;Gao;Gao;Gao;Gao;Gao;Gao;Gao;Gao;Gao;Gao;Gao;Gao;Gao;Gao;Gao;Gao;Gao;Gao;Gao;Gao;Gao;Gao;Gao;Gao;Gao;Gao;Gao;Gao;Gao;Gao;Gao;Gao;Gao;Gao;Gao;Gao;Gao;Gao;Gao;Gao;Gao;Gao;Gao;Gao;Gao;Gao;Gao;Gao;Gao;Gao;Gao;Gao;Gao;Gao;Gao;Gao;Gao;Gao;Gao;Gao;Gao;Gao;Gao;Gao
acceptor_fingerprint,7b8170e4e7be3fca11002a032129edf1366c5fdfe6de6f81fba917a703b6e4d0,2,2,0,False,6.400000095367432,7.400000095367432,1.0,6.900000095367432,0.7071067690849304,542;596,in-house;in-house
acceptor_fingerprint,7bfd69f27d6b0351dc30d0a0759e92f60141f7c70bda35cd3ee2c2b4e0155935,2,2,0,False,6.920000076293945,12.100000381469727,5.180000305175781,9.510000228881836,3.662813425064087,155;572,in-house;in-house
acceptor_fingerprint,7d6d487d6182ffc91e3d540c6b4e194236c4a5c6de58c9f73b2fe82fecf56c74,2,2,0,False,9.510000228881836,11.399999618530273,1.8899993896484375,10.454999923706055,1.3364313840866089,205;384,in-house;in-house
acceptor_fingerprint,7fd7152960d461aad0cae81dada91b334edc13b9e13eddb9762ee0fed754b055,2,2,0,False,12.619999885559082,12.789999961853027,0.1700000762939453,12.704999923706055,0.12020820379257202,104;112,in-house;in-house
acceptor_fingerprint,83d12c8a518aebb2c9e097cdd9cd4e855fadbb8bad16c860293e67b74eecaf00,15,15,0,False,1.2300000190734863,12.100000381469727,10.870000839233398,9.319334030151367,3.1958868503570557,150;153;171;176;258;268;284;285;289;310;474;478;564;682;712,in-house;in-house;in-house;in-house;in-house;in-house;in-house;in-house;in-house;in-house;in-house;in-house;in-house;in-house;in-house
acceptor_fingerprint,868a476517eeeb55f3cc12a9b6a21b910c45a6b357534c92000c2ab6d1045958,2,2,0,False,10.399999618530273,15.300000190734863,4.90000057220459,12.850000381469727,3.4648237228393555,22;300,in-house;in-house
acceptor_fingerprint,87476fb90d0db17e58b2a62e38ecc6765e2842c257a662603688167ffd1038b6,5,5,0,False,4.309999942779541,9.5,5.190000057220459,7.180000305175781,2.0987019538879395,385;451;552;612;661,in-house;in-house;in-house;in-house;in-house
acceptor_fingerprint,8d78500a5865e16c0602e7a8920cfca4146b0745ad21cbbdd15588826642d8c0,2,2,0,False,2.380000114440918,5.510000228881836,3.130000114440918,3.945000171661377,2.2132441997528076,627;700,in-house;in-house
acceptor_fingerprint,9ba3923f4354aa0f199a64e59d7ee05205ef6951eb86d4ec2d5125f3443a7569,2,2,0,False,11.039999961853027,13.680000305175781,2.640000343322754,12.360000610351562,1.8667621612548828,52;235,in-house;in-house
acceptor_fingerprint,9fb56fb1c2cba87179da435c7f61a3fe8ecb8988bf7e5c89d554e84929b345c2,2,2,0,False,6.170000076293945,6.690000057220459,0.5199999809265137,6.430000305175781,0.36769551038742065,581;607,in-house;in-house
acceptor_fingerprint,a3406b5e4edefe3e2c4839b86eca3cc419dcab58dd63484cd2852f990ceb7789,8,8,0,False,3.0899999141693115,12.300000190734863,9.210000038146973,10.453750610351562,3.143101215362549,135;139;141;164;184;262;396;687,in-house;in-house;in-house;in-house;in-house;in-house;in-house;in-house
acceptor_fingerprint,a433e8dda363706531619e2d0b0b70340c238a7fbfbf37dd65e5dd78ad71135a,2,0,2,False,1.7000000476837158,3.890000104904175,2.190000057220459,2.7950000762939453,1.548563838005066,954;1247,Gao;Gao
acceptor_fingerprint,a54b17d22bddcb758f5f8948a3890484beeb462eed284edcd84f6298e1d7320b,2,2,0,False,11.829999923706055,12.539999961853027,0.7100000381469727,12.184999465942383,0.5020458102226257,115;174,in-house;in-house
acceptor_fingerprint,a6653ba0f41ec6ed2c028fe1a640d1c79bd52becd21ec5d4ad7bdcdff8383e80,2,2,0,False,9.670000076293945,10.300000190734863,0.630000114440918,9.985000610351562,0.44547736644744873,314;365,in-house;in-house
acceptor_fingerprint,a6ee7eac000b55438368ee0be0ea7692e3d98de164d7b03c27c0579b9c98612f,6,6,0,False,5.900000095367432,11.119999885559082,5.21999979019165,9.55666732788086,1.852421760559082,225;293;339;340;360;617,in-house;in-house;in-house;in-house;in-house;in-house
acceptor_fingerprint,a7c4b5541b8a9fcdc451b3fdf50c088a6f31721140ab77690d39d1dcc9517b61,3,3,0,False,9.029999732971191,11.75,2.7200002670288086,10.40000057220459,1.3601104021072388,178;298;433,in-house;in-house;in-house
acceptor_fingerprint,ac6855b2f7be76612673208e20fb98b2b88962ccfd601a89b0591d6e05c6efbb,3,3,0,False,10.420000076293945,11.270000457763672,0.8500003814697266,10.869999885559082,0.4272003769874573,211;244;297,in-house;in-house;in-house
acceptor_fingerprint,b3e40ff429e054dc684a6361009cc39219423b0b1a0291f248d2d008df89e511,2,2,0,False,11.470000267028809,12.5,1.0299997329711914,11.985000610351562,0.7283198237419128,122;198,in-house;in-house
acceptor_fingerprint,bedf5079ebc0e6d10806aa1c5a2e9a6816472a6ac3cd0bb1088e66dd908b9154,2,2,0,False,4.170000076293945,12.069999694824219,7.899999618530273,8.119999885559082,5.5861430168151855,160;664,in-house;in-house
acceptor_fingerprint,c67b311bb15a63b3ba415d55561900d7ceb1b98a023b73169bbc1070d1a6b7d8,2,0,2,False,4.199999809265137,6.960000038146973,2.760000228881836,5.579999923706055,1.9516148567199707,886;1192,Gao;Gao
acceptor_fingerprint,c7dba4d8a1fd22c881b3a61725da6ef55598ab2c35290a5a37efd2d566d39093,3,3,0,False,6.900000095367432,14.800000190734863,7.900000095367432,10.533333778381348,3.987898349761963,30;349;574,in-house;in-house;in-house
acceptor_fingerprint,c974279b3978329f1ff6eb86effe3f4876852e90b6dfe8871e8072e64e9417ab,4,0,4,False,2.0899999141693115,6.900000095367432,4.810000419616699,4.65749979019165,2.357009172439575,726;936;937;938,Gao;Gao;Gao;Gao
acceptor_fingerprint,c997a1e7769bc1f8237531ecc6396255481a25c0465bbd2f1c5354c862dc4b6e,2,2,0,False,11.319999694824219,11.609999656677246,0.28999996185302734,11.46500015258789,0.2050609439611435,185;206,in-house;in-house
acceptor_fingerprint,cce4daef3466912115114a47937759c5e11908ec4ef6f39cc24019bc556cf85b,3,3,0,False,13.600000381469727,16.100000381469727,2.5,15.233332633972168,1.415391445159912,15;17;53,in-house;in-house;in-house
acceptor_fingerprint,d1a126af3815b29b84c426ad8f166ac76b2a31cbf5264c92372d7d416f6fb85e,3,3,0,False,8.300000190734863,10.760000228881836,2.4600000381469727,9.84000015258789,1.3420878648757935,259;292;484,in-house;in-house;in-house
acceptor_fingerprint,d454e81ee005a8f82a56c7e684c6d26d074e358b862e4dd99c9fe1affe1d39ff,2,2,0,False,6.880000114440918,10.350000381469727,3.4700002670288086,8.614999771118164,2.453660726547241,307;576,in-house;in-house
acceptor_fingerprint,d83c83d828218ad56b8d287b5f714686e4da46e4ae7015004fa90caf28b22e51,2,2,0,False,14.399999618530273,17.459999084472656,3.059999465942383,15.929999351501465,2.1637463569641113,2;34,in-house;in-house
acceptor_fingerprint,d9ce3028b8032645a15bd52f29a24add951be555bdcb6b242a5386de4a975e5c,2,2,0,False,10.539999961853027,11.300000190734863,0.7600002288818359,10.920000076293945,0.5374013185501099,208;282,in-house;in-house
acceptor_fingerprint,dcf842694d53827077961931c0e460a45a792bc12c0b37ed12451efc871162d4,4,4,0,False,9.600000381469727,13.449999809265137,3.84999942779541,12.239999771118164,1.7767571210861206,59;91;97;371,in-house;in-house;in-house;in-house
acceptor_fingerprint,de4e860247d6911ac58654a900686048b79309d8c2ae954b384f40e8b3491fa4,4,4,0,False,15.300000190734863,16.399999618530273,1.0999994277954102,15.675000190734863,0.499165803194046,8;20;21;23,in-house;in-house;in-house;in-house
acceptor_fingerprint,e5f12c951c5adcdfd4eac67bc10465ca7f49794f5e71f06d11ef0c578dfac549,2,2,0,False,7.099999904632568,13.420000076293945,6.320000171661377,10.260000228881836,4.468914985656738,60;561,in-house;in-house
acceptor_fingerprint,ecca12b886f1a6da9f22f23a538d8d63f4f5a3848ccea19d72d59ddb82a5e598,2,2,0,False,10.199999809265137,10.5,0.3000001907348633,10.350000381469727,0.21213217079639435,290;325,in-house;in-house
acceptor_fingerprint,fccd9469e6ad6b5ec1899ac6ac224940a70adb353dab04f5475171d72d654a42,3,3,0,False,8.109999656677246,9.329999923706055,1.2200002670288086,8.923333168029785,0.704367458820343,399;401;501,in-house;in-house;in-house
acceptor_fingerprint,fe6ed285eec600eba55999980aea61977732103855d0aec642f160b3c1387a9c,2,2,0,False,8.819999694824219,11.489999771118164,2.6700000762939453,10.154999732971191,1.8879752159118652,196;447,in-house;in-house
paired_fingerprint,04cda27ca551b7a40978a9a15f8447c07c6d8067e94e2339dd3cb445a596c4de,2,0,2,False,2.259999990463257,5.070000171661377,2.81000018119812,3.6649999618530273,1.9869701862335205,922;923,Gao;Gao
paired_fingerprint,0bbbbb9eba2cfbedbe67b20e44c6f4f3a9b7dc5ca2d48a68a074245b0f10be15,2,0,2,False,1.5499999523162842,3.5199999809265137,1.9700000286102295,2.5349998474121094,1.3930003643035889,722;723,Gao;Gao
paired_fingerprint,170eaf5b2cb52230d8008d68dc9dbe7a4e637faca102e2ba5f5a7dc91f093b2e,2,2,0,False,11.199999809265137,12.40999984741211,1.2100000381469727,11.805000305175781,0.8555992245674133,128;216,in-house;in-house
paired_fingerprint,17c953b306b21e1e939635c97bf58c5df39cdbd4b67fe0279b0354ffea006a1e,3,0,3,False,3.0899999141693115,6.21999979019165,3.129999876022339,5.039999485015869,1.7011466026306152,842;1159;1160,Gao;Gao;Gao
paired_fingerprint,2295bde152ab9b1c109828478a637b0c70c6fbb1dc4cbbb4f240209fa4bdee6a,2,2,0,False,9.329999923706055,9.329999923706055,0.0,9.329999923706055,0.0,399;401,in-house;in-house
paired_fingerprint,25a093e759cef0f6da4142ee23ee7c6c7679bb114baec61c113b71109e23954f,2,2,0,False,6.0,7.300000190734863,1.3000001907348633,6.650000095367432,0.9192389845848083,552;612,in-house;in-house
paired_fingerprint,28b55f5b9f85e9c457287eafcce22d5755dbbc6d3f6b8927bf44384b8f6fd36f,2,2,0,False,9.300000190734863,12.100000381469727,2.8000001907348633,10.700000762939453,1.9798991680145264,154;403,in-house;in-house
paired_fingerprint,2c73de7fbad34c25b6e3bbc9df26d365becfafcca3b1fa65faa8933b29e2b929,3,0,3,False,0.800000011920929,3.700000047683716,2.9000000953674316,2.0,1.5132745504379272,817;818;819,Gao;Gao;Gao
paired_fingerprint,2e04d14dd450a0193aa5384d4e2543c6e5910fef19bc229cba5eef79ad8b8300,2,2,0,False,5.670000076293945,9.1899995803833,3.5199995040893555,7.429999828338623,2.489015579223633,419;620,in-house;in-house
paired_fingerprint,3045ae3759fb7f9c57c1fd4fcfeb877113ef4ef0035025a374aff45636dd2ffe,2,0,2,False,1.9800000190734863,2.0299999713897705,0.04999995231628418,2.005000114440918,0.035355307161808014,804;805,Gao;Gao
paired_fingerprint,414defe8b4c4e50c30581832c0490bbf88a1708e20f9db07422688efa735785e,4,0,4,False,2.0899999141693115,6.900000095367432,4.810000419616699,4.65749979019165,2.357009172439575,726;936;937;938,Gao;Gao;Gao;Gao
paired_fingerprint,5ab55cb46b8f0ff467a7b39d3d468ce04f501ac8b46417a9cf6f45a75fb6ec8c,2,2,0,False,12.619999885559082,12.789999961853027,0.1700000762939453,12.704999923706055,0.12020820379257202,104;112,in-house;in-house
paired_fingerprint,5cebe64452137623542abaf4c77cc6f4b8aa159dcbc1da1d09af43df470ade07,2,2,0,False,2.380000114440918,5.510000228881836,3.130000114440918,3.945000171661377,2.2132441997528076,627;700,in-house;in-house
paired_fingerprint,69b2b83fb6b5cea97ef1298e70dc61cab3b871c1afd26f7f1faa57e8f9ad4e0c,2,2,0,False,1.899999976158142,3.9000000953674316,2.0,2.9000000953674316,1.4142136573791504,673;706,in-house;in-house
paired_fingerprint,710a61414634b5e4b5f5bc76959adbf35b9dc7dc2c164496ac1523674f4277b2,2,2,0,False,14.399999618530273,17.459999084472656,3.059999465942383,15.929999351501465,2.1637463569641113,2;34,in-house;in-house
paired_fingerprint,78938ec5eef8d4ff09fdd23e9d1ef5b525351926e91f14083005f1c6225aa293,3,3,0,False,15.300000190734863,16.399999618530273,1.0999994277954102,15.766666412353516,0.5686237215995789,8;20;23,in-house;in-house;in-house
paired_fingerprint,8332b22ad63e13f9b15c75f9f23319c3bcc64b52cea2954ad652267fde2e4b46,2,2,0,False,5.019999980926514,11.260000228881836,6.240000247955322,8.140000343322754,4.412346363067627,212;643,in-house;in-house
paired_fingerprint,88971f5fa937431c1a6f48011a318cb54a13e6b03c147dc555a3a4ced06c635b,2,0,2,False,2.4800000190734863,3.5999999046325684,1.119999885559082,3.0399999618530273,0.7919595241546631,1071;1072,Gao;Gao
paired_fingerprint,89c6015e4a31fc08e4f224f0c61ddf0e1d76d909f32e156e361ec86ad7ae6f83,2,2,0,False,4.820000171661377,8.130000114440918,3.309999942779541,6.475000381469727,2.3405234813690186,497;647,in-house;in-house
paired_fingerprint,8a047934b60cc03943a4906ed2f31aaac3120aed302f2ee380ad8acd68515117,2,2,0,False,9.739999771118164,12.029999732971191,2.2899999618530273,10.885000228881836,1.6192744970321655,165;361,in-house;in-house
paired_fingerprint,8acbefde3ccc413a2f9b5dd2454b313ea009563052da150bf371701b116fe40f,2,2,0,False,9.539999961853027,10.5600004196167,1.0200004577636719,10.050000190734863,0.7212492823600769,280;381,in-house;in-house
paired_fingerprint,94c1b0f6adda2831a1bea79479159d4d4b593e7a2844ff8087e367586c204acf,2,0,2,False,5.0,6.699999809265137,1.6999998092651367,5.849999904632568,1.2020814418792725,1203;1204,Gao;Gao
paired_fingerprint,9be27402d8c63fab6396827e7de984f270384e99c6de4f13f113e7509fe1ebac,2,0,2,False,2.509999990463257,2.869999885559082,0.3599998950958252,2.690000057220459,0.25455838441848755,869;871,Gao;Gao
paired_fingerprint,a0acdf2ad7f0ed4bd72ea71895835293921b6c20e616e90ab1254463481ade12,2,2,0,False,8.260000228881836,9.289999961853027,1.0299997329711914,8.774999618530273,0.7283198237419128,407;487,in-house;in-house
paired_fingerprint,a4988a68bbc8f005b36a5e2da07058f6661a3d18effa3d895bc971931654888b,2,2,0,False,11.1899995803833,11.819999694824219,0.630000114440918,11.504999160766602,0.44547736644744873,175;219,in-house;in-house
paired_fingerprint,ab8db180121a5c084069499f727ce871a0b87fbb9fd651379fe5f15371508a33,2,0,2,False,2.0999999046325684,2.700000047683716,0.6000001430511475,2.4000000953674316,0.42426416277885437,718;719,Gao;Gao
paired_fingerprint,afe0b4be3afddda120ae4bbc2950664a129bc4209f969b8d7a36c0e218121559,2,2,0,False,7.150000095367432,9.170000076293945,2.0199999809265137,8.15999984741211,1.4283556938171387,420;558,in-house;in-house
paired_fingerprint,b22cef58ec7cfac39705fe113999e5f0d7ccd8ddb0529e74aa7c5d95b01ae27e,4,4,0,False,12.529999732971191,13.949999809265137,1.4200000762939453,13.229999542236328,0.5800575017929077,41;71;77;117,in-house;in-house;in-house;in-house
paired_fingerprint,b61e91cf9bb661dc32f1ff2275a6f916c373708579805181bbfe2829f24e089a,2,2,0,False,10.600000381469727,13.279999732971191,2.679999351501465,11.940000534057617,1.8950457572937012,68;276,in-house;in-house
paired_fingerprint,b659442daa460053af34cd29ae2f70a06f7c2a187b5cfb2fe38f5ff1de402c24,2,0,2,False,7.139999866485596,8.5600004196167,1.4200005531311035,7.850000381469727,1.0040919780731201,884;885,Gao;Gao
paired_fingerprint,c1c9c3c148f4c916654cae139a210f0690660d9924fc175dc09a86a3ffc37615,2,0,2,False,4.019999980926514,4.21999979019165,0.19999980926513672,4.119999885559082,0.14142122864723206,1037;1038,Gao;Gao
paired_fingerprint,c35fda56f2002abc737a07e7086936194658a5387156d7454570b3a6b8eef5d1,2,0,2,False,2.0,5.599999904632568,3.5999999046325684,3.799999952316284,2.5455844402313232,1003;1004,Gao;Gao
paired_fingerprint,c3a86152fe43e084171ef5ef254699571beb3a3cf31c8771f17f77d0ec08b42c,2,0,2,False,4.010000228881836,4.019999980926514,0.009999752044677734,4.015000343322754,0.0070708924904465675,956;982,Gao;Gao
paired_fingerprint,ccef8b78299fad02767b50bfb87466c4a1679f1f6ee8f0cdf332190fd18f9017,2,0,2,False,6.5,7.630000114440918,1.130000114440918,7.065000057220459,0.7990307807922363,851;994,Gao;Gao
paired_fingerprint,d29f9c5fa7ffc524237d6a6476bc8b0cd885bb1ab11a5c1ace37ca0df625ab37,5,5,0,False,9.75,11.119999885559082,1.369999885559082,10.288000106811523,0.5272284746170044,225;293;339;340;360,in-house;in-house;in-house;in-house;in-house
paired_fingerprint,dab8515cd28fde6a96c617c31a5899ad7ed0319a2d10815845d137598cc41480,2,2,0,False,13.149999618530273,13.180000305175781,0.030000686645507812,13.164999961853027,0.02121368981897831,79;81,in-house;in-house
paired_fingerprint,dfddec171cf5b907634b3cfa86ae2f60a5ca0d06e64dba8008bb5a7dfb986dfd,2,2,0,False,7.510000228881836,14.029999732971191,6.5199995040893555,10.770000457763672,4.610335826873779,38;530,in-house;in-house
paired_fingerprint,e091c792995186f3134a74b0515b34ae370929c3fe63d539e590a95490aa44a4,2,2,0,False,12.050000190734863,12.300000190734863,0.25,12.175000190734863,0.1767766922712326,135;164,in-house;in-house
paired_fingerprint,e0b0a20fb07fb7880551fc6fc6df18d21a53e863d24d9740b6a31f5993b50e58,3,0,3,False,2.990000009536743,4.989999771118164,1.999999761581421,3.7733333110809326,1.0680979490280151,1006;1008;1010,Gao;Gao;Gao
paired_fingerprint,e2faabfa2b7046f170c0421558b83e91184f0d7e33a7ab6afad4eb7ccaaa3818,2,0,2,False,4.300000190734863,9.199999809265137,4.899999618530273,6.75,3.464823007583618,727;1246,Gao;Gao
paired_fingerprint,e402e4dd08dae0ac2cda41476ef14d0fefdfc3ca478fefdc1e0a09cd79ca131d,3,3,0,False,15.649999618530273,16.3700008392334,0.720001220703125,16.06333351135254,0.37166348099708557,10;13;19,in-house;in-house;in-house
paired_fingerprint,e5444ff6fb588d1bf0dda9b868decbb43a80deaaaf5d01082467c83db8352db8,2,0,2,False,1.5399999618530273,1.9500000476837158,0.4100000858306885,1.7450000047683716,0.2899138331413269,874;875,Gao;Gao
paired_fingerprint,eb5db58520448fef5328654fa499000e015cac0a8a128ad7dfaf82496c6c817d,3,0,3,False,2.690000057220459,4.559999942779541,1.869999885559082,3.4633331298828125,0.9760292768478394,1005;1007;1009,Gao;Gao;Gao
paired_fingerprint,ee6085ce84b082aba932333615ea927b6a199eb5bdd9f38751186640a5274d1e,2,0,2,False,0.5899999737739563,0.699999988079071,0.11000001430511475,0.6449999809265137,0.07778175175189972,1186;1188,Gao;Gao
paired_fingerprint,ef2a3f1a57f973a4decc367338259a9f1c7a8e9b3698a6d541b94658513eb148,2,2,0,False,10.199999809265137,12.800000190734863,2.6000003814697266,11.5,1.8384779691696167,102;321,in-house;in-house
paired_fingerprint,ef4341f833071d21e32968bd75cff00dba52fedd6ee3cebe0e02aa755acfd445,2,2,0,False,10.819999694824219,12.069999694824219,1.25,11.444999694824219,0.8838834762573242,161;251,in-house;in-house
paired_fingerprint,ef80a4b84aec4e884439eeb6572413d205f963e507ba6ef826cb002f6ac38eaa,2,0,2,False,5.039999961853027,6.039999961853027,1.0,5.539999961853027,0.7071067690849304,1040;1041,Gao;Gao
paired_fingerprint,f57d63787411d185dfdac286e7431bd6c660cf5b9c4aa9ab4635206c26e3cd9f,2,0,2,False,0.4699999988079071,0.800000011920929,0.33000001311302185,0.6349999904632568,0.23334525525569916,844;845,Gao;Gao
paired_fingerprint,fd7ed0c56704feda9d7555ba8ae14004d5b82bddfa9d89fd9cd006158ca1ebf6,2,2,0,False,7.559999942779541,10.8100004196167,3.250000476837158,9.1850004196167,2.2980973720550537,252;525,in-house;in-house
legacy_truncated_sequence,079843abdcdbc9fe5c62248bb0849015a278ed176c61f798fd14cebbf4a4ef77,2,2,0,False,9.329999923706055,9.329999923706055,0.0,9.329999923706055,0.0,399;401,in-house;in-house
legacy_truncated_sequence,0e0748ee2bf54f1c585e8a648e8c4df7096c6a948ccaf82a4a5c53946f86fd62,3,0,3,False,2.990000009536743,4.989999771118164,1.999999761581421,3.7733333110809326,1.0680979490280151,1006;1008;1010,Gao;Gao;Gao
legacy_truncated_sequence,1007fcb65d03ac3eeffadbcf7be9e35f5be3e82b10b7b415fcc3c39c62d68d0a,2,2,0,False,7.510000228881836,14.029999732971191,6.5199995040893555,10.770000457763672,4.610335826873779,38;530,in-house;in-house
legacy_truncated_sequence,102141dd606d75057f480d71a55cbd982a6e8071d9edc53333958d53ade035ef,2,2,0,False,7.150000095367432,9.170000076293945,2.0199999809265137,8.15999984741211,1.4283556938171387,420;558,in-house;in-house
legacy_truncated_sequence,1358b47a6f55d93ab4416ef1f5db830351913ae6980cc0c754a6857e93c3a6b2,2,2,0,False,2.380000114440918,5.510000228881836,3.130000114440918,3.945000171661377,2.2132441997528076,627;700,in-house;in-house
legacy_truncated_sequence,15cf52e456acacfb4c3bd7ac271e1814fb18dac5b89c80a3cc74fd56dad955d2,2,2,0,False,8.260000228881836,9.289999961853027,1.0299997329711914,8.774999618530273,0.7283198237419128,407;487,in-house;in-house
legacy_truncated_sequence,1e36190890eba7c0e188275c10c7ac47164c3f30fd31498eb936f33a00429b03,5,5,0,False,9.75,11.119999885559082,1.369999885559082,10.288000106811523,0.5272284746170044,225;293;339;340;360,in-house;in-house;in-house;in-house;in-house
legacy_truncated_sequence,224fdf9582811e4c66604a5a21305c80c3dd0129eb7bcc219ff492cbcfbf76f1,2,2,0,False,6.0,7.300000190734863,1.3000001907348633,6.650000095367432,0.9192389845848083,552;612,in-house;in-house
legacy_truncated_sequence,28637e448c04e46259c5b0ad9c4b6def7346f4a3b8d2b5a13a3d3759ec108315,2,2,0,False,5.019999980926514,11.260000228881836,6.240000247955322,8.140000343322754,4.412346363067627,212;643,in-house;in-house
legacy_truncated_sequence,2bdaa99a462a51b0a66d05843a94413a1357b81192d97d2df681d7f6b90c9ec5,2,0,2,False,1.5499999523162842,3.5199999809265137,1.9700000286102295,2.5349998474121094,1.3930003643035889,722;723,Gao;Gao
legacy_truncated_sequence,32009831a6351f02a68cb2910a7b563f3286ef21e8c7d5ed69cae15ab5884891,2,2,0,False,5.670000076293945,9.1899995803833,3.5199995040893555,7.429999828338623,2.489015579223633,419;620,in-house;in-house
legacy_truncated_sequence,3c605f372a9c5ab3687b664418536d261ce83b237d3e28ffdcaf6d813fc003ce,2,0,2,False,4.300000190734863,9.199999809265137,4.899999618530273,6.75,3.464823007583618,727;1246,Gao;Gao
legacy_truncated_sequence,4541aa1ec168b0be53cb6da61dbd04bcac532194e16cee8552d1785f22b885bd,2,0,2,False,4.019999980926514,4.21999979019165,0.19999980926513672,4.119999885559082,0.14142122864723206,1037;1038,Gao;Gao
legacy_truncated_sequence,4a438bbf8f06b20c3c4071fc35700375fe00e523d4604b8032978bd882d8bb59,2,0,2,False,2.509999990463257,2.869999885559082,0.3599998950958252,2.690000057220459,0.25455838441848755,869;871,Gao;Gao
legacy_truncated_sequence,4b210cb77cd34f5fab88cccba999c877ae7d5c71a1d7c666ac12384dbcff512f,2,2,0,False,10.199999809265137,12.800000190734863,2.6000003814697266,11.5,1.8384779691696167,102;321,in-house;in-house
legacy_truncated_sequence,54fcf8fd95f29fc4d0298bfc0a88eca554e31133afefb218f1621d1f77119605,2,0,2,False,5.0,6.699999809265137,1.6999998092651367,5.849999904632568,1.2020814418792725,1203;1204,Gao;Gao
legacy_truncated_sequence,5fda9dd99ba5c1ce977c0448f9e163abda9b2ddc72eb619dac0f2cce9701c073,2,2,0,False,10.819999694824219,12.069999694824219,1.25,11.444999694824219,0.8838834762573242,161;251,in-house;in-house
legacy_truncated_sequence,636259ed9d24a104bfd8bed5bf66964bf3f31698e58c11b90f3d01d0491f48e2,2,0,2,False,1.5399999618530273,1.9500000476837158,0.4100000858306885,1.7450000047683716,0.2899138331413269,874;875,Gao;Gao
legacy_truncated_sequence,6a880976122b2dc1c3a7b505862167de16befdfc8252c55986ae9ef40266fab6,3,3,0,False,15.300000190734863,16.399999618530273,1.0999994277954102,15.766666412353516,0.5686237215995789,8;20;23,in-house;in-house;in-house
legacy_truncated_sequence,6ebea4e21d3ddd14fe6e878ff6d9fc825d248cab25914b43a1726d147efd4e59,2,2,0,False,13.149999618530273,13.180000305175781,0.030000686645507812,13.164999961853027,0.02121368981897831,79;81,in-house;in-house
legacy_truncated_sequence,6fa52ad23f02418a1de925a527ce9c6f9b6e8a0924f695022696285e9742492a,2,0,2,False,0.5899999737739563,0.699999988079071,0.11000001430511475,0.6449999809265137,0.07778175175189972,1186;1188,Gao;Gao
legacy_truncated_sequence,7f44e0c45ab15af5d1b9785b4d8678c5a59cbfa052b6c19ce1b90a0e09163535,2,0,2,False,2.259999990463257,5.070000171661377,2.81000018119812,3.6649999618530273,1.9869701862335205,922;923,Gao;Gao
legacy_truncated_sequence,89c92d509b8bc32c2d8a69b89ad27e9323f93422c1108c849f7993b4188d5f2f,2,2,0,False,7.559999942779541,10.8100004196167,3.250000476837158,9.1850004196167,2.2980973720550537,252;525,in-house;in-house
legacy_truncated_sequence,8c714217657af4e94df7868667b948af2ed2dc2e0268afcba9998343250da00c,2,2,0,False,1.899999976158142,3.9000000953674316,2.0,2.9000000953674316,1.4142136573791504,673;706,in-house;in-house
legacy_truncated_sequence,8f50659c093320729574874aef90861803fef2910fd9d1bb266e01f391732009,2,0,2,False,2.4800000190734863,3.5999999046325684,1.119999885559082,3.0399999618530273,0.7919595241546631,1071;1072,Gao;Gao
legacy_truncated_sequence,90ab22e3374b2fba6ce6b44bb659d949d1337b2f4446191e097ef4ca0d88075c,2,2,0,False,9.539999961853027,10.5600004196167,1.0200004577636719,10.050000190734863,0.7212492823600769,280;381,in-house;in-house
legacy_truncated_sequence,933636bd76cf7b923af2cacbbb7506ff11426d1b14da0b564722ca7279ccae89,2,2,0,False,11.199999809265137,12.40999984741211,1.2100000381469727,11.805000305175781,0.8555992245674133,128;216,in-house;in-house
legacy_truncated_sequence,963b7b4d6fd6e7127c71f82eace906f7357d14eb83084636dce95bc94fd4314f,2,0,2,False,2.0,5.599999904632568,3.5999999046325684,3.799999952316284,2.5455844402313232,1003;1004,Gao;Gao
legacy_truncated_sequence,a223e3492703b719838449ec09d0cb7c5103935b343929af8b406de54feee754,3,0,3,False,3.0899999141693115,6.21999979019165,3.129999876022339,5.039999485015869,1.7011466026306152,842;1159;1160,Gao;Gao;Gao
legacy_truncated_sequence,ab84c31626b608004af7a39b9a2ccc7ad1bdfe58df4f284ab12960daf1096b0a,2,0,2,False,4.010000228881836,4.019999980926514,0.009999752044677734,4.015000343322754,0.0070708924904465675,956;982,Gao;Gao
legacy_truncated_sequence,b4441be4c2c17a6cac8f792841d44c7353b718d3e8deced57915ddb018672fa3,2,2,0,False,10.600000381469727,13.279999732971191,2.679999351501465,11.940000534057617,1.8950457572937012,68;276,in-house;in-house
legacy_truncated_sequence,bc7196134951070106793c839fde42fb7832843e4e8ae1a5a0f77a3983359a70,2,0,2,False,0.4699999988079071,0.800000011920929,0.33000001311302185,0.6349999904632568,0.23334525525569916,844;845,Gao;Gao
legacy_truncated_sequence,bdf416a30abb5e0648c943431d21011dfa80e4326f286f48ce0e13a1899e8b6e,2,2,0,False,4.820000171661377,8.130000114440918,3.309999942779541,6.475000381469727,2.3405234813690186,497;647,in-house;in-house
legacy_truncated_sequence,bf8eeec9716aaf7c05f41a39bba9dc802c12b02f492f80174249d69afb8369f5,2,0,2,False,7.139999866485596,8.5600004196167,1.4200005531311035,7.850000381469727,1.0040919780731201,884;885,Gao;Gao
legacy_truncated_sequence,c2d3f08546c7c299bf4e61db1b9e5671e74810ffbb7419b7ef89f20916c1fda1,2,0,2,False,2.0999999046325684,2.700000047683716,0.6000001430511475,2.4000000953674316,0.42426416277885437,718;719,Gao;Gao
legacy_truncated_sequence,ccadeab06fe0d22661c54cf46f26ab11bac8ab9ae86b5968982b866f28f40ae8,4,4,0,False,12.529999732971191,13.949999809265137,1.4200000762939453,13.229999542236328,0.5800575017929077,41;71;77;117,in-house;in-house;in-house;in-house
legacy_truncated_sequence,cdf05379e710714135a660125bba7ffd7342168f37e250c7fb8bc9299e1f43c7,4,0,4,False,2.0899999141693115,6.900000095367432,4.810000419616699,4.65749979019165,2.357009172439575,726;936;937;938,Gao;Gao;Gao;Gao
legacy_truncated_sequence,d09319fd46d4041b09c36364276ed27df628e78196f527c61176b382ed50ca16,3,0,3,False,2.690000057220459,4.559999942779541,1.869999885559082,3.4633331298828125,0.9760292768478394,1005;1007;1009,Gao;Gao;Gao
legacy_truncated_sequence,d54ee48652720333d9482fdbb6663cfcda59efa379f5c9172be2d4d4f88ce7bd,2,2,0,False,9.739999771118164,12.029999732971191,2.2899999618530273,10.885000228881836,1.6192744970321655,165;361,in-house;in-house
legacy_truncated_sequence,dde96b481487fb8ccb9f3ddcf54d87fd36fcba3367bce75a4d63aa07d011987c,2,2,0,False,12.619999885559082,12.789999961853027,0.1700000762939453,12.704999923706055,0.12020820379257202,104;112,in-house;in-house
legacy_truncated_sequence,e417f90a4523cd42af975b774ceb0fc14a1b4c219bfa30a59e1cbcaad1c0896f,2,2,0,False,11.1899995803833,11.819999694824219,0.630000114440918,11.504999160766602,0.44547736644744873,175;219,in-house;in-house
legacy_truncated_sequence,e4a7eb49f2cef95e537d0aa64325072adb41f2cc23305f645b4d61dc8df7bf6f,3,3,0,False,15.649999618530273,16.3700008392334,0.720001220703125,16.06333351135254,0.37166348099708557,10;13;19,in-house;in-house;in-house
legacy_truncated_sequence,ecc17bfcc47bd3721f3f4df6b8e0ab02efd80bdc3d7e6cb188e9d92d7079ff63,2,2,0,False,9.300000190734863,12.100000381469727,2.8000001907348633,10.700000762939453,1.9798991680145264,154;403,in-house;in-house
legacy_truncated_sequence,ee38e10e92ff96979cb608d0b433468921ea25baf243b0e3165f3d8219871599,2,0,2,False,1.9800000190734863,2.0299999713897705,0.04999995231628418,2.005000114440918,0.035355307161808014,804;805,Gao;Gao
legacy_truncated_sequence,eeb28bc6b5c5640fc6f77282cef6f91289585096665858014ba28b6609467572,3,0,3,False,0.800000011920929,3.700000047683716,2.9000000953674316,2.0,1.5132745504379272,817;818;819,Gao;Gao;Gao
legacy_truncated_sequence,eeb3677cfd8ca7a6b1d71edae89be917b2bf48629ee42946ff1bd76688c3ac02,2,0,2,False,6.5,7.630000114440918,1.130000114440918,7.065000057220459,0.7990307807922363,851;994,Gao;Gao
legacy_truncated_sequence,ef5286a8e5b062f9310c0393b91e66fa56afeb0b7c335463eb7343a420c1ad5d,2,2,0,False,14.399999618530273,17.459999084472656,3.059999465942383,15.929999351501465,2.1637463569641113,2;34,in-house;in-house
legacy_truncated_sequence,f392a33f43ef35d60e2189892b0bb2e377102b3cdb62961f7f37b57cd5f653a3,2,2,0,False,12.050000190734863,12.300000190734863,0.25,12.175000190734863,0.1767766922712326,135;164,in-house;in-house
legacy_truncated_sequence,f5fb165034d30071600d7fec16b09813a5aa8fcc19d4573c3e36f063c228879f,2,0,2,False,5.039999961853027,6.039999961853027,1.0,5.539999961853027,0.7071067690849304,1040;1041,Gao;Gao
role_aware_truncated_sequence,04aadc213b7bc50b11a865ef0d356e8d79017db2726b499f18b3e4565b2bbc74,2,2,0,False,5.019999980926514,11.260000228881836,6.240000247955322,8.140000343322754,4.412346363067627,212;643,in-house;in-house
role_aware_truncated_sequence,08199214f3fc77a88e37db655bc66b2a14a7b03703d609d7b3ac53d2637a6e7f,2,2,0,False,7.559999942779541,10.8100004196167,3.250000476837158,9.1850004196167,2.2980973720550537,252;525,in-house;in-house
role_aware_truncated_sequence,0d73f7074413951eb9803af133f16b075ecbd4413725d52d7662db0a24d38f2d,2,0,2,False,2.509999990463257,2.869999885559082,0.3599998950958252,2.690000057220459,0.25455838441848755,869;871,Gao;Gao
role_aware_truncated_sequence,1327b5a3b4eeffce25d4cd14a0f14c892598159b3346a3bdbfab678ee91d356d,2,2,0,False,9.539999961853027,10.5600004196167,1.0200004577636719,10.050000190734863,0.7212492823600769,280;381,in-house;in-house
role_aware_truncated_sequence,17165216c0e0a0502487bfc02d3e9d7fce6ef55c484b3f10df5a3fbac449859d,2,2,0,False,6.0,7.300000190734863,1.3000001907348633,6.650000095367432,0.9192389845848083,552;612,in-house;in-house
role_aware_truncated_sequence,1a1c3dbff251758cf264a0a4fccb444df72a8f4b5ad83dbc1dfb3547140f8adc,3,3,0,False,15.649999618530273,16.3700008392334,0.720001220703125,16.06333351135254,0.37166348099708557,10;13;19,in-house;in-house;in-house
role_aware_truncated_sequence,1eb3da2beac615b39f25e3dfddb79a0b121f57a96d0d744f2738ba193411733f,2,0,2,False,0.5899999737739563,0.699999988079071,0.11000001430511475,0.6449999809265137,0.07778175175189972,1186;1188,Gao;Gao
role_aware_truncated_sequence,21dbce05cc4c37297a77239175630beee17579749b12c60d59373610bafa1107,2,2,0,False,9.300000190734863,12.100000381469727,2.8000001907348633,10.700000762939453,1.9798991680145264,154;403,in-house;in-house
role_aware_truncated_sequence,2283d48efc24f46be334c4003c04d667bb8968c374856759ca2993886588650f,2,2,0,False,11.1899995803833,11.819999694824219,0.630000114440918,11.504999160766602,0.44547736644744873,175;219,in-house;in-house
role_aware_truncated_sequence,2755386c9f74015ebef924cd6f95c8bfe4edce53df5e26812ec6b6346cd6f4db,2,0,2,False,2.259999990463257,5.070000171661377,2.81000018119812,3.6649999618530273,1.9869701862335205,922;923,Gao;Gao
role_aware_truncated_sequence,29565d825266e6210677dd1b33391988f8f0cc4590f527eb2db7953308a0b9f9,2,0,2,False,6.5,7.630000114440918,1.130000114440918,7.065000057220459,0.7990307807922363,851;994,Gao;Gao
role_aware_truncated_sequence,2af2930fcca3cdbe8b60e5d2c85a8b9b38a3d640afa97a33047bf3a6783daf1f,2,0,2,False,4.010000228881836,4.019999980926514,0.009999752044677734,4.015000343322754,0.0070708924904465675,956;982,Gao;Gao
role_aware_truncated_sequence,2b53a9c00cef3923b9161a6c0bec47672e3d10fd6401a0194f20b0af76efc17d,2,0,2,False,5.0,6.699999809265137,1.6999998092651367,5.849999904632568,1.2020814418792725,1203;1204,Gao;Gao
role_aware_truncated_sequence,2e51c7bb495b7fd4da8f7349ba3a8916466d26ffcc5c6fdc81953977b30f1f58,2,2,0,False,10.819999694824219,12.069999694824219,1.25,11.444999694824219,0.8838834762573242,161;251,in-house;in-house
role_aware_truncated_sequence,2fc9e7c556a7209c51bffadc1c931a1985ad082594c146e4807cf0f82c17c86f,2,0,2,False,2.0,5.599999904632568,3.5999999046325684,3.799999952316284,2.5455844402313232,1003;1004,Gao;Gao
role_aware_truncated_sequence,3eb208b0111f96299489ddeb8a56e794b90dfc797f8d36e88ee6abf511a0c8d7,2,0,2,False,4.019999980926514,4.21999979019165,0.19999980926513672,4.119999885559082,0.14142122864723206,1037;1038,Gao;Gao
role_aware_truncated_sequence,4a49993e99cf73bd0b6b87efb3bce026b4400c5ec011d9f500e4b2d22c88bd9b,2,2,0,False,7.510000228881836,14.029999732971191,6.5199995040893555,10.770000457763672,4.610335826873779,38;530,in-house;in-house
role_aware_truncated_sequence,4b8b6a0bab80ad94a1b746e9547cb5572b474b615c7f864620f8da8c8d34ac4a,2,2,0,False,9.739999771118164,12.029999732971191,2.2899999618530273,10.885000228881836,1.6192744970321655,165;361,in-house;in-house
role_aware_truncated_sequence,4ca5d461659561c72a4cc6204f53c152bcca5a6aa0c2c05117fa49c49be80822,3,0,3,False,0.800000011920929,3.700000047683716,2.9000000953674316,2.0,1.5132745504379272,817;818;819,Gao;Gao;Gao
role_aware_truncated_sequence,54aef9fc78b1f7c9ddc794faa913acd7c5592adb94dd8d9a82c49ff3f9bd1ed2,2,0,2,False,7.139999866485596,8.5600004196167,1.4200005531311035,7.850000381469727,1.0040919780731201,884;885,Gao;Gao
role_aware_truncated_sequence,58a9713ec5a8bf3f4a64be3aeb272583a88880c25c8f1f7e4c3934a07f549636,2,0,2,False,1.5499999523162842,3.5199999809265137,1.9700000286102295,2.5349998474121094,1.3930003643035889,722;723,Gao;Gao
role_aware_truncated_sequence,5ad363a06bd7e8f73a385118c2b74d44545fa7d327409c5c1eca796d7487b0e8,2,2,0,False,12.050000190734863,12.300000190734863,0.25,12.175000190734863,0.1767766922712326,135;164,in-house;in-house
role_aware_truncated_sequence,5c37dffc4fe0f3b8868a18da62157a8f560e460764a63395347f50253b35663a,2,0,2,False,1.5399999618530273,1.9500000476837158,0.4100000858306885,1.7450000047683716,0.2899138331413269,874;875,Gao;Gao
role_aware_truncated_sequence,5d7523c961ac25f3f2a98774a4f8734f5c7532d8cc652e1e459b3b758d430bd7,2,2,0,False,13.149999618530273,13.180000305175781,0.030000686645507812,13.164999961853027,0.02121368981897831,79;81,in-house;in-house
role_aware_truncated_sequence,79e42a8eb5e9574f8c288cd151d700a23a39711b44d680b97b0ebbd6adfc9762,2,2,0,False,12.619999885559082,12.789999961853027,0.1700000762939453,12.704999923706055,0.12020820379257202,104;112,in-house;in-house
role_aware_truncated_sequence,7de2f922f7bf3fc40af78adfc935fa05cd30577855405d82236cc71c573cf43b,2,2,0,False,5.670000076293945,9.1899995803833,3.5199995040893555,7.429999828338623,2.489015579223633,419;620,in-house;in-house
role_aware_truncated_sequence,83f3b84e123803396d65a98e096bce1fb8188a813b61de328cc8fcdb8ca578fc,2,0,2,False,5.039999961853027,6.039999961853027,1.0,5.539999961853027,0.7071067690849304,1040;1041,Gao;Gao
role_aware_truncated_sequence,8b1574aa815a0e8871419fb9c94c23e58f627372fbf109f57229b7ca94c5c1fc,2,2,0,False,4.820000171661377,8.130000114440918,3.309999942779541,6.475000381469727,2.3405234813690186,497;647,in-house;in-house
role_aware_truncated_sequence,9131e771b4990d8487a117cd30eeb66b3a74d091518154d30236083dd58d0a31,2,2,0,False,10.600000381469727,13.279999732971191,2.679999351501465,11.940000534057617,1.8950457572937012,68;276,in-house;in-house
role_aware_truncated_sequence,97e001f840015da66161c01434b73a15bfcaef6ae9dba5491141af98822635a4,2,2,0,False,8.260000228881836,9.289999961853027,1.0299997329711914,8.774999618530273,0.7283198237419128,407;487,in-house;in-house
role_aware_truncated_sequence,9cc88e8a5c237c668c5ad1982dcf122c14e09cf9496dc76388c2f736cf7c0255,3,0,3,False,3.0899999141693115,6.21999979019165,3.129999876022339,5.039999485015869,1.7011466026306152,842;1159;1160,Gao;Gao;Gao
role_aware_truncated_sequence,a56d979b76c94ed42315ae18c581a5374c16de6cbe583ea555f3e1d31442b424,2,0,2,False,4.300000190734863,9.199999809265137,4.899999618530273,6.75,3.464823007583618,727;1246,Gao;Gao
role_aware_truncated_sequence,a8884b12f5499c21b9fd68eaa0ebf762a9a202e66cebf4a4261e213686750507,2,2,0,False,9.329999923706055,9.329999923706055,0.0,9.329999923706055,0.0,399;401,in-house;in-house
role_aware_truncated_sequence,a8ee33ea373740a21952ce2e9768009105da7288ff612c7bc6ed82e2b659fc5a,2,2,0,False,1.899999976158142,3.9000000953674316,2.0,2.9000000953674316,1.4142136573791504,673;706,in-house;in-house
role_aware_truncated_sequence,aa3a08954e3adc26aeb3580f019b4671934da681dfd29f7c44bdf85d1cabd597,2,2,0,False,2.380000114440918,5.510000228881836,3.130000114440918,3.945000171661377,2.2132441997528076,627;700,in-house;in-house
role_aware_truncated_sequence,b6c3b90ef2ab17dd3432e05f6c9702e8fb940c6ad50a7ce8519700fb582ac68c,2,0,2,False,1.9800000190734863,2.0299999713897705,0.04999995231628418,2.005000114440918,0.035355307161808014,804;805,Gao;Gao
role_aware_truncated_sequence,b8263ae601b90b00e6b6b8b63a2d6a59754a73a3afc214c5a76e3639e4faae29,5,5,0,False,9.75,11.119999885559082,1.369999885559082,10.288000106811523,0.5272284746170044,225;293;339;340;360,in-house;in-house;in-house;in-house;in-house
role_aware_truncated_sequence,c5c702be24382e1ea9c6e53002a45538ab565f9d25ad3f1be48c943ffbe14d17,3,0,3,False,2.690000057220459,4.559999942779541,1.869999885559082,3.4633331298828125,0.9760292768478394,1005;1007;1009,Gao;Gao;Gao
role_aware_truncated_sequence,cbf0f12d5ec0c3cb2d107a991a82bf9dbbcd62a7c76f6730cd02747073721746,4,4,0,False,12.529999732971191,13.949999809265137,1.4200000762939453,13.229999542236328,0.5800575017929077,41;71;77;117,in-house;in-house;in-house;in-house
role_aware_truncated_sequence,cc7124019f3b0e8febbf3c72829b707d117b6f90543805d2bbb891445e3294ad,4,0,4,False,2.0899999141693115,6.900000095367432,4.810000419616699,4.65749979019165,2.357009172439575,726;936;937;938,Gao;Gao;Gao;Gao
role_aware_truncated_sequence,d3a06412d0c230bd754b81b9acadcfb42ba809b8762e111069496ce7c71b6968,3,0,3,False,2.990000009536743,4.989999771118164,1.999999761581421,3.7733333110809326,1.0680979490280151,1006;1008;1010,Gao;Gao;Gao
role_aware_truncated_sequence,d585d1dc116c48a193d30eaf0c7f10c9d1ebc78c1cefd449dfa94163f9cc3f9d,2,0,2,False,0.4699999988079071,0.800000011920929,0.33000001311302185,0.6349999904632568,0.23334525525569916,844;845,Gao;Gao
role_aware_truncated_sequence,e0f78589b4d54979baeeca807f6bdd933cf7e233ad32b8a64ed9dfd7905fbe2c,2,2,0,False,10.199999809265137,12.800000190734863,2.6000003814697266,11.5,1.8384779691696167,102;321,in-house;in-house
role_aware_truncated_sequence,e16bddcd14bd9d04c9df94ac4d850efa3ef544af67f5f960838e1a8a250c6db5,2,2,0,False,7.150000095367432,9.170000076293945,2.0199999809265137,8.15999984741211,1.4283556938171387,420;558,in-house;in-house
role_aware_truncated_sequence,e21faff6ee5b9ca50e5e7deabaafe9fa1ce00e43471a215f2c170f928e8c498f,2,2,0,False,11.199999809265137,12.40999984741211,1.2100000381469727,11.805000305175781,0.8555992245674133,128;216,in-house;in-house
role_aware_truncated_sequence,e5164183b1571995ce3edce2f1f096e53c9c66338197ab4c547c863e54e06457,2,0,2,False,2.4800000190734863,3.5999999046325684,1.119999885559082,3.0399999618530273,0.7919595241546631,1071;1072,Gao;Gao
role_aware_truncated_sequence,ecf7dc51cb5cc4d0976a13e798329f97938bb79656a504afd41012dd3a2364de,3,3,0,False,15.300000190734863,16.399999618530273,1.0999994277954102,15.766666412353516,0.5686237215995789,8;20;23,in-house;in-house;in-house
role_aware_truncated_sequence,ee9b2a65d76c8646ab1771681b4249d45b487aa4dd813d4414e91f7270303de8,2,2,0,False,14.399999618530273,17.459999084472656,3.059999465942383,15.929999351501465,2.1637463569641113,2;34,in-house;in-house
role_aware_truncated_sequence,fde94584fb4768a1861a1b0212c2183e94554b333b42e437f479e5f6cd9a8f13,2,0,2,False,2.0999999046325684,2.700000047683716,0.6000001430511475,2.4000000953674316,0.42426416277885437,718;719,Gao;Gao
