original_feature_index_zero_based,feature_name_zero_based,molecular_side,selected_by_training_only_MI,mean_absolute_shap,rank_by_mean_absolute_shap
0,fd_0,donor,False,,
1,fd_1,donor,True,0.0018787433326285,352.0
2,fd_2,donor,True,0.0128241871205635,82.0
3,fd_3,donor,False,,
4,fd_4,donor,True,0.0093599833276658,112.0
5,fd_5,donor,False,,
6,fd_6,donor,False,,
7,fd_7,donor,False,,
8,fd_8,donor,False,,
9,fd_9,donor,False,,
10,fd_10,donor,False,,
11,fd_11,donor,False,,
12,fd_12,donor,False,,
13,fd_13,donor,False,,
14,fd_14,donor,True,0.0105311464515079,97.0
15,fd_15,donor,False,,
16,fd_16,donor,False,,
17,fd_17,donor,False,,
18,fd_18,donor,False,,
19,fd_19,donor,False,,
20,fd_20,donor,True,0.0022941500982595,317.0
21,fd_21,donor,True,0.0057038728723594,174.0
22,fd_22,donor,True,0.0002197502804719,544.0
23,fd_23,donor,False,,
24,fd_24,donor,True,0.0041408427869263,212.0
25,fd_25,donor,True,0.0019195262151767,348.0
26,fd_26,donor,False,,
27,fd_27,donor,False,,
28,fd_28,donor,False,,
29,fd_29,donor,False,,
30,fd_30,donor,False,,
31,fd_31,donor,False,,
32,fd_32,donor,True,0.0055436503398845,181.0
33,fd_33,donor,False,,
34,fd_34,donor,False,,
35,fd_35,donor,False,,
36,fd_36,donor,True,0.0021513407213445,332.0
37,fd_37,donor,False,,
38,fd_38,donor,False,,
39,fd_39,donor,False,,
40,fd_40,donor,True,0.0159444918188273,64.0
41,fd_41,donor,True,0.0142522374076785,74.0
42,fd_42,donor,False,,
43,fd_43,donor,True,0.0006539183018359,464.0
44,fd_44,donor,True,0.001515438033242,387.0
45,fd_45,donor,False,,
46,fd_46,donor,True,0.0134677394977068,79.0
47,fd_47,donor,True,0.0022568575424331,320.0
48,fd_48,donor,True,0.0009885910065508,422.0
49,fd_49,donor,False,,
50,fd_50,donor,False,,
51,fd_51,donor,False,,
52,fd_52,donor,False,,
53,fd_53,donor,False,,
54,fd_54,donor,False,,
55,fd_55,donor,False,,
56,fd_56,donor,True,0.00012072214773,563.0
57,fd_57,donor,False,,
58,fd_58,donor,False,,
59,fd_59,donor,False,,
60,fd_60,donor,False,,
61,fd_61,donor,False,,
62,fd_62,donor,True,0.0028602500574072,283.0
63,fd_63,donor,False,,
64,fd_64,donor,True,0.0044759380803774,200.0
65,fd_65,donor,True,0.0091961645407683,117.0
66,fd_66,donor,False,,
67,fd_67,donor,True,0.00030064923116,521.0
68,fd_68,donor,False,,
69,fd_69,donor,True,0.0023271218559038,314.0
70,fd_70,donor,False,,
71,fd_71,donor,False,,
72,fd_72,donor,False,,
73,fd_73,donor,False,,
74,fd_74,donor,False,,
75,fd_75,donor,False,,
76,fd_76,donor,False,,
77,fd_77,donor,False,,
78,fd_78,donor,True,0.0039798712777852,217.0
79,fd_79,donor,True,0.0140375310435086,75.0
80,fd_80,donor,False,,
81,fd_81,donor,False,,
82,fd_82,donor,True,0.0166353177294847,62.0
83,fd_83,donor,False,,
84,fd_84,donor,True,0.0054755007974458,182.0
85,fd_85,donor,False,,
86,fd_86,donor,False,,
87,fd_87,donor,False,,
88,fd_88,donor,True,0.0253729599211823,42.0
89,fd_89,donor,False,,
90,fd_90,donor,False,,
91,fd_91,donor,False,,
92,fd_92,donor,False,,
93,fd_93,donor,True,0.0,597.0
94,fd_94,donor,False,,
95,fd_95,donor,False,,
96,fd_96,donor,False,,
97,fd_97,donor,False,,
98,fd_98,donor,False,,
99,fd_99,donor,False,,
100,fd_100,donor,False,,
101,fd_101,donor,False,,
102,fd_102,donor,False,,
103,fd_103,donor,False,,
104,fd_104,donor,True,0.0002587569516988,534.0
105,fd_105,donor,False,,
106,fd_106,donor,False,,
107,fd_107,donor,True,0.0022871434455282,319.0
108,fd_108,donor,False,,
109,fd_109,donor,False,,
110,fd_110,donor,False,,
111,fd_111,donor,False,,
112,fd_112,donor,False,,
113,fd_113,donor,False,,
114,fd_114,donor,False,,
115,fd_115,donor,True,0.00125409801674,406.0
116,fd_116,donor,False,,
117,fd_117,donor,True,0.0026508794144638,296.0
118,fd_118,donor,True,0.0021807416458361,328.0
119,fd_119,donor,True,0.0041325398652579,213.0
120,fd_120,donor,True,0.0003219043304521,516.0
121,fd_121,donor,True,0.0226255522885149,47.0
122,fd_122,donor,True,0.0584659741392016,15.0
123,fd_123,donor,False,,
124,fd_124,donor,False,,
125,fd_125,donor,True,0.0008683414436492,440.0
126,fd_126,donor,False,,
127,fd_127,donor,True,0.0003106571318929,519.0
128,fd_128,donor,True,0.0298936829714375,31.0
129,fd_129,donor,False,,
130,fd_130,donor,True,0.0015763748782748,380.0
131,fd_131,donor,True,0.0012804830642351,404.0
132,fd_132,donor,False,,
133,fd_133,donor,False,,
134,fd_134,donor,False,,
135,fd_135,donor,False,,
136,fd_136,donor,False,,
137,fd_137,donor,False,,
138,fd_138,donor,False,,
139,fd_139,donor,True,0.023871847461659,44.0
140,fd_140,donor,False,,
141,fd_141,donor,False,,
142,fd_142,donor,True,0.0003385291663904,511.0
143,fd_143,donor,False,,
144,fd_144,donor,True,0.0024017038389764,305.0
145,fd_145,donor,True,0.0070355202711855,152.0
146,fd_146,donor,False,,
147,fd_147,donor,True,0.0021995648533826,326.0
148,fd_148,donor,False,,
149,fd_149,donor,False,,
150,fd_150,donor,False,,
151,fd_151,donor,False,,
152,fd_152,donor,False,,
153,fd_153,donor,False,,
154,fd_154,donor,False,,
155,fd_155,donor,False,,
156,fd_156,donor,False,,
157,fd_157,donor,True,9.059490331612476e-05,570.0
158,fd_158,donor,False,,
159,fd_159,donor,False,,
160,fd_160,donor,True,0.0086574729212319,127.0
161,fd_161,donor,False,,
162,fd_162,donor,True,0.0016013633373899,379.0
163,fd_163,donor,False,,
164,fd_164,donor,False,,
165,fd_165,donor,False,,
166,fd_166,donor,True,0.0005304807941034,483.0
167,fd_167,donor,True,0.0008949706757868,437.0
168,fd_168,donor,False,,
169,fd_169,donor,False,,
170,fd_170,donor,False,,
171,fd_171,donor,False,,
172,fd_172,donor,False,,
173,fd_173,donor,False,,
174,fd_174,donor,False,,
175,fd_175,donor,True,0.0269013893275066,35.0
176,fd_176,donor,False,,
177,fd_177,donor,True,0.0341345642125285,24.0
178,fd_178,donor,False,,
179,fd_179,donor,False,,
180,fd_180,donor,False,,
181,fd_181,donor,False,,
182,fd_182,donor,False,,
183,fd_183,donor,False,,
184,fd_184,donor,False,,
185,fd_185,donor,False,,
186,fd_186,donor,False,,
187,fd_187,donor,True,0.0007056247698279,458.0
188,fd_188,donor,False,,
189,fd_189,donor,True,0.0096713547354088,106.0
190,fd_190,donor,False,,
191,fd_191,donor,False,,
192,fd_192,donor,True,0.0021310994493106,336.0
193,fd_193,donor,False,,
194,fd_194,donor,True,0.00315158860158,260.0
195,fd_195,donor,False,,
196,fd_196,donor,False,,
197,fd_197,donor,True,8.246828202541143e-05,575.0
198,fd_198,donor,False,,
199,fd_199,donor,True,0.0003915647098465,502.0
200,fd_200,donor,False,,
201,fd_201,donor,False,,
202,fd_202,donor,False,,
203,fd_203,donor,False,,
204,fd_204,donor,False,,
205,fd_205,donor,True,0.0049201729829208,192.0
206,fd_206,donor,False,,
207,fd_207,donor,False,,
208,fd_208,donor,True,0.0051871406675636,186.0
209,fd_209,donor,True,5.708098468851871e-05,578.0
210,fd_210,donor,False,,
211,fd_211,donor,True,0.0008686154954211,439.0
212,fd_212,donor,False,,
213,fd_213,donor,False,,
214,fd_214,donor,False,,
215,fd_215,donor,False,,
216,fd_216,donor,False,,
217,fd_217,donor,False,,
218,fd_218,donor,False,,
219,fd_219,donor,True,0.005792206348204,172.0
220,fd_220,donor,False,,
221,fd_221,donor,True,0.0002339101292293,540.0
222,fd_222,donor,False,,
223,fd_223,donor,True,0.0008398246832633,441.0
224,fd_224,donor,False,,
225,fd_225,donor,True,0.0066773771714255,162.0
226,fd_226,donor,False,,
227,fd_227,donor,False,,
228,fd_228,donor,False,,
229,fd_229,donor,False,,
230,fd_230,donor,True,0.0020486238533487,339.0
231,fd_231,donor,False,,
232,fd_232,donor,False,,
233,fd_233,donor,False,,
234,fd_234,donor,False,,
235,fd_235,donor,False,,
236,fd_236,donor,False,,
237,fd_237,donor,True,0.0023180376555018,315.0
238,fd_238,donor,False,,
239,fd_239,donor,False,,
240,fd_240,donor,False,,
241,fd_241,donor,True,0.0088379780691711,125.0
242,fd_242,donor,False,,
243,fd_243,donor,False,,
244,fd_244,donor,False,,
245,fd_245,donor,False,,
246,fd_246,donor,False,,
247,fd_247,donor,True,0.0007892143322821,446.0
248,fd_248,donor,False,,
249,fd_249,donor,False,,
250,fd_250,donor,False,,
251,fd_251,donor,False,,
252,fd_252,donor,False,,
253,fd_253,donor,False,,
254,fd_254,donor,False,,
255,fd_255,donor,False,,
256,fd_256,donor,False,,
257,fd_257,donor,False,,
258,fd_258,donor,False,,
259,fd_259,donor,False,,
260,fd_260,donor,False,,
261,fd_261,donor,False,,
262,fd_262,donor,True,0.0009674501011097,423.0
263,fd_263,donor,True,0.002227262083228,323.0
264,fd_264,donor,False,,
265,fd_265,donor,True,3.90204654027988e-05,583.0
266,fd_266,donor,False,,
267,fd_267,donor,False,,
268,fd_268,donor,False,,
269,fd_269,donor,False,,
270,fd_270,donor,False,,
271,fd_271,donor,False,,
272,fd_272,donor,False,,
273,fd_273,donor,False,,
274,fd_274,donor,False,,
275,fd_275,donor,False,,
276,fd_276,donor,False,,
277,fd_277,donor,False,,
278,fd_278,donor,False,,
279,fd_279,donor,False,,
280,fd_280,donor,False,,
281,fd_281,donor,False,,
282,fd_282,donor,True,0.0021423897167845,335.0
283,fd_283,donor,False,,
284,fd_284,donor,False,,
285,fd_285,donor,False,,
286,fd_286,donor,False,,
287,fd_287,donor,False,,
288,fd_288,donor,True,8.65743426568967e-05,573.0
289,fd_289,donor,False,,
290,fd_290,donor,False,,
291,fd_291,donor,False,,
292,fd_292,donor,False,,
293,fd_293,donor,True,0.0023926064981783,306.0
294,fd_294,donor,False,,
295,fd_295,donor,True,0.0013952479506628,397.0
296,fd_296,donor,True,0.0043954722624859,203.0
297,fd_297,donor,False,,
298,fd_298,donor,False,,
299,fd_299,donor,True,0.0013199672271126,402.0
300,fd_300,donor,False,,
301,fd_301,donor,False,,
302,fd_302,donor,True,0.0070942483994937,150.0
303,fd_303,donor,False,,
304,fd_304,donor,True,0.0043667246613626,204.0
305,fd_305,donor,False,,
306,fd_306,donor,False,,
307,fd_307,donor,False,,
308,fd_308,donor,False,,
309,fd_309,donor,False,,
310,fd_310,donor,True,0.0028232528612246,285.0
311,fd_311,donor,False,,
312,fd_312,donor,False,,
313,fd_313,donor,False,,
314,fd_314,donor,True,0.0180097951311226,57.0
315,fd_315,donor,True,0.0010787078326882,414.0
316,fd_316,donor,False,,
317,fd_317,donor,False,,
318,fd_318,donor,True,0.0078504107053139,135.0
319,fd_319,donor,False,,
320,fd_320,donor,False,,
321,fd_321,donor,False,,
322,fd_322,donor,False,,
323,fd_323,donor,False,,
324,fd_324,donor,False,,
325,fd_325,donor,False,,
326,fd_326,donor,False,,
327,fd_327,donor,False,,
328,fd_328,donor,False,,
329,fd_329,donor,False,,
330,fd_330,donor,False,,
331,fd_331,donor,True,0.0053037130484044,185.0
332,fd_332,donor,True,0.0159389635003897,65.0
333,fd_333,donor,True,0.0036376166838263,234.0
334,fd_334,donor,False,,
335,fd_335,donor,False,,
336,fd_336,donor,False,,
337,fd_337,donor,False,,
338,fd_338,donor,False,,
339,fd_339,donor,False,,
340,fd_340,donor,True,0.0003474324119754,507.0
341,fd_341,donor,False,,
342,fd_342,donor,True,0.0008268282302508,442.0
343,fd_343,donor,False,,
344,fd_344,donor,False,,
345,fd_345,donor,False,,
346,fd_346,donor,False,,
347,fd_347,donor,True,0.001575274259444,381.0
348,fd_348,donor,False,,
349,fd_349,donor,True,0.0013420439825952,401.0
350,fd_350,donor,False,,
351,fd_351,donor,False,,
352,fd_352,donor,False,,
353,fd_353,donor,True,0.0,598.0
354,fd_354,donor,False,,
355,fd_355,donor,False,,
356,fd_356,donor,False,,
357,fd_357,donor,False,,
358,fd_358,donor,False,,
359,fd_359,donor,False,,
360,fd_360,donor,False,,
361,fd_361,donor,False,,
362,fd_362,donor,False,,
363,fd_363,donor,False,,
364,fd_364,donor,False,,
365,fd_365,donor,False,,
366,fd_366,donor,False,,
367,fd_367,donor,False,,
368,fd_368,donor,True,0.0016766790868757,376.0
369,fd_369,donor,True,0.0006700888828421,463.0
370,fd_370,donor,False,,
371,fd_371,donor,False,,
372,fd_372,donor,True,0.0951761786908778,9.0
373,fd_373,donor,True,0.0030425397209397,267.0
374,fd_374,donor,False,,
375,fd_375,donor,True,8.242071036614374e-05,576.0
376,fd_376,donor,True,0.0070794696855329,151.0
377,fd_377,donor,False,,
378,fd_378,donor,False,,
379,fd_379,donor,True,0.0006276316419791,470.0
380,fd_380,donor,False,,
381,fd_381,donor,False,,
382,fd_382,donor,False,,
383,fd_383,donor,True,0.0338377694311574,25.0
384,fd_384,donor,False,,
385,fd_385,donor,False,,
386,fd_386,donor,False,,
387,fd_387,donor,True,0.0067564673759852,159.0
388,fd_388,donor,False,,
389,fd_389,donor,False,,
390,fd_390,donor,False,,
391,fd_391,donor,False,,
392,fd_392,donor,True,0.0023815165011125,307.0
393,fd_393,donor,False,,
394,fd_394,donor,False,,
395,fd_395,donor,False,,
396,fd_396,donor,True,0.0016563560247783,377.0
397,fd_397,donor,False,,
398,fd_398,donor,False,,
399,fd_399,donor,True,0.0001857562614903,553.0
400,fd_400,donor,False,,
401,fd_401,donor,False,,
402,fd_402,donor,True,0.0002647411213418,532.0
403,fd_403,donor,True,0.0031935549101946,257.0
404,fd_404,donor,False,,
405,fd_405,donor,True,0.0015600108101801,382.0
406,fd_406,donor,True,0.003477799674261,241.0
407,fd_407,donor,False,,
408,fd_408,donor,False,,
409,fd_409,donor,False,,
410,fd_410,donor,False,,
411,fd_411,donor,False,,
412,fd_412,donor,False,,
413,fd_413,donor,False,,
414,fd_414,donor,True,0.0028527017685182,284.0
415,fd_415,donor,True,0.0004447298908828,496.0
416,fd_416,donor,False,,
417,fd_417,donor,False,,
418,fd_418,donor,False,,
419,fd_419,donor,True,0.002922225988217,279.0
420,fd_420,donor,True,0.0024406978068863,304.0
421,fd_421,donor,True,0.0144588654749757,72.0
422,fd_422,donor,True,0.0014652613077712,390.0
423,fd_423,donor,False,,
424,fd_424,donor,False,,
425,fd_425,donor,False,,
426,fd_426,donor,False,,
427,fd_427,donor,False,,
428,fd_428,donor,True,0.0104175414121495,99.0
429,fd_429,donor,False,,
430,fd_430,donor,False,,
431,fd_431,donor,False,,
432,fd_432,donor,False,,
433,fd_433,donor,False,,
434,fd_434,donor,False,,
435,fd_435,donor,False,,
436,fd_436,donor,False,,
437,fd_437,donor,False,,
438,fd_438,donor,False,,
439,fd_439,donor,False,,
440,fd_440,donor,False,,
441,fd_441,donor,False,,
442,fd_442,donor,False,,
443,fd_443,donor,False,,
444,fd_444,donor,False,,
445,fd_445,donor,True,0.007938631229596,134.0
446,fd_446,donor,False,,
447,fd_447,donor,True,0.0002863440216825,525.0
448,fd_448,donor,False,,
449,fd_449,donor,False,,
450,fd_450,donor,False,,
451,fd_451,donor,False,,
452,fd_452,donor,True,0.0034837856555036,240.0
453,fd_453,donor,False,,
454,fd_454,donor,True,0.0076702917355927,137.0
455,fd_455,donor,False,,
456,fd_456,donor,True,0.0226781669215625,46.0
457,fd_457,donor,False,,
458,fd_458,donor,False,,
459,fd_459,donor,True,0.0015328900825103,385.0
460,fd_460,donor,False,,
461,fd_461,donor,False,,
462,fd_462,donor,True,0.000274569922777,528.0
463,fd_463,donor,False,,
464,fd_464,donor,False,,
465,fd_465,donor,True,0.0003211890855486,517.0
466,fd_466,donor,False,,
467,fd_467,donor,False,,
468,fd_468,donor,True,2.312641582171202e-05,587.0
469,fd_469,donor,False,,
470,fd_470,donor,False,,
471,fd_471,donor,False,,
472,fd_472,donor,False,,
473,fd_473,donor,True,0.0042729479228946,206.0
474,fd_474,donor,True,0.0023611024952219,310.0
475,fd_475,donor,False,,
476,fd_476,donor,False,,
477,fd_477,donor,False,,
478,fd_478,donor,False,,
479,fd_479,donor,False,,
480,fd_480,donor,True,0.0017566115322929,367.0
481,fd_481,donor,True,0.0005130034650207,485.0
482,fd_482,donor,False,,
483,fd_483,donor,False,,
484,fd_484,donor,False,,
485,fd_485,donor,False,,
486,fd_486,donor,False,,
487,fd_487,donor,False,,
488,fd_488,donor,True,9.020946828688746e-05,571.0
489,fd_489,donor,True,0.0017365255398022,370.0
490,fd_490,donor,False,,
491,fd_491,donor,False,,
492,fd_492,donor,False,,
493,fd_493,donor,False,,
494,fd_494,donor,True,0.0304994863472359,30.0
495,fd_495,donor,True,0.0032296254966107,254.0
496,fd_496,donor,True,0.0096465486044051,107.0
497,fd_497,donor,False,,
498,fd_498,donor,False,,
499,fd_499,donor,True,0.0095708761708991,108.0
500,fd_500,donor,False,,
501,fd_501,donor,True,5.148388224109367e-05,580.0
502,fd_502,donor,True,0.0264867374320078,38.0
503,fd_503,donor,False,,
504,fd_504,donor,True,0.0059036890799598,168.0
505,fd_505,donor,False,,
506,fd_506,donor,False,,
507,fd_507,donor,True,0.0005679510889934,478.0
508,fd_508,donor,False,,
509,fd_509,donor,False,,
510,fd_510,donor,False,,
511,fd_511,donor,True,0.042231665089065,20.0
512,fd_512,donor,False,,
513,fd_513,donor,True,0.0075960831476397,141.0
514,fd_514,donor,False,,
515,fd_515,donor,False,,
516,fd_516,donor,False,,
517,fd_517,donor,False,,
518,fd_518,donor,False,,
519,fd_519,donor,True,0.0036050666106057,236.0
520,fd_520,donor,True,0.0038215175592411,224.0
521,fd_521,donor,False,,
522,fd_522,donor,False,,
523,fd_523,donor,False,,
524,fd_524,donor,False,,
525,fd_525,donor,False,,
526,fd_526,donor,False,,
527,fd_527,donor,True,0.1010350921235229,6.0
528,fd_528,donor,False,,
529,fd_529,donor,False,,
530,fd_530,donor,False,,
531,fd_531,donor,False,,
532,fd_532,donor,True,0.003348760421139,247.0
533,fd_533,donor,False,,
534,fd_534,donor,False,,
535,fd_535,donor,False,,
536,fd_536,donor,False,,
537,fd_537,donor,False,,
538,fd_538,donor,False,,
539,fd_539,donor,False,,
540,fd_540,donor,True,0.0013992488374277,396.0
541,fd_541,donor,False,,
542,fd_542,donor,False,,
543,fd_543,donor,True,0.0021576864993918,331.0
544,fd_544,donor,True,0.0001929775920976,552.0
545,fd_545,donor,False,,
546,fd_546,donor,True,0.0002031322890459,549.0
547,fd_547,donor,False,,
548,fd_548,donor,False,,
549,fd_549,donor,True,0.0006917110186224,459.0
550,fd_550,donor,False,,
551,fd_551,donor,False,,
552,fd_552,donor,True,0.0168845849336842,60.0
553,fd_553,donor,False,,
554,fd_554,donor,True,0.0009116982998323,433.0
555,fd_555,donor,False,,
556,fd_556,donor,False,,
557,fd_557,donor,False,,
558,fd_558,donor,False,,
559,fd_559,donor,False,,
560,fd_560,donor,True,0.0006030857055638,473.0
561,fd_561,donor,True,0.0137741788387879,76.0
562,fd_562,donor,False,,
563,fd_563,donor,False,,
564,fd_564,donor,False,,
565,fd_565,donor,False,,
566,fd_566,donor,False,,
567,fd_567,donor,True,0.0536274884788985,18.0
568,fd_568,donor,False,,
569,fd_569,donor,False,,
570,fd_570,donor,True,0.0042405741063677,207.0
571,fd_571,donor,False,,
572,fd_572,donor,False,,
573,fd_573,donor,True,0.0004023120145925,499.0
574,fd_574,donor,False,,
575,fd_575,donor,False,,
576,fd_576,donor,False,,
577,fd_577,donor,False,,
578,fd_578,donor,False,,
579,fd_579,donor,False,,
580,fd_580,donor,False,,
581,fd_581,donor,False,,
582,fd_582,donor,False,,
583,fd_583,donor,True,0.0003236207705208,515.0
584,fd_584,donor,False,,
585,fd_585,donor,False,,
586,fd_586,donor,False,,
587,fd_587,donor,True,0.0029004170052947,280.0
588,fd_588,donor,False,,
589,fd_589,donor,False,,
590,fd_590,donor,False,,
591,fd_591,donor,False,,
592,fd_592,donor,True,0.0003965708620571,501.0
593,fd_593,donor,True,0.001016526195833,419.0
594,fd_594,donor,False,,
595,fd_595,donor,False,,
596,fd_596,donor,True,0.0076509338175792,139.0
597,fd_597,donor,False,,
598,fd_598,donor,False,,
599,fd_599,donor,False,,
600,fd_600,donor,False,,
601,fd_601,donor,True,0.019228659604121,55.0
602,fd_602,donor,False,,
603,fd_603,donor,False,,
604,fd_604,donor,True,0.0016923988426649,374.0
605,fd_605,donor,False,,
606,fd_606,donor,False,,
607,fd_607,donor,False,,
608,fd_608,donor,True,0.0014282041202689,392.0
609,fd_609,donor,False,,
610,fd_610,donor,True,0.0657783848254236,13.0
611,fd_611,donor,False,,
612,fd_612,donor,False,,
613,fd_613,donor,False,,
614,fd_614,donor,True,0.0001672126413031,557.0
615,fd_615,donor,False,,
616,fd_616,donor,False,,
617,fd_617,donor,False,,
618,fd_618,donor,False,,
619,fd_619,donor,False,,
620,fd_620,donor,False,,
621,fd_621,donor,False,,
622,fd_622,donor,False,,
623,fd_623,donor,False,,
624,fd_624,donor,False,,
625,fd_625,donor,False,,
626,fd_626,donor,False,,
627,fd_627,donor,False,,
628,fd_628,donor,False,,
629,fd_629,donor,True,0.0009173430497133,431.0
630,fd_630,donor,True,0.0009469810067895,425.0
631,fd_631,donor,False,,
632,fd_632,donor,False,,
633,fd_633,donor,False,,
634,fd_634,donor,True,0.0007887517167934,447.0
635,fd_635,donor,True,0.0163121174882397,63.0
636,fd_636,donor,True,0.0022980196291846,316.0
637,fd_637,donor,False,,
638,fd_638,donor,True,0.0014690944909763,389.0
639,fd_639,donor,False,,
640,fd_640,donor,False,,
641,fd_641,donor,True,0.0003359432818443,513.0
642,fd_642,donor,True,0.0050580658614093,190.0
643,fd_643,donor,True,0.0036149632379333,235.0
644,fd_644,donor,False,,
645,fd_645,donor,False,,
646,fd_646,donor,False,,
647,fd_647,donor,False,,
648,fd_648,donor,True,0.0195117831593132,54.0
649,fd_649,donor,False,,
650,fd_650,donor,True,0.025722504908424,40.0
651,fd_651,donor,False,,
652,fd_652,donor,False,,
653,fd_653,donor,True,0.0027268409491307,291.0
654,fd_654,donor,True,0.0005930798633706,476.0
655,fd_655,donor,False,,
656,fd_656,donor,True,0.0090962828400584,119.0
657,fd_657,donor,True,8.45426069986229e-05,574.0
658,fd_658,donor,False,,
659,fd_659,donor,False,,
660,fd_660,donor,False,,
661,fd_661,donor,False,,
662,fd_662,donor,False,,
663,fd_663,donor,False,,
664,fd_664,donor,False,,
665,fd_665,donor,False,,
666,fd_666,donor,False,,
667,fd_667,donor,True,0.0002649772241148,531.0
668,fd_668,donor,False,,
669,fd_669,donor,False,,
670,fd_670,donor,False,,
671,fd_671,donor,True,0.0002168235593034,545.0
672,fd_672,donor,False,,
673,fd_673,donor,False,,
674,fd_674,donor,False,,
675,fd_675,donor,False,,
676,fd_676,donor,False,,
677,fd_677,donor,False,,
678,fd_678,donor,False,,
679,fd_679,donor,False,,
680,fd_680,donor,True,0.0036676952915437,230.0
681,fd_681,donor,False,,
682,fd_682,donor,False,,
683,fd_683,donor,False,,
684,fd_684,donor,True,0.0060740112895881,166.0
685,fd_685,donor,False,,
686,fd_686,donor,False,,
687,fd_687,donor,False,,
688,fd_688,donor,False,,
689,fd_689,donor,False,,
690,fd_690,donor,False,,
691,fd_691,donor,False,,
692,fd_692,donor,True,0.0005893151779273,477.0
693,fd_693,donor,False,,
694,fd_694,donor,False,,
695,fd_695,donor,True,0.0121609196759712,84.0
696,fd_696,donor,False,,
697,fd_697,donor,True,0.0074404379731764,142.0
698,fd_698,donor,True,0.0010592029813442,417.0
699,fd_699,donor,True,0.0071314486450833,149.0
700,fd_700,donor,False,,
701,fd_701,donor,True,0.0002405536847504,539.0
702,fd_702,donor,False,,
703,fd_703,donor,True,0.0032586987480222,252.0
704,fd_704,donor,True,0.0018898406196468,351.0
705,fd_705,donor,True,0.0198012859694045,53.0
706,fd_706,donor,False,,
707,fd_707,donor,False,,
708,fd_708,donor,False,,
709,fd_709,donor,True,0.0092010073217055,116.0
710,fd_710,donor,False,,
711,fd_711,donor,False,,
712,fd_712,donor,False,,
713,fd_713,donor,False,,
714,fd_714,donor,False,,
715,fd_715,donor,True,0.0010360374418498,418.0
716,fd_716,donor,True,0.000448506852845,494.0
717,fd_717,donor,True,0.005624610650228,175.0
718,fd_718,donor,False,,
719,fd_719,donor,True,0.0004891452222841,489.0
720,fd_720,donor,True,0.0007203846119716,455.0
721,fd_721,donor,True,0.0010641971577255,416.0
722,fd_722,donor,False,,
723,fd_723,donor,True,0.1905129206007305,3.0
724,fd_724,donor,True,0.0029672678152689,276.0
725,fd_725,donor,True,0.0028214498058244,286.0
726,fd_726,donor,True,0.0080143099602092,130.0
727,fd_727,donor,True,0.0040751788375995,216.0
728,fd_728,donor,False,,
729,fd_729,donor,False,,
730,fd_730,donor,True,0.0022938184789005,318.0
731,fd_731,donor,False,,
732,fd_732,donor,True,0.0014204560155222,394.0
733,fd_733,donor,True,0.0076189037425149,140.0
734,fd_734,donor,False,,
735,fd_735,donor,False,,
736,fd_736,donor,True,0.0079827044213621,131.0
737,fd_737,donor,False,,
738,fd_738,donor,False,,
739,fd_739,donor,True,0.0013608887348102,399.0
740,fd_740,donor,False,,
741,fd_741,donor,True,0.0058411267437159,171.0
742,fd_742,donor,False,,
743,fd_743,donor,True,0.0046656201970874,198.0
744,fd_744,donor,False,,
745,fd_745,donor,True,6.426599203859314e-05,577.0
746,fd_746,donor,True,0.0007553752070336,451.0
747,fd_747,donor,True,0.0117786982490005,89.0
748,fd_748,donor,False,,
749,fd_749,donor,True,0.0111171335149037,92.0
750,fd_750,donor,True,0.0053752785602682,184.0
751,fd_751,donor,True,0.0012969964696524,403.0
752,fd_752,donor,False,,
753,fd_753,donor,False,,
754,fd_754,donor,True,0.0105787211622886,96.0
755,fd_755,donor,False,,
756,fd_756,donor,False,,
757,fd_757,donor,False,,
758,fd_758,donor,False,,
759,fd_759,donor,False,,
760,fd_760,donor,False,,
761,fd_761,donor,False,,
762,fd_762,donor,True,0.0023705025076371,308.0
763,fd_763,donor,False,,
764,fd_764,donor,True,0.0002969036440191,523.0
765,fd_765,donor,False,,
766,fd_766,donor,False,,
767,fd_767,donor,False,,
768,fd_768,donor,True,0.0009427271826728,427.0
769,fd_769,donor,False,,
770,fd_770,donor,False,,
771,fd_771,donor,True,0.0128232269853174,83.0
772,fd_772,donor,False,,
773,fd_773,donor,True,0.0005552159480575,480.0
774,fd_774,donor,False,,
775,fd_775,donor,False,,
776,fd_776,donor,False,,
777,fd_777,donor,False,,
778,fd_778,donor,False,,
779,fd_779,donor,False,,
780,fd_780,donor,False,,
781,fd_781,donor,True,0.0006488293193348,465.0
782,fd_782,donor,False,,
783,fd_783,donor,False,,
784,fd_784,donor,False,,
785,fd_785,donor,False,,
786,fd_786,donor,False,,
787,fd_787,donor,False,,
788,fd_788,donor,True,0.0097270499997515,105.0
789,fd_789,donor,False,,
790,fd_790,donor,True,0.0106254062830306,95.0
791,fd_791,donor,False,,
792,fd_792,donor,False,,
793,fd_793,donor,True,0.0691888495682611,11.0
794,fd_794,donor,False,,
795,fd_795,donor,False,,
796,fd_796,donor,False,,
797,fd_797,donor,False,,
798,fd_798,donor,False,,
799,fd_799,donor,True,0.0004482896858368,495.0
800,fd_800,donor,False,,
801,fd_801,donor,True,0.0032819768776324,251.0
802,fd_802,donor,False,,
803,fd_803,donor,False,,
804,fd_804,donor,False,,
805,fd_805,donor,False,,
806,fd_806,donor,False,,
807,fd_807,donor,True,0.0258780541927296,39.0
808,fd_808,donor,False,,
809,fd_809,donor,True,0.0010001004042161,421.0
810,fd_810,donor,False,,
811,fd_811,donor,False,,
812,fd_812,donor,False,,
813,fd_813,donor,True,0.0002450014688595,537.0
814,fd_814,donor,False,,
815,fd_815,donor,False,,
816,fd_816,donor,True,0.0192068854462305,56.0
817,fd_817,donor,False,,
818,fd_818,donor,False,,
819,fd_819,donor,False,,
820,fd_820,donor,False,,
821,fd_821,donor,False,,
822,fd_822,donor,False,,
823,fd_823,donor,False,,
824,fd_824,donor,False,,
825,fd_825,donor,False,,
826,fd_826,donor,True,0.0031954007363918,255.0
827,fd_827,donor,False,,
828,fd_828,donor,False,,
829,fd_829,donor,False,,
830,fd_830,donor,False,,
831,fd_831,donor,False,,
832,fd_832,donor,True,0.0146411356794922,69.0
833,fd_833,donor,False,,
834,fd_834,donor,False,,
835,fd_835,donor,True,0.0034355391144495,242.0
836,fd_836,donor,False,,
837,fd_837,donor,True,0.0021488469997334,334.0
838,fd_838,donor,False,,
839,fd_839,donor,False,,
840,fd_840,donor,True,0.009811990267937,103.0
841,fd_841,donor,False,,
842,fd_842,donor,False,,
843,fd_843,donor,False,,
844,fd_844,donor,False,,
845,fd_845,donor,False,,
846,fd_846,donor,False,,
847,fd_847,donor,False,,
848,fd_848,donor,False,,
849,fd_849,donor,False,,
850,fd_850,donor,False,,
851,fd_851,donor,False,,
852,fd_852,donor,False,,
853,fd_853,donor,False,,
854,fd_854,donor,True,0.0073518598313571,144.0
855,fd_855,donor,False,,
856,fd_856,donor,False,,
857,fd_857,donor,True,0.0015265171566673,386.0
858,fd_858,donor,False,,
859,fd_859,donor,True,0.0041860875096333,210.0
860,fd_860,donor,True,0.0256743056948817,41.0
861,fd_861,donor,False,,
862,fd_862,donor,False,,
863,fd_863,donor,False,,
864,fd_864,donor,False,,
865,fd_865,donor,False,,
866,fd_866,donor,False,,
867,fd_867,donor,False,,
868,fd_868,donor,True,0.0038850880911448,222.0
869,fd_869,donor,False,,
870,fd_870,donor,False,,
871,fd_871,donor,True,0.0031281828215214,262.0
872,fd_872,donor,True,0.0027893883762146,290.0
873,fd_873,donor,False,,
874,fd_874,donor,False,,
875,fd_875,donor,True,0.0296815228680021,32.0
876,fd_876,donor,False,,
877,fd_877,donor,False,,
878,fd_878,donor,True,0.003012312776513,271.0
879,fd_879,donor,False,,
880,fd_880,donor,False,,
881,fd_881,donor,True,0.0009429025740182,426.0
882,fd_882,donor,True,0.0007175564616746,456.0
883,fd_883,donor,False,,
884,fd_884,donor,False,,
885,fd_885,donor,True,0.003646712382404,233.0
886,fd_886,donor,False,,
887,fd_887,donor,False,,
888,fd_888,donor,False,,
889,fd_889,donor,False,,
890,fd_890,donor,False,,
891,fd_891,donor,False,,
892,fd_892,donor,False,,
893,fd_893,donor,True,0.0022565764855162,321.0
894,fd_894,donor,False,,
895,fd_895,donor,False,,
896,fd_896,donor,True,0.002048027535557,340.0
897,fd_897,donor,False,,
898,fd_898,donor,False,,
899,fd_899,donor,False,,
900,fd_900,donor,False,,
901,fd_901,donor,False,,
902,fd_902,donor,True,0.0006113914834747,472.0
903,fd_903,donor,False,,
904,fd_904,donor,True,0.0048017412088123,196.0
905,fd_905,donor,False,,
906,fd_906,donor,False,,
907,fd_907,donor,False,,
908,fd_908,donor,False,,
909,fd_909,donor,False,,
910,fd_910,donor,False,,
911,fd_911,donor,True,0.0035692233430394,238.0
912,fd_912,donor,False,,
913,fd_913,donor,False,,
914,fd_914,donor,False,,
915,fd_915,donor,False,,
916,fd_916,donor,True,0.0019248074958088,346.0
917,fd_917,donor,False,,
918,fd_918,donor,False,,
919,fd_919,donor,False,,
920,fd_920,donor,False,,
921,fd_921,donor,False,,
922,fd_922,donor,True,0.0203240370282498,50.0
923,fd_923,donor,False,,
924,fd_924,donor,False,,
925,fd_925,donor,False,,
926,fd_926,donor,True,0.0056073703668146,177.0
927,fd_927,donor,False,,
928,fd_928,donor,False,,
929,fd_929,donor,True,0.0003893078868258,503.0
930,fd_930,donor,False,,
931,fd_931,donor,False,,
932,fd_932,donor,False,,
933,fd_933,donor,False,,
934,fd_934,donor,True,0.0010107132314139,420.0
935,fd_935,donor,True,0.0070124604581028,153.0
936,fd_936,donor,False,,
937,fd_937,donor,False,,
938,fd_938,donor,False,,
939,fd_939,donor,False,,
940,fd_940,donor,False,,
941,fd_941,donor,False,,
942,fd_942,donor,False,,
943,fd_943,donor,False,,
944,fd_944,donor,False,,
945,fd_945,donor,False,,
946,fd_946,donor,False,,
947,fd_947,donor,False,,
948,fd_948,donor,False,,
949,fd_949,donor,True,0.0004707588121223,492.0
950,fd_950,donor,False,,
951,fd_951,donor,False,,
952,fd_952,donor,False,,
953,fd_953,donor,False,,
954,fd_954,donor,False,,
955,fd_955,donor,False,,
956,fd_956,donor,True,0.0011807139784005,409.0
957,fd_957,donor,False,,
958,fd_958,donor,True,0.001768993775358,363.0
959,fd_959,donor,True,0.001764832152169,365.0
960,fd_960,donor,True,0.0268468192503244,36.0
961,fd_961,donor,False,,
962,fd_962,donor,False,,
963,fd_963,donor,True,0.009218207676635,115.0
964,fd_964,donor,False,,
965,fd_965,donor,False,,
966,fd_966,donor,False,,
967,fd_967,donor,False,,
968,fd_968,donor,False,,
969,fd_969,donor,True,0.002330450661178,313.0
970,fd_970,donor,True,0.0026610765462504,295.0
971,fd_971,donor,False,,
972,fd_972,donor,True,0.0025587241303254,299.0
973,fd_973,donor,False,,
974,fd_974,donor,True,0.000452573917714,493.0
975,fd_975,donor,False,,
976,fd_976,donor,True,0.013622265988766,77.0
977,fd_977,donor,False,,
978,fd_978,donor,True,0.0682679334497539,12.0
979,fd_979,donor,False,,
980,fd_980,donor,True,0.0030596140087829,265.0
981,fd_981,donor,False,,
982,fd_982,donor,False,,
983,fd_983,donor,False,,
984,fd_984,donor,False,,
985,fd_985,donor,False,,
986,fd_986,donor,False,,
987,fd_987,donor,True,0.0319600478592297,29.0
988,fd_988,donor,False,,
989,fd_989,donor,False,,
990,fd_990,donor,False,,
991,fd_991,donor,False,,
992,fd_992,donor,False,,
993,fd_993,donor,False,,
994,fd_994,donor,False,,
995,fd_995,donor,True,0.002157897861322,330.0
996,fd_996,donor,False,,
997,fd_997,donor,True,0.003708877098729,227.0
998,fd_998,donor,False,,
999,fd_999,donor,True,0.0004823054536467,490.0
1000,fd_1000,donor,False,,
1001,fd_1001,donor,False,,
1002,fd_1002,donor,True,0.0033897866909766,243.0
1003,fd_1003,donor,False,,
1004,fd_1004,donor,True,0.0030657851056408,263.0
1005,fd_1005,donor,False,,
1006,fd_1006,donor,False,,
1007,fd_1007,donor,False,,
1008,fd_1008,donor,False,,
1009,fd_1009,donor,True,0.0003191278643026,518.0
1010,fd_1010,donor,False,,
1011,fd_1011,donor,True,0.0098081645686975,104.0
1012,fd_1012,donor,True,0.0001474543873696,559.0
1013,fd_1013,donor,False,,
1014,fd_1014,donor,False,,
1015,fd_1015,donor,False,,
1016,fd_1016,donor,False,,
1017,fd_1017,donor,True,0.0043954979666166,202.0
1018,fd_1018,donor,False,,
1019,fd_1019,donor,False,,
1020,fd_1020,donor,False,,
1021,fd_1021,donor,False,,
1022,fd_1022,donor,False,,
1023,fd_1023,donor,False,,
1024,fa_0,acceptor,True,0.0036554027394779,232.0
1025,fa_1,acceptor,True,0.0055503674057894,180.0
1026,fa_2,acceptor,False,,
1027,fa_3,acceptor,False,,
1028,fa_4,acceptor,False,,
1029,fa_5,acceptor,False,,
1030,fa_6,acceptor,False,,
1031,fa_7,acceptor,False,,
1032,fa_8,acceptor,False,,
1033,fa_9,acceptor,False,,
1034,fa_10,acceptor,False,,
1035,fa_11,acceptor,False,,
1036,fa_12,acceptor,False,,
1037,fa_13,acceptor,False,,
1038,fa_14,acceptor,False,,
1039,fa_15,acceptor,True,0.0594234266194786,14.0
1040,fa_16,acceptor,False,,
1041,fa_17,acceptor,True,0.0045475504480646,199.0
1042,fa_18,acceptor,False,,
1043,fa_19,acceptor,False,,
1044,fa_20,acceptor,True,3.5204045773759387e-05,584.0
1045,fa_21,acceptor,True,0.0021593171948275,329.0
1046,fa_22,acceptor,False,,
1047,fa_23,acceptor,False,,
1048,fa_24,acceptor,False,,
1049,fa_25,acceptor,True,0.0094915834585074,109.0
1050,fa_26,acceptor,False,,
1051,fa_27,acceptor,False,,
1052,fa_28,acceptor,False,,
1053,fa_29,acceptor,False,,
1054,fa_30,acceptor,True,0.0005123409922388,486.0
1055,fa_31,acceptor,True,0.0084069592086376,129.0
1056,fa_32,acceptor,True,0.0041149384611822,215.0
1057,fa_33,acceptor,False,,
1058,fa_34,acceptor,True,0.0044640177684805,201.0
1059,fa_35,acceptor,False,,
1060,fa_36,acceptor,True,0.0017666073076936,364.0
1061,fa_37,acceptor,False,,
1062,fa_38,acceptor,False,,
1063,fa_39,acceptor,False,,
1064,fa_40,acceptor,True,0.0022446894917813,322.0
1065,fa_41,acceptor,True,0.003062638550472,264.0
1066,fa_42,acceptor,False,,
1067,fa_43,acceptor,True,0.0146507728146034,68.0
1068,fa_44,acceptor,True,0.0142954867664747,73.0
1069,fa_45,acceptor,False,,
1070,fa_46,acceptor,False,,
1071,fa_47,acceptor,False,,
1072,fa_48,acceptor,True,0.0038908954978709,221.0
1073,fa_49,acceptor,True,0.0017919803678272,361.0
1074,fa_50,acceptor,False,,
1075,fa_51,acceptor,False,,
1076,fa_52,acceptor,False,,
1077,fa_53,acceptor,False,,
1078,fa_54,acceptor,False,,
1079,fa_55,acceptor,True,0.0005172703248127,484.0
1080,fa_56,acceptor,False,,
1081,fa_57,acceptor,False,,
1082,fa_58,acceptor,True,0.0007113118446745,457.0
1083,fa_59,acceptor,True,0.0017338574104768,371.0
1084,fa_60,acceptor,True,0.0006310901487899,469.0
1085,fa_61,acceptor,True,0.0001162154003975,566.0
1086,fa_62,acceptor,True,0.0322523722444508,27.0
1087,fa_63,acceptor,False,,
1088,fa_64,acceptor,True,0.0078384483952591,136.0
1089,fa_65,acceptor,True,0.0001164112868496,565.0
1090,fa_66,acceptor,False,,
1091,fa_67,acceptor,False,,
1092,fa_68,acceptor,True,0.011070562135687,93.0
1093,fa_69,acceptor,False,,
1094,fa_70,acceptor,False,,
1095,fa_71,acceptor,True,0.0104360750571521,98.0
1096,fa_72,acceptor,False,,
1097,fa_73,acceptor,False,,
1098,fa_74,acceptor,True,0.0269794248149577,34.0
1099,fa_75,acceptor,False,,
1100,fa_76,acceptor,False,,
1101,fa_77,acceptor,False,,
1102,fa_78,acceptor,False,,
1103,fa_79,acceptor,True,0.0103369684700493,100.0
1104,fa_80,acceptor,False,,
1105,fa_81,acceptor,False,,
1106,fa_82,acceptor,False,,
1107,fa_83,acceptor,False,,
1108,fa_84,acceptor,False,,
1109,fa_85,acceptor,True,0.0060058058456186,167.0
1110,fa_86,acceptor,False,,
1111,fa_87,acceptor,False,,
1112,fa_88,acceptor,False,,
1113,fa_89,acceptor,False,,
1114,fa_90,acceptor,True,0.00076273533216,450.0
1115,fa_91,acceptor,False,,
1116,fa_92,acceptor,True,0.0020173906541654,343.0
1117,fa_93,acceptor,False,,
1118,fa_94,acceptor,True,0.0005502155613405,482.0
1119,fa_95,acceptor,True,0.0038982543919481,220.0
1120,fa_96,acceptor,True,0.0033274667416714,248.0
1121,fa_97,acceptor,True,0.0020009549539099,344.0
1122,fa_98,acceptor,False,,
1123,fa_99,acceptor,False,,
1124,fa_100,acceptor,False,,
1125,fa_101,acceptor,False,,
1126,fa_102,acceptor,False,,
1127,fa_103,acceptor,False,,
1128,fa_104,acceptor,True,0.0015489531398169,384.0
1129,fa_105,acceptor,False,,
1130,fa_106,acceptor,False,,
1131,fa_107,acceptor,True,0.0007440184576542,452.0
1132,fa_108,acceptor,False,,
1133,fa_109,acceptor,False,,
1134,fa_110,acceptor,False,,
1135,fa_111,acceptor,True,0.0002411433615008,538.0
1136,fa_112,acceptor,False,,
1137,fa_113,acceptor,True,0.004864712431871,193.0
1138,fa_114,acceptor,False,,
1139,fa_115,acceptor,False,,
1140,fa_116,acceptor,True,0.0089764159317512,122.0
1141,fa_117,acceptor,True,0.0051060080167062,188.0
1142,fa_118,acceptor,False,,
1143,fa_119,acceptor,False,,
1144,fa_120,acceptor,False,,
1145,fa_121,acceptor,True,0.000679675643206,461.0
1146,fa_122,acceptor,True,0.0110610675783008,94.0
1147,fa_123,acceptor,False,,
1148,fa_124,acceptor,True,0.0010912972049181,413.0
1149,fa_125,acceptor,True,0.0004131402014475,498.0
1150,fa_126,acceptor,False,,
1151,fa_127,acceptor,False,,
1152,fa_128,acceptor,False,,
1153,fa_129,acceptor,False,,
1154,fa_130,acceptor,False,,
1155,fa_131,acceptor,True,0.026609747228482,37.0
1156,fa_132,acceptor,False,,
1157,fa_133,acceptor,False,,
1158,fa_134,acceptor,False,,
1159,fa_135,acceptor,False,,
1160,fa_136,acceptor,True,0.0057285824602792,173.0
1161,fa_137,acceptor,True,0.0067217987851761,160.0
1162,fa_138,acceptor,False,,
1163,fa_139,acceptor,False,,
1164,fa_140,acceptor,False,,
1165,fa_141,acceptor,False,,
1166,fa_142,acceptor,False,,
1167,fa_143,acceptor,False,,
1168,fa_144,acceptor,True,0.0024946625378593,302.0
1169,fa_145,acceptor,True,0.0322120452334425,28.0
1170,fa_146,acceptor,False,,
1171,fa_147,acceptor,False,,
1172,fa_148,acceptor,False,,
1173,fa_149,acceptor,False,,
1174,fa_150,acceptor,False,,
1175,fa_151,acceptor,False,,
1176,fa_152,acceptor,False,,
1177,fa_153,acceptor,False,,
1178,fa_154,acceptor,False,,
1179,fa_155,acceptor,True,0.0006355692558622,467.0
1180,fa_156,acceptor,False,,
1181,fa_157,acceptor,True,0.0005590595792965,479.0
1182,fa_158,acceptor,False,,
1183,fa_159,acceptor,False,,
1184,fa_160,acceptor,False,,
1185,fa_161,acceptor,False,,
1186,fa_162,acceptor,False,,
1187,fa_163,acceptor,False,,
1188,fa_164,acceptor,True,0.0250637785484484,43.0
1189,fa_165,acceptor,False,,
1190,fa_166,acceptor,False,,
1191,fa_167,acceptor,False,,
1192,fa_168,acceptor,True,0.0031953282386362,256.0
1193,fa_169,acceptor,True,0.0029746755741667,274.0
1194,fa_170,acceptor,False,,
1195,fa_171,acceptor,True,1.5546961155571694e-05,590.0
1196,fa_172,acceptor,False,,
1197,fa_173,acceptor,False,,
1198,fa_174,acceptor,False,,
1199,fa_175,acceptor,True,0.004836573854284,194.0
1200,fa_176,acceptor,False,,
1201,fa_177,acceptor,False,,
1202,fa_178,acceptor,False,,
1203,fa_179,acceptor,False,,
1204,fa_180,acceptor,False,,
1205,fa_181,acceptor,False,,
1206,fa_182,acceptor,False,,
1207,fa_183,acceptor,False,,
1208,fa_184,acceptor,False,,
1209,fa_185,acceptor,False,,
1210,fa_186,acceptor,True,0.0091016051030683,118.0
1211,fa_187,acceptor,False,,
1212,fa_188,acceptor,True,0.0294288625372438,33.0
1213,fa_189,acceptor,False,,
1214,fa_190,acceptor,False,,
1215,fa_191,acceptor,False,,
1216,fa_192,acceptor,False,,
1217,fa_193,acceptor,False,,
1218,fa_194,acceptor,False,,
1219,fa_195,acceptor,True,0.002927630975791,278.0
1220,fa_196,acceptor,False,,
1221,fa_197,acceptor,True,0.0033759541681171,245.0
1222,fa_198,acceptor,False,,
1223,fa_199,acceptor,False,,
1224,fa_200,acceptor,False,,
1225,fa_201,acceptor,False,,
1226,fa_202,acceptor,False,,
1227,fa_203,acceptor,False,,
1228,fa_204,acceptor,True,0.0003882454755373,504.0
1229,fa_205,acceptor,True,0.0041884625564397,209.0
1230,fa_206,acceptor,False,,
1231,fa_207,acceptor,True,0.0569848101031911,16.0
1232,fa_208,acceptor,True,0.0020201690070864,342.0
1233,fa_209,acceptor,False,,
1234,fa_210,acceptor,False,,
1235,fa_211,acceptor,False,,
1236,fa_212,acceptor,False,,
1237,fa_213,acceptor,False,,
1238,fa_214,acceptor,False,,
1239,fa_215,acceptor,True,0.0010725186005364,415.0
1240,fa_216,acceptor,True,0.001426617889919,393.0
1241,fa_217,acceptor,True,0.000220427465187,543.0
1242,fa_218,acceptor,False,,
1243,fa_219,acceptor,False,,
1244,fa_220,acceptor,True,0.0041567738268902,211.0
1245,fa_221,acceptor,True,0.0036563151658022,231.0
1246,fa_222,acceptor,False,,
1247,fa_223,acceptor,False,,
1248,fa_224,acceptor,True,0.0019846555576877,345.0
1249,fa_225,acceptor,True,0.0021999089824361,325.0
1250,fa_226,acceptor,True,0.000289982373891,524.0
1251,fa_227,acceptor,False,,
1252,fa_228,acceptor,False,,
1253,fa_229,acceptor,False,,
1254,fa_230,acceptor,False,,
1255,fa_231,acceptor,False,,
1256,fa_232,acceptor,False,,
1257,fa_233,acceptor,False,,
1258,fa_234,acceptor,True,0.0042307031926783,208.0
1259,fa_235,acceptor,False,,
1260,fa_236,acceptor,False,,
1261,fa_237,acceptor,False,,
1262,fa_238,acceptor,False,,
1263,fa_239,acceptor,False,,
1264,fa_240,acceptor,True,4.550347267512689e-05,582.0
1265,fa_241,acceptor,True,0.0018189936957216,356.0
1266,fa_242,acceptor,False,,
1267,fa_243,acceptor,False,,
1268,fa_244,acceptor,False,,
1269,fa_245,acceptor,False,,
1270,fa_246,acceptor,False,,
1271,fa_247,acceptor,False,,
1272,fa_248,acceptor,False,,
1273,fa_249,acceptor,False,,
1274,fa_250,acceptor,False,,
1275,fa_251,acceptor,False,,
1276,fa_252,acceptor,False,,
1277,fa_253,acceptor,False,,
1278,fa_254,acceptor,True,0.0007709618158035,449.0
1279,fa_255,acceptor,False,,
1280,fa_256,acceptor,False,,
1281,fa_257,acceptor,False,,
1282,fa_258,acceptor,False,,
1283,fa_259,acceptor,False,,
1284,fa_260,acceptor,False,,
1285,fa_261,acceptor,False,,
1286,fa_262,acceptor,True,0.0005504507209072,481.0
1287,fa_263,acceptor,True,0.0018964360766717,349.0
1288,fa_264,acceptor,False,,
1289,fa_265,acceptor,False,,
1290,fa_266,acceptor,False,,
1291,fa_267,acceptor,False,,
1292,fa_268,acceptor,False,,
1293,fa_269,acceptor,False,,
1294,fa_270,acceptor,False,,
1295,fa_271,acceptor,False,,
1296,fa_272,acceptor,False,,
1297,fa_273,acceptor,True,0.0004131472740447,497.0
1298,fa_274,acceptor,True,0.0058897966038523,169.0
1299,fa_275,acceptor,True,0.0033586318135408,246.0
1300,fa_276,acceptor,False,,
1301,fa_277,acceptor,True,0.0327915082030534,26.0
1302,fa_278,acceptor,True,8.664581597354208e-05,572.0
1303,fa_279,acceptor,False,,
1304,fa_280,acceptor,False,,
1305,fa_281,acceptor,True,0.0001832641817961,554.0
1306,fa_282,acceptor,False,,
1307,fa_283,acceptor,False,,
1308,fa_284,acceptor,False,,
1309,fa_285,acceptor,False,,
1310,fa_286,acceptor,False,,
1311,fa_287,acceptor,False,,
1312,fa_288,acceptor,False,,
1313,fa_289,acceptor,False,,
1314,fa_290,acceptor,False,,
1315,fa_291,acceptor,False,,
1316,fa_292,acceptor,True,1.0022019983311606e-05,593.0
1317,fa_293,acceptor,False,,
1318,fa_294,acceptor,False,,
1319,fa_295,acceptor,False,,
1320,fa_296,acceptor,True,0.0001195334114689,564.0
1321,fa_297,acceptor,True,0.0089988449962492,121.0
1322,fa_298,acceptor,True,0.0021992984574968,327.0
1323,fa_299,acceptor,False,,
1324,fa_300,acceptor,False,,
1325,fa_301,acceptor,False,,
1326,fa_302,acceptor,True,0.0029490547726434,277.0
1327,fa_303,acceptor,True,0.0008063331787885,444.0
1328,fa_304,acceptor,True,0.0028662801631267,282.0
1329,fa_305,acceptor,True,0.0023322328133529,312.0
1330,fa_306,acceptor,False,,
1331,fa_307,acceptor,True,0.0009368334743164,429.0
1332,fa_308,acceptor,False,,
1333,fa_309,acceptor,False,,
1334,fa_310,acceptor,True,0.0023366581325122,311.0
1335,fa_311,acceptor,False,,
1336,fa_312,acceptor,False,,
1337,fa_313,acceptor,True,0.0050640999833152,189.0
1338,fa_314,acceptor,False,,
1339,fa_315,acceptor,False,,
1340,fa_316,acceptor,True,0.0003994255794782,500.0
1341,fa_317,acceptor,False,,
1342,fa_318,acceptor,False,,
1343,fa_319,acceptor,False,,
1344,fa_320,acceptor,False,,
1345,fa_321,acceptor,False,,
1346,fa_322,acceptor,False,,
1347,fa_323,acceptor,False,,
1348,fa_324,acceptor,False,,
1349,fa_325,acceptor,False,,
1350,fa_326,acceptor,False,,
1351,fa_327,acceptor,False,,
1352,fa_328,acceptor,True,0.0025407543518726,300.0
1353,fa_329,acceptor,False,,
1354,fa_330,acceptor,True,4.690975797243768e-06,596.0
1355,fa_331,acceptor,False,,
1356,fa_332,acceptor,False,,
1357,fa_333,acceptor,False,,
1358,fa_334,acceptor,False,,
1359,fa_335,acceptor,True,0.006475807320019,163.0
1360,fa_336,acceptor,False,,
1361,fa_337,acceptor,True,0.0404870099780512,22.0
1362,fa_338,acceptor,False,,
1363,fa_339,acceptor,True,0.0010957082503185,412.0
1364,fa_340,acceptor,True,0.0035391134340925,239.0
1365,fa_341,acceptor,False,,
1366,fa_342,acceptor,True,0.0079543490540216,132.0
1367,fa_343,acceptor,True,0.0008140476691176,443.0
1368,fa_344,acceptor,True,0.0002061747592997,548.0
1369,fa_345,acceptor,False,,
1370,fa_346,acceptor,False,,
1371,fa_347,acceptor,False,,
1372,fa_348,acceptor,False,,
1373,fa_349,acceptor,False,,
1374,fa_350,acceptor,False,,
1375,fa_351,acceptor,False,,
1376,fa_352,acceptor,False,,
1377,fa_353,acceptor,False,,
1378,fa_354,acceptor,True,0.0013570167063136,400.0
1379,fa_355,acceptor,False,,
1380,fa_356,acceptor,False,,
1381,fa_357,acceptor,False,,
1382,fa_358,acceptor,False,,
1383,fa_359,acceptor,True,0.000899488321496,435.0
1384,fa_360,acceptor,True,0.0002267460161102,542.0
1385,fa_361,acceptor,True,0.0001944399412769,551.0
1386,fa_362,acceptor,True,0.0,599.0
1387,fa_363,acceptor,False,,
1388,fa_364,acceptor,False,,
1389,fa_365,acceptor,False,,
1390,fa_366,acceptor,True,0.0004990480952105,487.0
1391,fa_367,acceptor,False,,
1392,fa_368,acceptor,False,,
1393,fa_369,acceptor,False,,
1394,fa_370,acceptor,False,,
1395,fa_371,acceptor,True,0.0011177172222095,411.0
1396,fa_372,acceptor,False,,
1397,fa_373,acceptor,False,,
1398,fa_374,acceptor,False,,
1399,fa_375,acceptor,False,,
1400,fa_376,acceptor,True,0.001681894218139,375.0
1401,fa_377,acceptor,False,,
1402,fa_378,acceptor,True,0.0039213851307822,218.0
1403,fa_379,acceptor,False,,
1404,fa_380,acceptor,False,,
1405,fa_381,acceptor,False,,
1406,fa_382,acceptor,True,0.009027969679006,120.0
1407,fa_383,acceptor,False,,
1408,fa_384,acceptor,False,,
1409,fa_385,acceptor,False,,
1410,fa_386,acceptor,True,0.006690919028781,161.0
1411,fa_387,acceptor,False,,
1412,fa_388,acceptor,False,,
1413,fa_389,acceptor,False,,
1414,fa_390,acceptor,False,,
1415,fa_391,acceptor,False,,
1416,fa_392,acceptor,False,,
1417,fa_393,acceptor,False,,
1418,fa_394,acceptor,True,0.0009506648806201,424.0
1419,fa_395,acceptor,False,,
1420,fa_396,acceptor,True,0.0037504259680817,226.0
1421,fa_397,acceptor,False,,
1422,fa_398,acceptor,False,,
1423,fa_399,acceptor,True,0.004944468095402,191.0
1424,fa_400,acceptor,False,,
1425,fa_401,acceptor,False,,
1426,fa_402,acceptor,True,0.0028184354802697,287.0
1427,fa_403,acceptor,False,,
1428,fa_404,acceptor,False,,
1429,fa_405,acceptor,True,0.0001229160352833,561.0
1430,fa_406,acceptor,True,0.0009398473340301,428.0
1431,fa_407,acceptor,False,,
1432,fa_408,acceptor,False,,
1433,fa_409,acceptor,False,,
1434,fa_410,acceptor,False,,
1435,fa_411,acceptor,False,,
1436,fa_412,acceptor,False,,
1437,fa_413,acceptor,False,,
1438,fa_414,acceptor,False,,
1439,fa_415,acceptor,False,,
1440,fa_416,acceptor,True,0.0953082283774137,8.0
1441,fa_417,acceptor,True,0.0015051736336554,388.0
1442,fa_418,acceptor,True,0.0006882470213387,460.0
1443,fa_419,acceptor,False,,
1444,fa_420,acceptor,False,,
1445,fa_421,acceptor,False,,
1446,fa_422,acceptor,False,,
1447,fa_423,acceptor,False,,
1448,fa_424,acceptor,False,,
1449,fa_425,acceptor,True,0.0087322755293921,126.0
1450,fa_426,acceptor,False,,
1451,fa_427,acceptor,False,,
1452,fa_428,acceptor,False,,
1453,fa_429,acceptor,False,,
1454,fa_430,acceptor,False,,
1455,fa_431,acceptor,True,0.0038459270378129,223.0
1456,fa_432,acceptor,False,,
1457,fa_433,acceptor,True,7.207865846730846e-06,594.0
1458,fa_434,acceptor,False,,
1459,fa_435,acceptor,False,,
1460,fa_436,acceptor,False,,
1461,fa_437,acceptor,False,,
1462,fa_438,acceptor,False,,
1463,fa_439,acceptor,True,0.0031320122114395,261.0
1464,fa_440,acceptor,False,,
1465,fa_441,acceptor,False,,
1466,fa_442,acceptor,False,,
1467,fa_443,acceptor,False,,
1468,fa_444,acceptor,True,0.0003847228641646,505.0
1469,fa_445,acceptor,False,,
1470,fa_446,acceptor,False,,
1471,fa_447,acceptor,False,,
1472,fa_448,acceptor,True,0.0001213287008283,562.0
1473,fa_449,acceptor,False,,
1474,fa_450,acceptor,False,,
1475,fa_451,acceptor,False,,
1476,fa_452,acceptor,True,0.0012246512762145,408.0
1477,fa_453,acceptor,True,0.0003463540949117,508.0
1478,fa_454,acceptor,True,0.0016474997405603,378.0
1479,fa_455,acceptor,False,,
1480,fa_456,acceptor,False,,
1481,fa_457,acceptor,True,0.0063872000071496,165.0
1482,fa_458,acceptor,True,0.000212982840042,546.0
1483,fa_459,acceptor,True,0.0022118581352017,324.0
1484,fa_460,acceptor,False,,
1485,fa_461,acceptor,True,0.0003721730838161,506.0
1486,fa_462,acceptor,True,0.011331216120273,91.0
1487,fa_463,acceptor,False,,
1488,fa_464,acceptor,True,0.0028140063177603,288.0
1489,fa_465,acceptor,False,,
1490,fa_466,acceptor,True,0.0001032901330575,569.0
1491,fa_467,acceptor,False,,
1492,fa_468,acceptor,False,,
1493,fa_469,acceptor,True,0.0001155889420372,567.0
1494,fa_470,acceptor,False,,
1495,fa_471,acceptor,False,,
1496,fa_472,acceptor,True,0.00063876011635,466.0
1497,fa_473,acceptor,False,,
1498,fa_474,acceptor,False,,
1499,fa_475,acceptor,False,,
1500,fa_476,acceptor,False,,
1501,fa_477,acceptor,True,0.00377169448759,225.0
1502,fa_478,acceptor,False,,
1503,fa_479,acceptor,False,,
1504,fa_480,acceptor,False,,
1505,fa_481,acceptor,False,,
1506,fa_482,acceptor,False,,
1507,fa_483,acceptor,False,,
1508,fa_484,acceptor,True,0.0069789305297897,155.0
1509,fa_485,acceptor,False,,
1510,fa_486,acceptor,False,,
1511,fa_487,acceptor,False,,
1512,fa_488,acceptor,False,,
1513,fa_489,acceptor,True,0.002041418711184,341.0
1514,fa_490,acceptor,False,,
1515,fa_491,acceptor,False,,
1516,fa_492,acceptor,False,,
1517,fa_493,acceptor,False,,
1518,fa_494,acceptor,True,0.0030388639386642,268.0
1519,fa_495,acceptor,False,,
1520,fa_496,acceptor,True,0.0115831513781829,90.0
1521,fa_497,acceptor,False,,
1522,fa_498,acceptor,False,,
1523,fa_499,acceptor,True,0.0033874553617404,244.0
1524,fa_500,acceptor,False,,
1525,fa_501,acceptor,False,,
1526,fa_502,acceptor,True,0.0018934597514295,350.0
1527,fa_503,acceptor,False,,
1528,fa_504,acceptor,False,,
1529,fa_505,acceptor,False,,
1530,fa_506,acceptor,False,,
1531,fa_507,acceptor,False,,
1532,fa_508,acceptor,False,,
1533,fa_509,acceptor,False,,
1534,fa_510,acceptor,True,0.0029861421476575,273.0
1535,fa_511,acceptor,False,,
1536,fa_512,acceptor,False,,
1537,fa_513,acceptor,False,,
1538,fa_514,acceptor,False,,
1539,fa_515,acceptor,True,0.0020593887332173,338.0
1540,fa_516,acceptor,False,,
1541,fa_517,acceptor,False,,
1542,fa_518,acceptor,False,,
1543,fa_519,acceptor,False,,
1544,fa_520,acceptor,False,,
1545,fa_521,acceptor,False,,
1546,fa_522,acceptor,False,,
1547,fa_523,acceptor,True,0.0961028057473158,7.0
1548,fa_524,acceptor,True,0.012045461835739,86.0
1549,fa_525,acceptor,False,,
1550,fa_526,acceptor,False,,
1551,fa_527,acceptor,False,,
1552,fa_528,acceptor,False,,
1553,fa_529,acceptor,True,0.0027170603122168,292.0
1554,fa_530,acceptor,False,,
1555,fa_531,acceptor,True,0.327604342978293,1.0
1556,fa_532,acceptor,False,,
1557,fa_533,acceptor,False,,
1558,fa_534,acceptor,False,,
1559,fa_535,acceptor,True,0.0001683176196973,556.0
1560,fa_536,acceptor,True,0.2594290673695502,2.0
1561,fa_537,acceptor,True,0.0031779162215345,258.0
1562,fa_538,acceptor,False,,
1563,fa_539,acceptor,False,,
1564,fa_540,acceptor,True,0.0085911304712113,128.0
1565,fa_541,acceptor,True,0.0170810224261408,59.0
1566,fa_542,acceptor,False,,
1567,fa_543,acceptor,True,0.0067987978326884,157.0
1568,fa_544,acceptor,True,0.0004915757053603,488.0
1569,fa_545,acceptor,True,0.0017522097754247,368.0
1570,fa_546,acceptor,False,,
1571,fa_547,acceptor,False,,
1572,fa_548,acceptor,False,,
1573,fa_549,acceptor,False,,
1574,fa_550,acceptor,True,0.0362794236935368,23.0
1575,fa_551,acceptor,False,,
1576,fa_552,acceptor,True,0.0098184644451498,102.0
1577,fa_553,acceptor,False,,
1578,fa_554,acceptor,False,,
1579,fa_555,acceptor,False,,
1580,fa_556,acceptor,True,0.0071456563957524,148.0
1581,fa_557,acceptor,False,,
1582,fa_558,acceptor,False,,
1583,fa_559,acceptor,False,,
1584,fa_560,acceptor,True,0.021493521836071,49.0
1585,fa_561,acceptor,False,,
1586,fa_562,acceptor,False,,
1587,fa_563,acceptor,True,0.0030428197025753,266.0
1588,fa_564,acceptor,False,,
1589,fa_565,acceptor,False,,
1590,fa_566,acceptor,True,1.0497674322412326e-05,592.0
1591,fa_567,acceptor,False,,
1592,fa_568,acceptor,False,,
1593,fa_569,acceptor,False,,
1594,fa_570,acceptor,False,,
1595,fa_571,acceptor,False,,
1596,fa_572,acceptor,False,,
1597,fa_573,acceptor,False,,
1598,fa_574,acceptor,False,,
1599,fa_575,acceptor,False,,
1600,fa_576,acceptor,True,0.0568274422869253,17.0
1601,fa_577,acceptor,False,,
1602,fa_578,acceptor,False,,
1603,fa_579,acceptor,True,0.013357940638273,80.0
1604,fa_580,acceptor,False,,
1605,fa_581,acceptor,False,,
1606,fa_582,acceptor,False,,
1607,fa_583,acceptor,False,,
1608,fa_584,acceptor,True,0.0773070236518454,10.0
1609,fa_585,acceptor,True,6.97407918651279e-06,595.0
1610,fa_586,acceptor,False,,
1611,fa_587,acceptor,False,,
1612,fa_588,acceptor,True,0.0013813662692874,398.0
1613,fa_589,acceptor,False,,
1614,fa_590,acceptor,False,,
1615,fa_591,acceptor,False,,
1616,fa_592,acceptor,False,,
1617,fa_593,acceptor,False,,
1618,fa_594,acceptor,False,,
1619,fa_595,acceptor,False,,
1620,fa_596,acceptor,True,0.0094538864523462,110.0
1621,fa_597,acceptor,False,,
1622,fa_598,acceptor,False,,
1623,fa_599,acceptor,False,,
1624,fa_600,acceptor,False,,
1625,fa_601,acceptor,False,,
1626,fa_602,acceptor,False,,
1627,fa_603,acceptor,True,0.0029974644159747,272.0
1628,fa_604,acceptor,True,0.0027944966073438,289.0
1629,fa_605,acceptor,False,,
1630,fa_606,acceptor,False,,
1631,fa_607,acceptor,True,0.0004762055753639,491.0
1632,fa_608,acceptor,True,0.000729269887758,454.0
1633,fa_609,acceptor,False,,
1634,fa_610,acceptor,False,,
1635,fa_611,acceptor,False,,
1636,fa_612,acceptor,False,,
1637,fa_613,acceptor,True,0.0029743193854958,275.0
1638,fa_614,acceptor,True,0.0018523445868755,353.0
1639,fa_615,acceptor,True,0.0002971528303311,522.0
1640,fa_616,acceptor,True,0.0129827038591906,81.0
1641,fa_617,acceptor,False,,
1642,fa_618,acceptor,False,,
1643,fa_619,acceptor,False,,
1644,fa_620,acceptor,True,0.007436130044032,143.0
1645,fa_621,acceptor,False,,
1646,fa_622,acceptor,False,,
1647,fa_623,acceptor,True,0.0007360032904488,453.0
1648,fa_624,acceptor,False,,
1649,fa_625,acceptor,False,,
1650,fa_626,acceptor,False,,
1651,fa_627,acceptor,False,,
1652,fa_628,acceptor,False,,
1653,fa_629,acceptor,False,,
1654,fa_630,acceptor,True,0.0031673246353989,259.0
1655,fa_631,acceptor,False,,
1656,fa_632,acceptor,False,,
1657,fa_633,acceptor,False,,
1658,fa_634,acceptor,False,,
1659,fa_635,acceptor,False,,
1660,fa_636,acceptor,False,,
1661,fa_637,acceptor,True,0.0009059695525614,434.0
1662,fa_638,acceptor,False,,
1663,fa_639,acceptor,True,0.0008950158062531,436.0
1664,fa_640,acceptor,True,0.0002314990801745,541.0
1665,fa_641,acceptor,False,,
1666,fa_642,acceptor,True,0.0006778854324171,462.0
1667,fa_643,acceptor,False,,
1668,fa_644,acceptor,False,,
1669,fa_645,acceptor,False,,
1670,fa_646,acceptor,False,,
1671,fa_647,acceptor,False,,
1672,fa_648,acceptor,False,,
1673,fa_649,acceptor,True,2.231562172090147e-05,588.0
1674,fa_650,acceptor,False,,
1675,fa_651,acceptor,False,,
1676,fa_652,acceptor,True,0.0088893203940983,123.0
1677,fa_653,acceptor,False,,
1678,fa_654,acceptor,False,,
1679,fa_655,acceptor,True,0.0006337749796491,468.0
1680,fa_656,acceptor,False,,
1681,fa_657,acceptor,False,,
1682,fa_658,acceptor,False,,
1683,fa_659,acceptor,True,0.0072545297799029,146.0
1684,fa_660,acceptor,False,,
1685,fa_661,acceptor,False,,
1686,fa_662,acceptor,False,,
1687,fa_663,acceptor,False,,
1688,fa_664,acceptor,True,0.0002800553592764,527.0
1689,fa_665,acceptor,False,,
1690,fa_666,acceptor,False,,
1691,fa_667,acceptor,False,,
1692,fa_668,acceptor,False,,
1693,fa_669,acceptor,False,,
1694,fa_670,acceptor,False,,
1695,fa_671,acceptor,True,0.0018506591149965,354.0
1696,fa_672,acceptor,False,,
1697,fa_673,acceptor,False,,
1698,fa_674,acceptor,True,0.0003409479784188,510.0
1699,fa_675,acceptor,False,,
1700,fa_676,acceptor,False,,
1701,fa_677,acceptor,True,0.0002701504100975,530.0
1702,fa_678,acceptor,False,,
1703,fa_679,acceptor,True,0.000247345062002,536.0
1704,fa_680,acceptor,True,0.0036760407001779,229.0
1705,fa_681,acceptor,False,,
1706,fa_682,acceptor,True,0.0019214971913494,347.0
1707,fa_683,acceptor,False,,
1708,fa_684,acceptor,True,0.004767995604223,197.0
1709,fa_685,acceptor,False,,
1710,fa_686,acceptor,False,,
1711,fa_687,acceptor,False,,
1712,fa_688,acceptor,False,,
1713,fa_689,acceptor,False,,
1714,fa_690,acceptor,False,,
1715,fa_691,acceptor,True,0.0051385895318294,187.0
1716,fa_692,acceptor,False,,
1717,fa_693,acceptor,True,0.002682766463007,294.0
1718,fa_694,acceptor,False,,
1719,fa_695,acceptor,True,0.0026414124323212,297.0
1720,fa_696,acceptor,False,,
1721,fa_697,acceptor,False,,
1722,fa_698,acceptor,True,0.051594023363719,19.0
1723,fa_699,acceptor,True,0.003023514111934,270.0
1724,fa_700,acceptor,True,0.0145738480865618,71.0
1725,fa_701,acceptor,False,,
1726,fa_702,acceptor,False,,
1727,fa_703,acceptor,False,,
1728,fa_704,acceptor,False,,
1729,fa_705,acceptor,True,0.0017495185572078,369.0
1730,fa_706,acceptor,False,,
1731,fa_707,acceptor,False,,
1732,fa_708,acceptor,False,,
1733,fa_709,acceptor,False,,
1734,fa_710,acceptor,False,,
1735,fa_711,acceptor,False,,
1736,fa_712,acceptor,False,,
1737,fa_713,acceptor,False,,
1738,fa_714,acceptor,True,0.0002120387552375,547.0
1739,fa_715,acceptor,False,,
1740,fa_716,acceptor,False,,
1741,fa_717,acceptor,False,,
1742,fa_718,acceptor,False,,
1743,fa_719,acceptor,False,,
1744,fa_720,acceptor,False,,
1745,fa_721,acceptor,False,,
1746,fa_722,acceptor,False,,
1747,fa_723,acceptor,True,0.0093127917378221,113.0
1748,fa_724,acceptor,True,0.0017055795612791,373.0
1749,fa_725,acceptor,False,,
1750,fa_726,acceptor,False,,
1751,fa_727,acceptor,True,1.7155313612134086e-05,589.0
1752,fa_728,acceptor,True,0.0072632923705326,145.0
1753,fa_729,acceptor,False,,
1754,fa_730,acceptor,True,0.0018154293833808,357.0
1755,fa_731,acceptor,True,0.0067681823717172,158.0
1756,fa_732,acceptor,False,,
1757,fa_733,acceptor,False,,
1758,fa_734,acceptor,True,0.0018135189234729,358.0
1759,fa_735,acceptor,False,,
1760,fa_736,acceptor,False,,
1761,fa_737,acceptor,True,0.0121303638236266,85.0
1762,fa_738,acceptor,False,,
1763,fa_739,acceptor,False,,
1764,fa_740,acceptor,False,,
1765,fa_741,acceptor,False,,
1766,fa_742,acceptor,False,,
1767,fa_743,acceptor,True,0.0120095106153071,87.0
1768,fa_744,acceptor,False,,
1769,fa_745,acceptor,False,,
1770,fa_746,acceptor,True,0.0007714306186982,448.0
1771,fa_747,acceptor,True,0.0017331192731759,372.0
1772,fa_748,acceptor,False,,
1773,fa_749,acceptor,False,,
1774,fa_750,acceptor,False,,
1775,fa_751,acceptor,False,,
1776,fa_752,acceptor,False,,
1777,fa_753,acceptor,False,,
1778,fa_754,acceptor,False,,
1779,fa_755,acceptor,True,0.0079537003835234,133.0
1780,fa_756,acceptor,True,0.0002002732065976,550.0
1781,fa_757,acceptor,True,0.0069840383022635,154.0
1782,fa_758,acceptor,False,,
1783,fa_759,acceptor,False,,
1784,fa_760,acceptor,True,0.0001621567377634,558.0
1785,fa_761,acceptor,False,,
1786,fa_762,acceptor,False,,
1787,fa_763,acceptor,False,,
1788,fa_764,acceptor,True,0.1116625605421853,4.0
1789,fa_765,acceptor,False,,
1790,fa_766,acceptor,False,,
1791,fa_767,acceptor,False,,
1792,fa_768,acceptor,True,0.0094428896757315,111.0
1793,fa_769,acceptor,False,,
1794,fa_770,acceptor,False,,
1795,fa_771,acceptor,True,0.0030311747922415,269.0
1796,fa_772,acceptor,True,0.0023624404021027,309.0
1797,fa_773,acceptor,False,,
1798,fa_774,acceptor,True,0.0220068988821495,48.0
1799,fa_775,acceptor,False,,
1800,fa_776,acceptor,True,0.0036034334234667,237.0
1801,fa_777,acceptor,False,,
1802,fa_778,acceptor,False,,
1803,fa_779,acceptor,False,,
1804,fa_780,acceptor,False,,
1805,fa_781,acceptor,False,,
1806,fa_782,acceptor,True,2.749347998951952e-05,586.0
1807,fa_783,acceptor,False,,
1808,fa_784,acceptor,True,0.0076672072953237,138.0
1809,fa_785,acceptor,True,0.0229470720634667,45.0
1810,fa_786,acceptor,True,0.0024563920589898,303.0
1811,fa_787,acceptor,True,4.772368438104669e-05,581.0
1812,fa_788,acceptor,True,0.0014501821416838,391.0
1813,fa_789,acceptor,False,,
1814,fa_790,acceptor,True,0.0003461881631172,509.0
1815,fa_791,acceptor,True,0.0001427962892686,560.0
1816,fa_792,acceptor,False,,
1817,fa_793,acceptor,False,,
1818,fa_794,acceptor,False,,
1819,fa_795,acceptor,False,,
1820,fa_796,acceptor,False,,
1821,fa_797,acceptor,False,,
1822,fa_798,acceptor,False,,
1823,fa_799,acceptor,False,,
1824,fa_800,acceptor,False,,
1825,fa_801,acceptor,True,0.0003383364610198,512.0
1826,fa_802,acceptor,True,0.0203106662433702,51.0
1827,fa_803,acceptor,True,0.0002499534750589,535.0
1828,fa_804,acceptor,False,,
1829,fa_805,acceptor,False,,
1830,fa_806,acceptor,False,,
1831,fa_807,acceptor,True,0.0009367069853077,430.0
1832,fa_808,acceptor,False,,
1833,fa_809,acceptor,False,,
1834,fa_810,acceptor,False,,
1835,fa_811,acceptor,False,,
1836,fa_812,acceptor,False,,
1837,fa_813,acceptor,False,,
1838,fa_814,acceptor,False,,
1839,fa_815,acceptor,True,0.000309513373683,520.0
1840,fa_816,acceptor,True,0.0203028566213537,52.0
1841,fa_817,acceptor,False,,
1842,fa_818,acceptor,False,,
1843,fa_819,acceptor,False,,
1844,fa_820,acceptor,False,,
1845,fa_821,acceptor,False,,
1846,fa_822,acceptor,False,,
1847,fa_823,acceptor,False,,
1848,fa_824,acceptor,False,,
1849,fa_825,acceptor,False,,
1850,fa_826,acceptor,False,,
1851,fa_827,acceptor,True,0.0018211190266178,355.0
1852,fa_828,acceptor,False,,
1853,fa_829,acceptor,False,,
1854,fa_830,acceptor,True,0.0098809624080414,101.0
1855,fa_831,acceptor,False,,
1856,fa_832,acceptor,False,,
1857,fa_833,acceptor,True,0.005427977044247,183.0
1858,fa_834,acceptor,True,0.0092881940784249,114.0
1859,fa_835,acceptor,False,,
1860,fa_836,acceptor,False,,
1861,fa_837,acceptor,True,0.0134910557175317,78.0
1862,fa_838,acceptor,False,,
1863,fa_839,acceptor,False,,
1864,fa_840,acceptor,True,5.244816181777957e-05,579.0
1865,fa_841,acceptor,False,,
1866,fa_842,acceptor,True,0.0058877285982684,170.0
1867,fa_843,acceptor,False,,
1868,fa_844,acceptor,False,,
1869,fa_845,acceptor,True,0.0167500288705144,61.0
1870,fa_846,acceptor,False,,
1871,fa_847,acceptor,True,0.042108233077496,21.0
1872,fa_848,acceptor,True,0.0043421093825478,205.0
1873,fa_849,acceptor,False,,
1874,fa_850,acceptor,False,,
1875,fa_851,acceptor,False,,
1876,fa_852,acceptor,True,3.098998266392886e-05,585.0
1877,fa_853,acceptor,False,,
1878,fa_854,acceptor,False,,
1879,fa_855,acceptor,False,,
1880,fa_856,acceptor,False,,
1881,fa_857,acceptor,False,,
1882,fa_858,acceptor,False,,
1883,fa_859,acceptor,False,,
1884,fa_860,acceptor,False,,
1885,fa_861,acceptor,True,0.0005943500076004,475.0
1886,fa_862,acceptor,False,,
1887,fa_863,acceptor,True,0.0025851927460118,298.0
1888,fa_864,acceptor,False,,
1889,fa_865,acceptor,False,,
1890,fa_866,acceptor,False,,
1891,fa_867,acceptor,True,0.0002590191270759,533.0
1892,fa_868,acceptor,False,,
1893,fa_869,acceptor,False,,
1894,fa_870,acceptor,False,,
1895,fa_871,acceptor,True,0.014690488600156,67.0
1896,fa_872,acceptor,False,,
1897,fa_873,acceptor,True,0.000274384476808,529.0
1898,fa_874,acceptor,False,,
1899,fa_875,acceptor,False,,
1900,fa_876,acceptor,True,0.0033245162097204,249.0
1901,fa_877,acceptor,False,,
1902,fa_878,acceptor,False,,
1903,fa_879,acceptor,True,0.0009121827120605,432.0
1904,fa_880,acceptor,True,0.0021496787061107,333.0
1905,fa_881,acceptor,False,,
1906,fa_882,acceptor,False,,
1907,fa_883,acceptor,True,0.0012572066710653,405.0
1908,fa_884,acceptor,False,,
1909,fa_885,acceptor,True,0.0145913784709822,70.0
1910,fa_886,acceptor,True,0.0003294302341046,514.0
1911,fa_887,acceptor,False,,
1912,fa_888,acceptor,True,0.0036867703403471,228.0
1913,fa_889,acceptor,False,,
1914,fa_890,acceptor,False,,
1915,fa_891,acceptor,False,,
1916,fa_892,acceptor,False,,
1917,fa_893,acceptor,True,0.0007961014900208,445.0
1918,fa_894,acceptor,False,,
1919,fa_895,acceptor,False,,
1920,fa_896,acceptor,False,,
1921,fa_897,acceptor,False,,
1922,fa_898,acceptor,True,0.0041318505698819,214.0
1923,fa_899,acceptor,False,,
1924,fa_900,acceptor,True,0.0021055320356198,337.0
1925,fa_901,acceptor,False,,
1926,fa_902,acceptor,False,,
1927,fa_903,acceptor,False,,
1928,fa_904,acceptor,True,0.0179075017381784,58.0
1929,fa_905,acceptor,True,0.0017696063386897,362.0
1930,fa_906,acceptor,True,0.0006210095193614,471.0
1931,fa_907,acceptor,False,,
1932,fa_908,acceptor,False,,
1933,fa_909,acceptor,False,,
1934,fa_910,acceptor,False,,
1935,fa_911,acceptor,False,,
1936,fa_912,acceptor,False,,
1937,fa_913,acceptor,False,,
1938,fa_914,acceptor,False,,
1939,fa_915,acceptor,False,,
1940,fa_916,acceptor,False,,
1941,fa_917,acceptor,False,,
1942,fa_918,acceptor,False,,
1943,fa_919,acceptor,False,,
1944,fa_920,acceptor,False,,
1945,fa_921,acceptor,True,0.0001138652804696,568.0
1946,fa_922,acceptor,True,0.0032519875603062,253.0
1947,fa_923,acceptor,True,0.0071966332832684,147.0
1948,fa_924,acceptor,False,,
1949,fa_925,acceptor,False,,
1950,fa_926,acceptor,True,0.0064401412778495,164.0
1951,fa_927,acceptor,False,,
1952,fa_928,acceptor,False,,
1953,fa_929,acceptor,False,,
1954,fa_930,acceptor,True,1.5170470157302785e-05,591.0
1955,fa_931,acceptor,True,0.0026917765678138,293.0
1956,fa_932,acceptor,False,,
1957,fa_933,acceptor,False,,
1958,fa_934,acceptor,True,0.000175197610269,555.0
1959,fa_935,acceptor,False,,
1960,fa_936,acceptor,False,,
1961,fa_937,acceptor,False,,
1962,fa_938,acceptor,False,,
1963,fa_939,acceptor,False,,
1964,fa_940,acceptor,False,,
1965,fa_941,acceptor,False,,
1966,fa_942,acceptor,False,,
1967,fa_943,acceptor,False,,
1968,fa_944,acceptor,False,,
1969,fa_945,acceptor,False,,
1970,fa_946,acceptor,True,0.0088542439710565,124.0
1971,fa_947,acceptor,True,0.0018083147513679,359.0
1972,fa_948,acceptor,False,,
1973,fa_949,acceptor,True,0.0048344589967367,195.0
1974,fa_950,acceptor,False,,
1975,fa_951,acceptor,False,,
1976,fa_952,acceptor,False,,
1977,fa_953,acceptor,True,0.0014053946439953,395.0
1978,fa_954,acceptor,False,,
1979,fa_955,acceptor,False,,
1980,fa_956,acceptor,True,0.0,600.0
1981,fa_957,acceptor,True,0.0018047529041238,360.0
1982,fa_958,acceptor,True,0.0055924236794227,178.0
1983,fa_959,acceptor,True,0.0039158169568325,219.0
1984,fa_960,acceptor,True,0.006872072567922,156.0
1985,fa_961,acceptor,False,,
1986,fa_962,acceptor,False,,
1987,fa_963,acceptor,False,,
1988,fa_964,acceptor,True,0.0015533614944139,383.0
1989,fa_965,acceptor,False,,
1990,fa_966,acceptor,False,,
1991,fa_967,acceptor,False,,
1992,fa_968,acceptor,False,,
1993,fa_969,acceptor,False,,
1994,fa_970,acceptor,True,0.0033218703459187,250.0
1995,fa_971,acceptor,False,,
1996,fa_972,acceptor,False,,
1997,fa_973,acceptor,False,,
1998,fa_974,acceptor,False,,
1999,fa_975,acceptor,False,,
2000,fa_976,acceptor,True,0.0002834563465259,526.0
2001,fa_977,acceptor,False,,
2002,fa_978,acceptor,True,0.0008700421743111,438.0
2003,fa_979,acceptor,False,,
2004,fa_980,acceptor,True,0.0055713075190173,179.0
2005,fa_981,acceptor,False,,
2006,fa_982,acceptor,False,,
2007,fa_983,acceptor,True,0.0056098188322381,176.0
2008,fa_984,acceptor,True,0.1025244851010823,5.0
2009,fa_985,acceptor,False,,
2010,fa_986,acceptor,False,,
2011,fa_987,acceptor,False,,
2012,fa_988,acceptor,False,,
2013,fa_989,acceptor,False,,
2014,fa_990,acceptor,False,,
2015,fa_991,acceptor,True,0.0012333093828617,407.0
2016,fa_992,acceptor,False,,
2017,fa_993,acceptor,False,,
2018,fa_994,acceptor,False,,
2019,fa_995,acceptor,False,,
2020,fa_996,acceptor,False,,
2021,fa_997,acceptor,False,,
2022,fa_998,acceptor,False,,
2023,fa_999,acceptor,False,,
2024,fa_1000,acceptor,False,,
2025,fa_1001,acceptor,False,,
2026,fa_1002,acceptor,False,,
2027,fa_1003,acceptor,False,,
2028,fa_1004,acceptor,False,,
2029,fa_1005,acceptor,True,0.0028733687666673,281.0
2030,fa_1006,acceptor,False,,
2031,fa_1007,acceptor,False,,
2032,fa_1008,acceptor,True,0.0025245805238822,301.0
2033,fa_1009,acceptor,False,,
2034,fa_1010,acceptor,True,0.0120038561544783,88.0
2035,fa_1011,acceptor,False,,
2036,fa_1012,acceptor,False,,
2037,fa_1013,acceptor,False,,
2038,fa_1014,acceptor,False,,
2039,fa_1015,acceptor,False,,
2040,fa_1016,acceptor,False,,
2041,fa_1017,acceptor,False,,
2042,fa_1018,acceptor,True,0.0005956852764314,474.0
2043,fa_1019,acceptor,True,0.0011221021931223,410.0
2044,fa_1020,acceptor,False,,
2045,fa_1021,acceptor,True,0.0017574452442538,366.0
2046,fa_1022,acceptor,False,,
2047,fa_1023,acceptor,True,0.0152219702964304,66.0
