path,bytes,format
.gitignore,73,file
00_prepare_datasets.py,18718,py
01_run_101_seeds.py,12904,py
02_summarize_results.py,16485,py
03_make_submission_figures.py,5054,py
04_shap_interpretation.py,14069,py
05_export_split_indices.py,9939,py
06_aggregation_sensitivity.py,6082,py
aggregation_sensitivity/aggregation_all_candidate_model_metrics.csv,5251,csv
aggregation_sensitivity/aggregation_common_split_indices.npz,1878,npz
aggregation_sensitivity/aggregation_maximum_test_predictions.csv,65471,csv
aggregation_sensitivity/aggregation_mean_test_predictions.csv,65131,csv
aggregation_sensitivity/aggregation_median_test_predictions.csv,65395,csv
aggregation_sensitivity/aggregation_pair_identity_order.csv,519644,csv
aggregation_sensitivity/aggregation_protocol.json,408,json
aggregation_sensitivity/aggregation_validation_selected_test_metrics.csv,1391,csv
Baseline.py,28702,py
baseline/baseline_metrics.csv,3644,csv
baseline/config.json,471,json
baseline/development_pairs.csv,823805,csv
baseline/environment.json,519,json
baseline/excluded_from_model_development.csv,142913,csv
baseline/interpretation_pipeline.joblib,3632138,joblib
baseline/nested_baseline_metrics.csv,8610,csv
baseline/nested_baseline_split_summary.csv,1357,csv
baseline/nested_baseline_variance_decomposition.csv,821,csv
baseline/parent_pairs.csv,966559,csv
baseline/radius3_fa.npy,856192,npy
baseline/radius3_fd.npy,856192,npy
baseline/radius3_X.npy,6848640,npy
baseline/radius3_y.npy,6816,npy
baseline/scaffold_disjoint_20_pairs.csv,22974,csv
baseline/scaffold_disjoint_holdout_random_forest_bootstrap_intervals.csv,672,csv
baseline/scaffold_disjoint_holdout_random_forest_metrics.json,298,json
baseline/scaffold_disjoint_holdout_random_forest_pce_stratified_errors.csv,1056,csv
baseline/scaffold_disjoint_holdout_random_forest_predictions.csv,2172,csv
baseline/scaffold_disjoint_holdout_random_forest_ranking_metrics.csv,200,csv
baseline/scaffold_disjoint_predictions_with_structures.csv,24236,csv
baseline/scaffold_disjoint_similarity_audit.csv,12766,csv
baseline/scaffold_disjoint_similarity_summary.json,1049,json
baseline/scaffold_overlap_quarantine.csv,120098,csv
baseline/selected_features_for_interpretation.csv,9793,csv
baseline/selected_models.csv,1062,csv
baseline/split_audit.json,516,json
baseline/split_indices.npz,3917,npz
baseline/structure_available_records.csv,786295,csv
baseline/summary.json,2015,json
baseline/target_blind_fixed_best_model_metrics.json,297,json
baseline/target_blind_fixed_best_model_pce_stratified_errors.csv,1061,csv
baseline/target_blind_fixed_best_model_predictions.csv,15012,csv
baseline/target_blind_fixed_best_model_ranking_metrics.csv,255,csv
baseline/target_blind_fixed_random_forest_metrics.json,297,json
baseline/target_blind_fixed_random_forest_pce_stratified_errors.csv,1061,csv
baseline/target_blind_fixed_random_forest_predictions.csv,15012,csv
baseline/target_blind_fixed_random_forest_ranking_metrics.csv,255,csv
CITATION.cff,696,cff
Combine.py,21331,py
common_utils.py,19760,py
config_fixed_structure_only_legacy.json,1740,json
config_fixed_structure_only_roleaware.json,1750,json
config_legacy_hspxy_benchmark.json,1746,json
config_nested_roleaware.json,1744,json
data/D-A.csv,786295,csv
data/gao_fa_fp.npy,547968,npy
data/gao_fd_fp.npy,547968,npy
data/gao_fp_Y.npy,2268,npy
data/README.md,697,md
DATA_DESCRIPTION.md,3357,md
environment.yml,311,yml
figures_roleaware/gao_only_diagnostic_four_panel.eps,79039,eps
figures_roleaware/gao_only_diagnostic_four_panel.pdf,31579,pdf
figures_roleaware/gao_only_diagnostic_four_panel.png,1288743,png
figures_roleaware/inhouse_r2_diagnostic_four_panel.eps,85731,eps
figures_roleaware/inhouse_r2_diagnostic_four_panel.pdf,32071,pdf
figures_roleaware/inhouse_r2_diagnostic_four_panel.png,1395593,png
figures_roleaware/joint_inhouse_gao_diagnostic_four_panel.eps,95032,eps
figures_roleaware/joint_inhouse_gao_diagnostic_four_panel.pdf,37833,pdf
figures_roleaware/joint_inhouse_gao_diagnostic_four_panel.png,1779965,png
figures_roleaware/TextCNN_diagnostic_figure_source_data.csv,500164,csv
GITHUB_UPDATE_GUIDE_中文.md,5102,md
interpretation/all_top_feature_mapped_environments.csv,2778,csv
interpretation/complete_2048_feature_importance_archive.csv,78595,csv
interpretation/complete_selected_feature_shap_importance.csv,27324,csv
interpretation/environment.json,519,json
interpretation/explained_feature_matrix_scaled.npy,343328,npy
interpretation/interpretation_manifest.json,1016,json
interpretation/predefined_top_features.csv,1389,csv
interpretation/shap_background_samples.csv,983,csv
interpretation/shap_explained_samples.csv,715,csv
interpretation/shap_global_importance.pdf,17003,pdf
interpretation/shap_global_importance.png,274715,png
interpretation/shap_summary_beeswarm.pdf,55624,pdf
interpretation/shap_summary_beeswarm.png,597092,png
interpretation/shap_values.npy,343328,npy
interpretation/top_feature_correlation_heatmap.pdf,21338,pdf
interpretation/top_feature_correlation_heatmap.png,324565,png
interpretation/top_feature_correlation_matrix.csv,1993,csv
interpretation/top_feature_dominant_environment_summary.csv,1215,csv
make_graphical_abstract.py,4653,py
prepared_data/cross_source_exact_overlap_groups.csv,1432,csv
prepared_data/cross_source_nearest_similarity.csv,88832,csv
prepared_data/dataset_manifest.json,2248,json
prepared_data/environment.json,519,json
prepared_data/excluded_inhouse_pairs_confirmed.csv,90776,csv
prepared_data/fptand_active_bit_distribution_summary.csv,2580,csv
prepared_data/fptand_encoding_audit_per_sample.csv,151137,csv
prepared_data/fptand_encoding_summary.csv,627,csv
prepared_data/gao_fa.npy,547968,npy
prepared_data/gao_fd.npy,547968,npy
prepared_data/gao_legacy_sequence_group_ids.npy,4408,npy
prepared_data/gao_pair_fp_group_ids.npy,4408,npy
prepared_data/gao_role_aware_sequence_group_ids.npy,4408,npy
prepared_data/gao_safe_any_encoding_group_ids.npy,4408,npy
prepared_data/gao_sample_metadata.csv,198192,csv
prepared_data/gao_y.npy,2268,npy
prepared_data/identical_representation_groups.csv,82686,csv
prepared_data/inhouse_legacy_sequence_group_ids.npy,5848,npy
prepared_data/inhouse_pair_fp_group_ids.npy,5848,npy
prepared_data/inhouse_r2_fa.npy,732288,npy
prepared_data/inhouse_r2_fd.npy,732288,npy
prepared_data/inhouse_r2_filtered.csv,526132,csv
prepared_data/inhouse_r2_sample_metadata.csv,779377,csv
prepared_data/inhouse_r2_y.npy,2988,npy
prepared_data/inhouse_role_aware_sequence_group_ids.npy,5848,npy
prepared_data/inhouse_safe_any_encoding_group_ids.npy,5848,npy
prepared_data/joint_fa.npy,1280128,npy
prepared_data/joint_fd.npy,1280128,npy
prepared_data/joint_legacy_sequence_group_ids.npy,10128,npy
prepared_data/joint_pair_fp_group_ids.npy,10128,npy
prepared_data/joint_role_aware_sequence_group_ids.npy,10128,npy
prepared_data/joint_safe_any_encoding_group_ids.npy,10128,npy
prepared_data/joint_sample_metadata.csv,977652,csv
prepared_data/joint_y.npy,5128,npy
README.md,15707,md
RELEASE_NOTES_v2.0-review-revision.md,1677,md
REPRODUCIBILITY_STATUS.md,4407,md
requirements-lock.txt,398,txt
requirements.txt,398,txt
results_legacy/fixed_cross_branch_metrics.csv,1333,csv
results_legacy/fixed_model_seed_variability.csv,5891,csv
results_legacy/roleaware_legacy_paired_comparison.csv,5902,csv
results_roleaware/fixed_cross_branch_metrics.csv,1338,csv
results_roleaware/fixed_model_seed_variability.csv,5880,csv
results_roleaware/gao_only/all_model_seed_prediction_matrix.npy,43356,npy
results_roleaware/gao_only/best_single_metrics.json,298,json
results_roleaware/gao_only/best_single_pce_stratified_errors.csv,1206,csv
results_roleaware/gao_only/best_single_predictions.csv,51929,csv
results_roleaware/gao_only/best_single_ranking_metrics.csv,297,csv
results_roleaware/gao_only/ensemble_metrics.json,299,json
results_roleaware/gao_only/ensemble_pce_stratified_errors.csv,1203,csv
results_roleaware/gao_only/ensemble_predictions.csv,54002,csv
results_roleaware/gao_only/ensemble_ranking_metrics.csv,294,csv
results_roleaware/gao_only/ensemble_repeated_prediction_audit.csv,3837,csv
results_roleaware/gao_only/fixed_all_model_seed_metrics.csv,34409,csv
results_roleaware/gao_only/source_specific_test_metrics.csv,454,csv
results_roleaware/inhouse_r2/all_model_seed_prediction_matrix.npy,57900,npy
results_roleaware/inhouse_r2/best_single_metrics.json,300,json
results_roleaware/inhouse_r2/best_single_pce_stratified_errors.csv,1181,csv
results_roleaware/inhouse_r2/best_single_predictions.csv,179039,csv
results_roleaware/inhouse_r2/best_single_ranking_metrics.csv,299,csv
results_roleaware/inhouse_r2/ensemble_metrics.json,296,json
results_roleaware/inhouse_r2/ensemble_pce_stratified_errors.csv,1185,csv
results_roleaware/inhouse_r2/ensemble_predictions.csv,181783,csv
results_roleaware/inhouse_r2/ensemble_ranking_metrics.csv,298,csv
results_roleaware/inhouse_r2/ensemble_repeated_prediction_audit.csv,5375,csv
results_roleaware/inhouse_r2/fixed_all_model_seed_metrics.csv,34336,csv
results_roleaware/inhouse_r2/source_specific_test_metrics.csv,463,csv
results_roleaware/joint_inhouse_gao/all_model_seed_prediction_matrix.npy,101128,npy
results_roleaware/joint_inhouse_gao/best_single_metrics.json,296,json
results_roleaware/joint_inhouse_gao/best_single_pce_stratified_errors.csv,1169,csv
results_roleaware/joint_inhouse_gao/best_single_predictions.csv,253836,csv
results_roleaware/joint_inhouse_gao/best_single_ranking_metrics.csv,244,csv
results_roleaware/joint_inhouse_gao/ensemble_metrics.json,296,json
results_roleaware/joint_inhouse_gao/ensemble_pce_stratified_errors.csv,1172,csv
results_roleaware/joint_inhouse_gao/ensemble_predictions.csv,258704,csv
results_roleaware/joint_inhouse_gao/ensemble_ranking_metrics.csv,244,csv
results_roleaware/joint_inhouse_gao/ensemble_repeated_prediction_audit.csv,9269,csv
results_roleaware/joint_inhouse_gao/fixed_all_model_seed_metrics.csv,35130,csv
results_roleaware/joint_inhouse_gao/source_specific_test_metrics.csv,806,csv
results_roleaware/nested/gao_only/nested_empirical_split_statistics.csv,1558,csv
results_roleaware/nested/gao_only/nested_individual_run_metrics.csv,7932,csv
results_roleaware/nested/gao_only/nested_split_ensemble_metrics.csv,1741,csv
results_roleaware/nested/gao_only/nested_variance_decomposition.csv,1671,csv
results_roleaware/nested/inhouse_r2/nested_empirical_split_statistics.csv,1551,csv
results_roleaware/nested/inhouse_r2/nested_individual_run_metrics.csv,7896,csv
results_roleaware/nested/inhouse_r2/nested_split_ensemble_metrics.csv,1737,csv
results_roleaware/nested/inhouse_r2/nested_variance_decomposition.csv,1662,csv
results_roleaware/nested/joint_inhouse_gao/nested_empirical_split_statistics.csv,1556,csv
results_roleaware/nested/joint_inhouse_gao/nested_individual_run_metrics.csv,7902,csv
results_roleaware/nested/joint_inhouse_gao/nested_split_ensemble_metrics.csv,1732,csv
results_roleaware/nested/joint_inhouse_gao/nested_variance_decomposition.csv,1682,csv
results_roleaware/publication_summary.json,4389,json
RUN_ENVIRONMENT.json,519,json
run_revision_workflow.ps1,2668,ps1
run_revision_workflow.sh,1830,sh
split_indices/baseline_fixed_split_indices.npz,3917,npz
split_indices/baseline_parent_split_assignments.csv,795156,csv
split_indices/CHECKSUMS.sha256,1557,sha256
split_indices/exact_split_manifest.json,13852,json
split_indices/gao_only_fixed_split_assignments.csv,18409,csv
split_indices/gao_only_fixed_split_indices.npz,1603,npz
split_indices/gao_only_nested_split_assignments.csv,177940,csv
split_indices/gao_only_nested_split_indices.npz,16244,npz
split_indices/inhouse_r2_fixed_split_assignments.csv,281218,csv
split_indices/inhouse_r2_fixed_split_indices.npz,1873,npz
split_indices/inhouse_r2_nested_split_assignments.csv,2804243,csv
split_indices/inhouse_r2_nested_split_indices.npz,18976,npz
split_indices/joint_inhouse_gao_fixed_split_assignments.csv,299902,csv
split_indices/joint_inhouse_gao_fixed_split_indices.npz,2694,npz
split_indices/joint_inhouse_gao_nested_split_assignments.csv,2985726,csv
split_indices/joint_inhouse_gao_nested_split_indices.npz,27202,npz
