prediction_key_12dp,group_size,array_indices,y_true_min,y_true_max,y_true_range,unique_source,source_values,unique_pair_fp_hash,pair_fp_hash_values,unique_legacy_sequence_hash,legacy_sequence_hash_values,unique_role_aware_sequence_hash,role_aware_sequence_hash_values
10.320422899605,2,104;112,12.619999885559082,12.789999961853027,0.1700000762939453,1,in-house;in-house,1,5ab55cb46b8f0ff467a7b39d3d468ce04f501ac8b46417a9cf6f45a75fb6ec8c;5ab55cb46b8f0ff467a7b39d3d468ce04f501ac8b46417a9cf6f45a75fb6ec8c,1,dde96b481487fb8ccb9f3ddcf54d87fd36fcba3367bce75a4d63aa07d011987c;dde96b481487fb8ccb9f3ddcf54d87fd36fcba3367bce75a4d63aa07d011987c,1,79e42a8eb5e9574f8c288cd151d700a23a39711b44d680b97b0ebbd6adfc9762;79e42a8eb5e9574f8c288cd151d700a23a39711b44d680b97b0ebbd6adfc9762
10.860067055957,2,79;81,13.149999618530272,13.18000030517578,0.030000686645507812,1,in-house;in-house,1,dab8515cd28fde6a96c617c31a5899ad7ed0319a2d10815845d137598cc41480;dab8515cd28fde6a96c617c31a5899ad7ed0319a2d10815845d137598cc41480,1,6ebea4e21d3ddd14fe6e878ff6d9fc825d248cab25914b43a1726d147efd4e59;6ebea4e21d3ddd14fe6e878ff6d9fc825d248cab25914b43a1726d147efd4e59,1,5d7523c961ac25f3f2a98774a4f8734f5c7532d8cc652e1e459b3b758d430bd7;5d7523c961ac25f3f2a98774a4f8734f5c7532d8cc652e1e459b3b758d430bd7
11.074219269328,2,280;381,9.539999961853027,10.5600004196167,1.0200004577636719,1,in-house;in-house,1,8acbefde3ccc413a2f9b5dd2454b313ea009563052da150bf371701b116fe40f;8acbefde3ccc413a2f9b5dd2454b313ea009563052da150bf371701b116fe40f,1,90ab22e3374b2fba6ce6b44bb659d949d1337b2f4446191e097ef4ca0d88075c;90ab22e3374b2fba6ce6b44bb659d949d1337b2f4446191e097ef4ca0d88075c,1,1327b5a3b4eeffce25d4cd14a0f14c892598159b3346a3bdbfab678ee91d356d;1327b5a3b4eeffce25d4cd14a0f14c892598159b3346a3bdbfab678ee91d356d
12.365249057808,4,41;71;77;117,12.529999732971191,13.949999809265137,1.4200000762939453,1,in-house;in-house;in-house;in-house,1,b22cef58ec7cfac39705fe113999e5f0d7ccd8ddb0529e74aa7c5d95b01ae27e;b22cef58ec7cfac39705fe113999e5f0d7ccd8ddb0529e74aa7c5d95b01ae27e;b22cef58ec7cfac39705fe113999e5f0d7ccd8ddb0529e74aa7c5d95b01ae27e;b22cef58ec7cfac39705fe113999e5f0d7ccd8ddb0529e74aa7c5d95b01ae27e,1,ccadeab06fe0d22661c54cf46f26ab11bac8ab9ae86b5968982b866f28f40ae8;ccadeab06fe0d22661c54cf46f26ab11bac8ab9ae86b5968982b866f28f40ae8;ccadeab06fe0d22661c54cf46f26ab11bac8ab9ae86b5968982b866f28f40ae8;ccadeab06fe0d22661c54cf46f26ab11bac8ab9ae86b5968982b866f28f40ae8,1,cbf0f12d5ec0c3cb2d107a991a82bf9dbbcd62a7c76f6730cd02747073721746;cbf0f12d5ec0c3cb2d107a991a82bf9dbbcd62a7c76f6730cd02747073721746;cbf0f12d5ec0c3cb2d107a991a82bf9dbbcd62a7c76f6730cd02747073721746;cbf0f12d5ec0c3cb2d107a991a82bf9dbbcd62a7c76f6730cd02747073721746
13.567772836968,3,10;13;19,15.649999618530272,16.3700008392334,0.7200012207031268,1,in-house;in-house;in-house,1,e402e4dd08dae0ac2cda41476ef14d0fefdfc3ca478fefdc1e0a09cd79ca131d;e402e4dd08dae0ac2cda41476ef14d0fefdfc3ca478fefdc1e0a09cd79ca131d;e402e4dd08dae0ac2cda41476ef14d0fefdfc3ca478fefdc1e0a09cd79ca131d,1,e4a7eb49f2cef95e537d0aa64325072adb41f2cc23305f645b4d61dc8df7bf6f;e4a7eb49f2cef95e537d0aa64325072adb41f2cc23305f645b4d61dc8df7bf6f;e4a7eb49f2cef95e537d0aa64325072adb41f2cc23305f645b4d61dc8df7bf6f,1,1a1c3dbff251758cf264a0a4fccb444df72a8f4b5ad83dbc1dfb3547140f8adc;1a1c3dbff251758cf264a0a4fccb444df72a8f4b5ad83dbc1dfb3547140f8adc;1a1c3dbff251758cf264a0a4fccb444df72a8f4b5ad83dbc1dfb3547140f8adc
14.466882922862,2,38;530,7.510000228881836,14.029999732971191,6.5199995040893555,1,in-house;in-house,1,dfddec171cf5b907634b3cfa86ae2f60a5ca0d06e64dba8008bb5a7dfb986dfd;dfddec171cf5b907634b3cfa86ae2f60a5ca0d06e64dba8008bb5a7dfb986dfd,1,1007fcb65d03ac3eeffadbcf7be9e35f5be3e82b10b7b415fcc3c39c62d68d0a;1007fcb65d03ac3eeffadbcf7be9e35f5be3e82b10b7b415fcc3c39c62d68d0a,1,4a49993e99cf73bd0b6b87efb3bce026b4400c5ec011d9f500e4b2d22c88bd9b;4a49993e99cf73bd0b6b87efb3bce026b4400c5ec011d9f500e4b2d22c88bd9b
8.065422737953,2,407;487,8.260000228881836,9.289999961853027,1.0299997329711914,1,in-house;in-house,1,a0acdf2ad7f0ed4bd72ea71895835293921b6c20e616e90ab1254463481ade12;a0acdf2ad7f0ed4bd72ea71895835293921b6c20e616e90ab1254463481ade12,1,15cf52e456acacfb4c3bd7ac271e1814fb18dac5b89c80a3cc74fd56dad955d2;15cf52e456acacfb4c3bd7ac271e1814fb18dac5b89c80a3cc74fd56dad955d2,1,97e001f840015da66161c01434b73a15bfcaef6ae9dba5491141af98822635a4;97e001f840015da66161c01434b73a15bfcaef6ae9dba5491141af98822635a4
8.121593862477,2,154;403,9.300000190734863,12.100000381469728,2.800000190734865,1,in-house;in-house,1,28b55f5b9f85e9c457287eafcce22d5755dbbc6d3f6b8927bf44384b8f6fd36f;28b55f5b9f85e9c457287eafcce22d5755dbbc6d3f6b8927bf44384b8f6fd36f,1,ecc17bfcc47bd3721f3f4df6b8e0ab02efd80bdc3d7e6cb188e9d92d7079ff63;ecc17bfcc47bd3721f3f4df6b8e0ab02efd80bdc3d7e6cb188e9d92d7079ff63,1,21dbce05cc4c37297a77239175630beee17579749b12c60d59373610bafa1107;21dbce05cc4c37297a77239175630beee17579749b12c60d59373610bafa1107
8.542153079911,2,102;321,10.199999809265137,12.800000190734863,2.6000003814697266,1,in-house;in-house,1,ef2a3f1a57f973a4decc367338259a9f1c7a8e9b3698a6d541b94658513eb148;ef2a3f1a57f973a4decc367338259a9f1c7a8e9b3698a6d541b94658513eb148,1,4b210cb77cd34f5fab88cccba999c877ae7d5c71a1d7c666ac12384dbcff512f;4b210cb77cd34f5fab88cccba999c877ae7d5c71a1d7c666ac12384dbcff512f,1,e0f78589b4d54979baeeca807f6bdd933cf7e233ad32b8a64ed9dfd7905fbe2c;e0f78589b4d54979baeeca807f6bdd933cf7e233ad32b8a64ed9dfd7905fbe2c
