branch,split_seed,model_seed,best_valid_rmse,test_r,test_spearman_rho,test_r2,test_rmse,test_mae,test_mean_signed_error,test_calibration_intercept,test_calibration_slope,valid_r,valid_spearman_rho,valid_r2,valid_rmse,valid_mae,valid_mean_signed_error,valid_calibration_intercept,valid_calibration_slope
inhouse_r2,12,0,2.568933465329451,0.6051634472646257,0.5855510616162175,0.3161735110642006,2.46455217065607,1.8222968078159785,0.501027112240558,1.5740061280885471,0.8039144596395488,0.619535321875888,0.5776972928764277,0.3486771967458471,2.568933465329451,1.7543389159189144,0.3435386133865571,1.482079344525976,0.8016456322931634
inhouse_r2,12,1,2.5351988346348047,0.6191603815121819,0.5808067749726568,0.3805960711594413,2.345589635261512,1.7960915998979048,0.0673128508187674,0.6553545701576303,0.928791218129644,0.617768986215198,0.578837495933218,0.365670916570197,2.5351988346348047,1.81971072814834,0.1501196035197083,1.2870359689938304,0.8405003811955779
inhouse_r2,12,2,2.5973444654084936,0.6232007154728539,0.610817671236531,0.3758207012086976,2.3546140792331114,1.81946505699958,0.1629761982631016,1.2268061029525823,0.864335178851653,0.5911341175128898,0.5397017027780913,0.3341909840212775,2.5973444654084936,1.8648174480653144,-0.0110311407438466,1.5396693821759204,0.8272578867640132
inhouse_r2,12,3,2.5649805365694247,0.6345356451463912,0.6247427271029686,0.3825040335713215,2.3419742654647,1.776215698335554,0.2806884975700112,1.2039603629541196,0.8567210558071856,0.610700765167684,0.5759702205992306,0.3506800915865278,2.5649805365694247,1.79533640767487,0.0716654079061158,1.6663434039168346,0.8054165803215236
inhouse_r2,12,4,2.566508098140654,0.631458551749749,0.638805268784769,0.3978149688820483,2.3127571587916784,1.7789363961119753,-0.0830047547400414,0.2727788720048421,0.9810192742180198,0.5930425190082923,0.5420324119677068,0.3499064627196694,2.566508098140654,1.879792569388806,-0.0771146626539633,0.5630018668014442,0.9446797263088804
inhouse_r2,12,5,2.6456664693996643,0.6011845708364844,0.5823314311042163,0.3085056816112218,2.478331312908097,1.838977551960445,0.5547787509598099,1.3974567082146223,0.8164508671450671,0.6001744920202837,0.5587162655192711,0.3091865936157572,2.6456664693996643,1.8237594382863649,0.317924140204846,1.998433685790974,0.7476241144087733
inhouse_r2,12,6,2.56027800336988,0.6350555819634887,0.6115153604488193,0.4014385546751574,2.305788271504696,1.752988321797831,0.1211929454670085,-0.3556148297209312,1.0229770148777766,0.6075303122449768,0.54330675656059,0.35305878362536,2.56027800336988,1.8879829007135311,0.1794887512502536,1.2422137503526207,0.842728030547549
inhouse_r2,12,7,2.6005689633489206,0.6022200150218057,0.6061595697309586,0.3427836847451501,2.4161240266295434,1.8345700444041435,0.1946817911588228,1.5713090306520376,0.8281431450674365,0.5946839799244301,0.566580313072722,0.3325368080165777,2.6005689633489206,1.8133632465147635,0.0514299533736537,1.6897073060038328,0.8046236987995012
inhouse_r2,12,8,2.580780573508099,0.5961576390925234,0.5738873396084322,0.3127458688661059,2.4707211651441643,1.8421690313966124,0.5483077756174795,0.8976891850599539,0.8639646350547857,0.607141670801447,0.5703698114673487,0.3426559553540499,2.580780573508099,1.8764889273844971,0.2827177450690471,1.3748901113940442,0.8187019623935644
inhouse_r2,12,9,2.5465484992575043,0.6217885273401804,0.5988646134083555,0.3780397299364084,2.350424891609596,1.843400338312963,0.0677920354829801,1.2129691623131846,0.8738048290770761,0.6163458883311698,0.5797932543778805,0.3599786311615941,2.5465484992575043,1.7907611215618295,-0.0898707282375282,1.6964779302191224,0.8168150605568084
inhouse_r2,12,10,2.600163295759024,0.6405166194676034,0.5863698204271088,0.4049463500529457,2.299021950036918,1.80931149996244,0.078532118897338,0.8962563257216686,0.9040542804676512,0.5876658128222985,0.5380584689609522,0.3327450294246126,2.600163295759024,1.913546219677992,-0.0132380270622145,1.4315619073768984,0.8396838612508084
inhouse_r2,12,11,2.647323927125929,0.6160655903586947,0.6226332432493438,0.3331748366431281,2.433722437385761,1.8585851509254296,0.3340928137719214,2.0595999309555486,0.7701764811780278,0.5775275981933982,0.5566203040178183,0.3083207606098804,2.647323927125929,1.8802207422928072,0.0623157595244931,1.8504409352789384,0.7856278169687232
inhouse_r2,12,12,2.582289391875422,0.6281433420577639,0.6143286895960174,0.3854471095932676,2.3363865036778235,1.759967127046385,0.1513457431659831,1.0156447194269749,0.8859537213541048,0.5953592428979216,0.5613823285491191,0.3418871161095675,2.582289391875422,1.8510591345773617,0.1023640296828578,1.267191595010537,0.8471929308996187
inhouse_r2,12,13,2.549604986085253,0.6130363612846959,0.5669330197835932,0.3532868644578856,2.3967398512786544,1.8186931760161076,-0.169264131492668,2.00054718457024,0.815245757821031,0.6142563324795505,0.5926540741507949,0.3584413418812332,2.549604986085253,1.860052031530461,-0.1323255921753359,1.665788386241932,0.8243044790941524
inhouse_r2,12,14,2.597649044723476,0.5484726028361359,0.5197979574122297,0.2992165970208261,2.49492192677604,1.920612381888436,0.1007619470983118,0.2834370700999917,0.9622669184377124,0.5847453681184478,0.5047746003178817,0.3340348217971709,2.597649044723476,1.9456399057952447,0.275115859340614,0.0350343206422841,0.9660496242105006
inhouse_r2,12,15,2.655695742885563,0.5714550684317291,0.5569704282375344,0.3203665470522041,2.456984574115588,1.8972066982642757,0.0815482656438867,1.0807328232322506,0.8856338521633956,0.5695727472746913,0.4964745927721286,0.3039391531134826,2.655695742885563,1.9701610283112865,0.0820680672014263,1.689805451888692,0.8018559365207705
inhouse_r2,12,16,2.5495797295095444,0.5719522233078257,0.5486371462048785,0.3229636588675467,2.452285591618592,1.891336729476502,-0.0887764333845018,0.9980800373231684,0.909001229555192,0.6034582301221753,0.5563017178695975,0.3584540524733854,2.5495797295095444,1.852319408470476,0.0141241315384985,0.971771972824228,0.8889056773437677
inhouse_r2,12,17,2.607806946021212,0.6390411871868273,0.5814182790469565,0.3594254237186663,2.3853378802363543,1.8008265328574014,0.5211953049773103,1.333856084514171,0.8250356586354048,0.5971930992486689,0.5895520511286447,0.3288162298659135,2.607806946021212,1.8896945866060928,0.4009802408621344,1.032232701665912,0.8452464737168062
inhouse_r2,12,18,2.58442423952031,0.6190789387044351,0.5904492502919009,0.3581337701034799,2.3877415650126204,1.8434894268329327,-0.1361157410628312,2.0943527512506037,0.8030961435496506,0.603114392060673,0.5467609011149843,0.3407985072897401,2.58442423952031,1.8942456295792485,-0.2380941132424583,1.7837587383541271,0.8207340526617998
inhouse_r2,12,19,2.5890601564900595,0.6321244940831677,0.604702630493533,0.3517644576387705,2.3995592375165,1.8240894687759293,0.4526019446499698,1.6467499702813777,0.8007044162607335,0.6032504114964665,0.5995958986436065,0.3384314467619299,2.5890601564900595,1.7827525642556203,0.2415926725092068,1.477073320800674,0.8111744983761531
inhouse_r2,12,20,2.586450738404665,0.6169455747545624,0.613754122009427,0.3233502394838736,2.451585377034948,1.87508563561873,0.5200488400626015,1.7038772304954923,0.7902215313566746,0.6061798872696968,0.579592042073741,0.3397643157582068,2.586450738404665,1.8005065380687444,0.2177324966645576,1.5992934436768405,0.7998432364367523
inhouse_r2,12,21,2.576981981114685,0.6406263666930337,0.6144620713571902,0.4016815970576016,2.3053200980380706,1.7826512693525194,-0.0071830199314997,1.288476517950932,0.8728127985990257,0.6031503823337729,0.574041936017894,0.3445895908500772,2.576981981114685,1.8556301761680924,-0.1803350851569377,1.684753631086244,0.826678824949487
inhouse_r2,12,22,2.564786761358221,0.666397522624387,0.6383558748509716,0.4116660056593426,2.286004218567133,1.7376572585606074,0.4607585710245412,0.8216950622273647,0.8783483658816107,0.6152446715153228,0.5743605221661149,0.3507781955275832,2.564786761358221,1.7835909783000676,0.2682085406612342,1.460145576791512,0.8106637491320684
inhouse_r2,12,23,2.5908359076372607,0.6264549394773917,0.6095885070066465,0.3768278124383485,2.3527137313663724,1.816658038359422,0.1194818186593222,1.5016193758259322,0.8410800485944782,0.5973688103882954,0.5799776989900083,0.3375236393583283,2.5908359076372607,1.841171425832829,0.0868642430909922,1.5754512315468578,0.8142071800331914
inhouse_r2,12,24,2.6213419438383787,0.6047702988073669,0.5834662020877324,0.3362638369246062,2.428078907223137,1.843365345801507,0.0962995082348376,2.1228826887338914,0.7819533780092522,0.5875410559528583,0.5600744485722126,0.3218310150169993,2.6213419438383787,1.8425837133971736,0.0303383242916053,1.8025734997579304,0.7938375703931724
inhouse_r2,12,25,2.6397379117787003,0.6185921237952747,0.5809381047067346,0.3814131112877812,2.344042120653721,1.8138695296707688,-0.0028722336242248,0.5461391386291345,0.946095845356122,0.5712057110707431,0.5249293661158518,0.3122791514941964,2.6397379117787003,1.9443398764435675,-0.0794861249520745,1.5578847252018675,0.8316327275445258
inhouse_r2,12,26,2.5195394926316506,0.6180925834589281,0.6024166723097412,0.3272427472016871,2.444523689276744,1.779545602264938,0.5296064406841785,1.5689047021777478,0.8022299683976877,0.6363258482533022,0.6096732815425917,0.3734829259866008,2.5195394926316506,1.7483555363937162,0.272255326660586,1.5191756699615513,0.8038408174837113
inhouse_r2,12,27,2.6142808565395748,0.6481557218256665,0.6221058722859377,0.3703521817667924,2.364906132427936,1.711550003998763,0.5509042923267071,1.1662260277622356,0.8384966150109352,0.6017236197975129,0.5726837529649526,0.3254796507070164,2.6142808565395748,1.8159996489403956,0.201060778658155,1.8904007212774867,0.7691885605433105
inhouse_r2,12,28,2.6106527578819394,0.6486809978814885,0.6127465767057988,0.4131146526051009,2.283188085120964,1.7894509889029122,-0.0291845381676733,1.218439218161706,0.8816906187054904,0.5834506552132444,0.5694811237907327,0.3273505501074898,2.6106527578819394,1.9102328360920224,-0.1528311615258875,1.4671685921018425,0.8490559980323573
inhouse_r2,12,29,2.5899085558676656,0.6244701938986255,0.5994453370762307,0.3782669115504546,2.3499955859803614,1.7573329852177546,0.1057821587249115,1.326437130487706,0.8594077217400176,0.6065479646682918,0.5834318435444026,0.3379978019056349,2.5899085558676656,1.8386832358131944,0.0448510613239986,1.9256138012496948,0.778727064905207
inhouse_r2,12,30,2.5054967920065048,0.6035522675858316,0.5882166448125781,0.3520622775122278,2.399007957555544,1.8446683466851292,0.101136792789806,1.40991243438804,0.8516017943175531,0.6295531377984388,0.5891328588283541,0.3804472731196084,2.5054967920065048,1.735060987338214,0.0695930669005488,1.4012828651729083,0.8352859394825878
inhouse_r2,12,31,2.5796920418750604,0.6004268326667106,0.5924191963030679,0.3372593284185794,2.4262573710198465,1.8278910046690828,0.1030522943376661,1.9165218483027229,0.8016975193433327,0.606068592194388,0.5713591052960344,0.3432103526493164,2.5796920418750604,1.9098825219651343,0.0242436335120402,1.7859605289157323,0.7962520117468621
inhouse_r2,12,32,2.601719324716712,0.6330418572656314,0.6119380780303822,0.3805391362731462,2.345697434715355,1.7786839175057578,0.3438148381826761,0.8650466742684335,0.884042879606993,0.6008909004055949,0.5720130452844877,0.3319461728865718,2.601719324716712,1.8396387301700217,0.3877320826893121,1.1466252674814026,0.8340879039624121
inhouse_r2,12,33,2.6745247570942405,0.6050663247757013,0.572996759849217,0.3444713750282431,2.413019804995087,1.8510350847577717,0.418978844489251,0.2815515488483287,0.9332843292880024,0.5724219122302515,0.5361301843796157,0.2940339512842604,2.6745247570942405,1.9814972474541463,0.3114564452372806,1.64395942287336,0.7867998586478105
inhouse_r2,12,34,2.5903941905072903,0.6568843608530561,0.6097649813368136,0.4247891833394317,2.260365021743054,1.7170780922149445,0.2432155575785603,-0.3535145907075084,1.0106832590124508,0.5902616514706633,0.5180546123910867,0.3377495141121248,2.5903941905072903,1.9330552195159485,0.2484043416842608,0.6875472193835942,0.8972462595353465
inhouse_r2,12,35,2.583679468810668,0.6407554485581936,0.6191181208356674,0.386264411417077,2.3348323915085976,1.7561719250845742,0.3930645172412579,0.8096853301688147,0.8851715936737937,0.604940529660553,0.5664126361526057,0.3411783854964858,2.583679468810668,1.8229380291952213,0.2183699305628387,1.5042428217534,0.8102567624340348
inhouse_r2,12,36,2.5415105979086774,0.6451007214477973,0.6295834590199929,0.4081376748353417,2.292848734112443,1.7447490408703998,0.0272191304426926,1.199173579563105,0.8786768170971019,0.6188065797837258,0.5891663942123774,0.3625084672101295,2.5415105979086774,1.839678018865451,-0.0462689802680217,1.692606116549764,0.8132136644886058
inhouse_r2,12,37,2.631825596901323,0.5955463597117959,0.5751739605969758,0.2769532739228462,2.5342428975949622,1.9271806286765143,0.6052202828280575,1.9899053789570549,0.7571580260139557,0.6006638691765034,0.5340342228781629,0.3163957032106015,2.631825596901323,1.8744618758349352,0.1700402615775524,2.117943365426732,0.7466332166441152
inhouse_r2,12,38,2.608838104856261,0.6313832379148179,0.6120509395206054,0.3953431869709776,2.317498871700421,1.7957256723950792,0.0998586274527169,0.6010327837185817,0.9311577123007336,0.5872131956987215,0.5666976869168033,0.328285336344516,2.608838104856261,1.87123618327396,0.0139357069848288,1.579454142574319,0.8204472825894146
inhouse_r2,12,39,2.608670731513694,0.6005292228899826,0.5772588201254609,0.3324980382704872,2.434957185070708,1.8611251057444755,0.3626292635510851,1.3216378763287506,0.838731788516358,0.6029222781663265,0.5878417465434593,0.3283715230050412,2.608670731513694,1.867704816267524,0.2238936474625493,1.8085260337266365,0.7762681141221558
inhouse_r2,12,40,2.5815725848979976,0.6298151355097041,0.6175154876744992,0.3801517570421933,2.346430759858429,1.7873730942919537,0.0082597115656712,1.7012586916768806,0.830564916372732,0.6028984674078011,0.5790219405453458,0.3422524310385836,2.5815725848979976,1.8494867136780644,-0.1849257375153017,1.7589893674558998,0.8185591879442563
inhouse_r2,12,41,2.671307755088844,0.634562664293072,0.6296121873993223,0.3852544105622242,2.336752773314899,1.8201204980169976,0.1869386526254507,1.4012671777521564,0.8453276880972721,0.5771612449139629,0.5410431181390211,0.2957312459657808,2.671307755088844,1.9024367483568865,0.0374851075696273,2.192181714454643,0.7494127603811414
inhouse_r2,12,42,2.632184690481931,0.6464233117059421,0.6452034892668723,0.4175743756806325,2.274496605268912,1.7361823762213433,0.0498473194095638,-0.0030910645462999,0.9953848815152488,0.5735006852525757,0.560275660876352,0.3162091447533958,2.632184690481931,1.841104507446289,-0.0042993518668161,1.4583437722574857,0.8358121816503309
inhouse_r2,12,43,2.5958371658213264,0.6209279927619527,0.6196721681513082,0.3574615504780705,2.388991565899134,1.819307787435038,-0.3248621700526951,1.9849106565375776,0.8298502450225358,0.6006400332699335,0.563427986974537,0.3349635288028239,2.5958371658213264,1.8939112676701075,-0.308461565366933,1.8119032423619448,0.824196293412688
inhouse_r2,12,44,2.496624809084047,0.6640662783765552,0.6319207178811589,0.4211539585432242,2.267496314502633,1.6831582442863835,0.396327895718021,0.2869379126536199,0.934787863667474,0.6450607130463776,0.5946829648842011,0.3848271864131888,2.496624809084047,1.7332043748506358,0.4020185437000973,1.089328094391722,0.8389874437739923
inhouse_r2,12,45,2.589253182997029,0.6142521920762757,0.5618009000190838,0.3736603681098412,2.35868531079321,1.8904251218675732,-0.1226390691903921,0.7908886137796173,0.9328973726857488,0.5937106543585984,0.5438768580889852,0.3383327970438402,2.589253182997029,1.953620920718556,-0.1953017442998751,1.465232907213448,0.8534409577374369
inhouse_r2,12,46,2.506430616598708,0.6459756223893239,0.6231154696166608,0.4125998928501518,2.2841891628813964,1.7481145975473045,0.053185894772723,0.8872671224877328,0.9072023134171904,0.6273721856501832,0.6101930799949519,0.3799853596253851,2.506430616598708,1.809696916123511,0.0035019256699253,1.3862772921816855,0.843207000846901
inhouse_r2,12,47,2.543279152925781,0.5346662768316106,0.5268507745376271,0.2805222106877999,2.527980687379678,1.9346120474221824,-0.0362138481406898,1.2298087105555529,0.8811757563242474,0.6060722328616601,0.5695984976348141,0.361620939041868,2.543279152925781,1.7875525884225334,0.1408351072123353,0.6846799232244446,0.908287488263442
inhouse_r2,12,48,2.628857173213479,0.6291723959742972,0.6182644775641618,0.3786175145250692,2.3493328967614087,1.7968426584363817,0.1543203467255705,1.4927682724018814,0.8390820290125857,0.5892067730959136,0.5694475884067095,0.3179369016944209,2.628857173213479,1.9034604824764627,0.0261259280459981,1.9706334072528484,0.7753018520167054
inhouse_r2,12,49,2.605499697121737,0.5882129134979011,0.5505393753219118,0.3391910876213442,2.4227187581248444,1.817979672571996,0.1617782099263651,0.8164019648665098,0.9045029145933436,0.5867000528359917,0.579592042073741,0.3300033598896211,2.605499697121737,1.8236670393339345,0.0440609723749295,1.451303409111645,0.8320634731596588
inhouse_r2,12,50,2.609611937154237,0.6485226477117517,0.6494737576514961,0.4042049523864639,2.300453719188459,1.7287896946593595,0.167166441470593,1.3767052166976748,0.8493552296807283,0.594916569531489,0.5937942772075852,0.32788678988708,2.609611937154237,1.812745278989765,-0.0140458597263819,1.900986934380246,0.7866955946434327
inhouse_r2,12,51,2.56478460268122,0.6538075990280907,0.6215620851057717,0.4255759242607706,2.258818692904596,1.7279436171471656,-0.0496776587479598,0.6298314889759361,0.9421672590482408,0.5986993878954999,0.5881100296156452,0.3507792883744501,2.56478460268122,1.790494787860924,-0.118748278685019,1.139842720283836,0.8831904663772502
inhouse_r2,12,52,2.6436653297484733,0.6302824382712003,0.6104626705491019,0.3705142706681136,2.364601716452493,1.770030328443834,0.3382137071836245,1.301871724123903,0.8425941966808687,0.5874045695704091,0.5609463685568169,0.3102312387342221,2.6436653297484733,1.8839585797887453,0.1764173322999981,1.926583669696259,0.7672821684709198
inhouse_r2,12,53,2.611698984083679,0.5853726083865458,0.5435193906300338,0.3376499139665768,2.4255423094788715,1.8398003111352452,0.1544650251215154,0.6245098708660437,0.9238964519193767,0.5830991032610819,0.5406239258387305,0.3268113098806953,2.611698984083679,1.9127625579565344,0.3222263396625787,0.4597141503319382,0.914844562403192
inhouse_r2,12,54,2.5790950814908817,0.6395454538403723,0.6249479298124653,0.3398313720500059,2.421544738668489,1.8414179728581357,0.6019528262265079,1.6258226702873162,0.7914694956743457,0.6151488095556903,0.590474274189284,0.3435142897309488,2.5790950814908817,1.7939682342636754,0.3100222533857318,1.577187836016149,0.7942041943360996
inhouse_r2,12,55,2.5140396599200465,0.6417969058626851,0.6365459869532117,0.3993120069924767,2.309880600984656,1.7412222698851898,0.2261802783379188,0.9498267130315206,0.8859069659452308,0.6262061792739383,0.59260377107476,0.3762151540815072,2.5140396599200465,1.74288972330765,0.0150407770989646,1.472446642374168,0.8324018733946645
inhouse_r2,12,56,2.6549870008069503,0.6055428378067965,0.6072943407144747,0.3603385320277112,2.3836371816316078,1.8264395607101331,-0.0195159878764119,1.1855961547858005,0.8841075353249608,0.5774749182830484,0.5191612800638538,0.3043106277329506,2.6549870008069503,1.9902595802092216,-0.1230435572879415,2.077054814678781,0.7763582465742929
inhouse_r2,12,57,2.5707623363819327,0.5994158659066654,0.5488751813478945,0.3193963980555361,2.458737571321707,1.846064410843216,0.5938529934916463,-0.8515173465127429,1.024136923281202,0.618606584581223,0.5621033393056188,0.3477494892359438,2.5707623363819327,1.8173798507368064,0.5390008268222003,0.5262356621220795,0.886668318950678
inhouse_r2,12,58,2.6211139553896814,0.5858911323859619,0.5504552422110182,0.3202667900555336,2.457164886317368,1.8764381675453448,0.0707201790976357,1.9963520076392596,0.7963872657304208,0.5908985709765964,0.5424516042679973,0.3219489759503139,2.6211139553896814,1.992216388944169,0.0118674862552696,1.9240299747938028,0.7818006188434632
inhouse_r2,12,59,2.5318031890074963,0.5881315488332277,0.5697914935268805,0.3222204949902528,2.453631125173417,1.8817792105508016,-0.0582469926847444,2.123447798917332,0.7939540671491051,0.6112268276967896,0.5753833513788238,0.3673690194913807,2.5318031890074963,1.7894360481853215,-0.1087085193311664,1.021262938259652,0.8957268138505654
inhouse_r2,12,60,2.5712290887940075,0.6468004156767853,0.6267865460895546,0.4064642333845751,2.2960878655908163,1.7204865792414523,0.2194997063883534,0.9192180673324633,0.8894530165688173,0.5972998550335908,0.5400538243103353,0.3475126200923677,2.5712290887940075,1.8426634358688136,0.0443630419986348,1.179622763717673,0.862545239955151
inhouse_r2,12,61,2.53544727084342,0.6250118903157763,0.6106904455566431,0.3685569771527845,2.368275054290357,1.799434180026288,0.2845474273174793,1.3129937296918293,0.8458835588242367,0.6247174321037182,0.5844882081411348,0.3655465886225335,2.53544727084342,1.801648992887685,0.0903035889209156,1.6858765790993495,0.8015570924668127
inhouse_r2,12,62,2.5639752532096742,0.6075917894547205,0.6048462723901806,0.3540886974050048,2.395253580992933,1.805677709045944,0.1360568216630628,1.4780651126909097,0.8420209374944637,0.6033988999309231,0.5774960805722882,0.3511889629598039,2.5639752532096742,1.813451092008134,-0.0826761252443555,1.4420788961634063,0.8451282915375133
inhouse_r2,12,63,2.5315392489448185,0.6192328359972779,0.6043845662938133,0.3629424784527386,2.378780555530042,1.7790328906132624,0.2582656453539441,1.349357107591903,0.8445167599166058,0.627912386493462,0.5879758880795523,0.3675009159655835,2.5315392489448185,1.8399066857888664,0.0237341128604512,1.811235383450338,0.7934526979875872
inhouse_r2,12,64,2.630485589923269,0.63059361503489,0.6283542947901084,0.3756640141324712,2.3549095988424864,1.8153628202585077,0.1815153635465181,1.6301990324742548,0.823467380547223,0.583940543319577,0.5564190917136789,0.3170916469898971,2.630485589923269,1.81998885517389,0.0844136896267743,1.765786420991336,0.7931511324984609
inhouse_r2,12,65,2.5293456910663883,0.556276082642811,0.5275299955060606,0.2864855917350264,2.5174823229056726,1.9013505165393536,0.410354442529745,0.6606717921479255,0.897915962430458,0.6205389030827678,0.6055819646917558,0.3685965515588437,2.5293456910663883,1.7187353255043567,0.3391775077497455,0.6117777828871638,0.8966292181314532
inhouse_r2,12,66,2.6392500360392117,0.621635404864065,0.6181146795862292,0.3689351861049429,2.3675656973436827,1.868294457455615,0.0855435074626149,1.66299351202782,0.8280150458051364,0.584891198875544,0.5631094008263161,0.3125333368134678,2.6392500360392117,1.8622591965635056,0.0432912094492307,1.9745844104434092,0.7733633855340271
inhouse_r2,12,67,2.56396262474879,0.6521462208305931,0.6160482883015986,0.4102291638914306,2.2887939803126165,1.7423070877582043,0.1181691093044681,1.4238936811562644,0.8488088927466231,0.6077516297417124,0.5802292143701826,0.351195354179543,2.56396262474879,1.8582164435319497,0.1286609038500718,1.441014955243157,0.8253770294230794
inhouse_r2,12,68,2.58407681770617,0.6285162536129925,0.607165063007492,0.3788947199671646,2.3488088069070243,1.7941577517902934,0.1471122961777907,1.4587255101460388,0.8430016079736948,0.5969064778568035,0.5674857684413497,0.3409757270986535,2.58407681770617,1.8319440223801304,0.0935123604787907,1.4077608668236004,0.8323310523037324
inhouse_r2,12,69,2.449968261106759,0.6407272269628833,0.6200087005948827,0.4057014958660316,2.297562713594142,1.753111986013559,-0.0027240739835725,0.988858520739758,0.9021549779741111,0.6437808929205517,0.5992102417273392,0.4076048596622449,2.449968261106759,1.7448613274265343,-0.031250839502039,1.0306490591804998,0.886805444907062
inhouse_r2,12,70,2.6282614636943387,0.6467952121059178,0.6158861781610964,0.4027438805942854,2.3032727002675304,1.7234492035178872,0.2961714384439108,0.7906426309427771,0.8952713677373624,0.5944425923995545,0.5637968761987927,0.3182459831071001,2.6282614636943387,1.923298587261791,0.1153905425273196,2.0048885581426985,0.7637748968127064
inhouse_r2,12,71,2.5414976181973628,0.6223913164027637,0.6204293661493506,0.3794792145974732,2.347703366881537,1.8370277231389829,0.0036029882364339,1.2559398494595286,0.8751055918103801,0.6128931548648463,0.568223546889861,0.362514978640724,2.5414976181973628,1.836001439833305,-0.0015263120893021,1.396558385342967,0.8425250486291099
inhouse_r2,12,72,2.5309884603801005,0.6258341545590327,0.6027901412410249,0.3787206495948959,2.3491379213051973,1.827771236846497,0.0142209479858825,1.5377748407772336,0.8462682471614533,0.6217793929305399,0.6020104462932802,0.3677761124611012,2.5309884603801005,1.7229389539906677,-0.0867524617154833,1.6470919327349347,0.8221537274919198
inhouse_r2,12,73,2.547868040087856,0.6281931100911696,0.6127547848141787,0.3461955640635688,2.4098443207360867,1.8070398610788625,0.6104651631175221,0.6035858122342045,0.8864494644715778,0.6286895423663977,0.58247608509974,0.3593151816854066,2.547868040087856,1.7954523277954315,0.4155883973752948,1.2484515784481118,0.8206055109535336
inhouse_r2,12,74,2.635513691132993,0.6144738232432028,0.5965068342762399,0.363545181415029,2.377655039155744,1.8211344738940256,0.2900874464661925,0.736722671593243,0.9009954832070092,0.5799904149550874,0.5455871626741707,0.3144784305771271,2.635513691132993,1.90565125035568,0.1994167012228092,1.5020267512646115,0.8121964575498594
inhouse_r2,12,75,2.592383558507,0.5897103415479634,0.5703270725986666,0.3381979075734028,2.424538718821721,1.863022517491054,-0.1748299698729615,1.335025587615871,0.8828845748331353,0.5967903283118972,0.5528978763912381,0.3367319347645966,2.592383558507,1.916666548017045,-0.2386284478953187,1.6569039114942024,0.8354984336737878
inhouse_r2,12,76,2.626813586423498,0.620151007246831,0.5961210531823862,0.3303283137085417,2.438911405739624,1.7365248503384891,0.586938169452694,1.1954823249771926,0.832922047753278,0.5906432872221452,0.5639980885029322,0.3189969162006033,2.626813586423498,1.8738060400519567,0.4362447093909894,0.9699445346176212,0.8487403592780527
inhouse_r2,12,77,2.5914266352307576,0.6255218058823168,0.6001758587220386,0.3598007741818433,2.3846389226851348,1.8013923468289676,0.4806441377092908,0.6359460533989874,0.8942813427054104,0.6082198141359171,0.5435415042487528,0.3372215070005739,2.5914266352307576,1.8288867641502704,0.4271599272607078,1.1165680159751965,0.8337832951320231
inhouse_r2,12,78,2.706285322471905,0.6417848007901635,0.6437957986797257,0.3930778073499477,2.321836130808713,1.7778435503686223,0.1847132285991748,1.4589939107376075,0.839887821264549,0.5730497881213032,0.5296578552631294,0.2771673934781722,2.706285322471905,1.965019382221598,-0.0749563784666464,2.5525549039034443,0.7179844301777288
inhouse_r2,12,79,2.5963463613046853,0.668062253986377,0.635331186912992,0.397284625788776,2.3137753548485467,1.7703258057574291,0.5710074401401973,0.9464084987547748,0.8575499417031379,0.6071088917794311,0.5671839499851404,0.3347025981213578,2.5963463613046853,1.845539989605756,0.3456489704024624,1.464750227428136,0.8033442501929152
inhouse_r2,12,80,2.5250811188406592,0.58681178642507,0.612799929410268,0.278029756505403,2.532355685887594,1.8769337280646905,0.5816487632431351,1.7918131919538818,0.7774094960843613,0.6334301211820508,0.5954710464087475,0.3707238967066979,2.5250811188406592,1.7600998408357862,0.4812076326826928,0.6525730034717206,0.8786295636286169
inhouse_r2,12,81,2.598843961338836,0.614449302042333,0.5916353219527911,0.3553183852315371,2.39297244938382,1.854005946979656,0.1723360548486242,1.7017916328664264,0.817222376686532,0.6002955660613015,0.5941799341238525,0.3334219939128486,2.598843961338836,1.852485673528322,0.0677778653695549,1.836256909997161,0.7867358789079284
inhouse_r2,12,82,2.6302991315617543,0.6478702668305958,0.6535983321123771,0.4136651181519309,2.282117082728858,1.7201126572135446,0.2187806142793668,0.1803240624033851,0.9612521211999102,0.5687083572170013,0.5184067339233308,0.3171884576016777,2.6302991315617543,1.9399515272865837,0.0822847460357236,0.9553271027703546,0.8839693441969961
inhouse_r2,12,83,2.610273721624137,0.6314651688343402,0.6179977140418162,0.3833871217394613,2.3402990239781007,1.7883604089696925,0.1365595930939787,1.4394349521129135,0.8457601717660752,0.5950992929413388,0.5525289871669824,0.3275458575998642,2.610273721624137,1.898363986485441,-0.0454080205568125,1.9357899299873216,0.7855463414361235
inhouse_r2,12,84,2.624572549314129,0.6354981269948077,0.6235115108459892,0.3930494726384019,2.3218903286861248,1.7203613227897592,0.0797310475702886,1.307297139495558,0.8634947760458522,0.5800322617724711,0.5604433377964682,0.3201584011113527,2.624572549314129,1.8376685767106609,0.1335574304553824,1.413416916582675,0.8279962177080668
inhouse_r2,12,85,2.564194560458635,0.6383873357554324,0.6119380780303822,0.4032001645942262,2.302392719933038,1.7784963387709398,-0.1952678206917289,0.2986548109535717,0.9895420710917052,0.5946754160375437,0.5373709935884757,0.3510779673105846,2.564194560458635,1.9328795721833132,-0.1182655314324607,0.5957580455639732,0.9453795891983428
inhouse_r2,12,86,2.616325645131358,0.6386963966437184,0.6345575726981899,0.3871831100766392,2.3330842358344204,1.7457977308259978,0.3338488398732005,0.9595820151968868,0.8758120504584559,0.580507168185739,0.5099055140734382,0.3244240709975166,2.616325645131358,1.8545794419839348,0.2193985253992215,0.980483570705827,0.8678497406432988
inhouse_r2,12,87,2.656569697845676,0.5826094380521519,0.563108041278577,0.3262679946042103,2.4462939736723786,1.841904216713005,0.0798611941037478,1.5532484986821202,0.8392785733494742,0.5759512380257154,0.5474316087954492,0.303480948571513,2.656569697845676,1.9700305058922567,-0.0019015224886612,2.002710398603376,0.7741337764948522
inhouse_r2,12,88,2.59989102666475,0.6053393591067737,0.6091657894250836,0.3515772632937495,2.3999056791004936,1.8491171239972948,0.0832374862857631,1.5825881667829638,0.8361133089764727,0.599352331747549,0.5673851622892799,0.332884761721496,2.59989102666475,1.8712446387384976,-0.0097993326858735,1.895395992265804,0.7869498427066254
inhouse_r2,12,89,2.641014056073661,0.6570985999096048,0.6208684999476733,0.3937422449037062,2.3205648495828664,1.7942232218655674,0.4127905252096536,1.4010085166702049,0.8271592789984828,0.5834922811658891,0.5449332226857174,0.3116140527564461,2.641014056073661,1.8883544727110528,-0.0605073747500567,2.0348583796560664,0.7756361773747839
inhouse_r2,12,90,2.6360088898101988,0.6517873524983424,0.5991744694996953,0.3541331709025087,2.395171118325489,1.821090193061562,0.5386398172045087,1.907051298389524,0.7697067348104384,0.6078177202275704,0.5888310403721451,0.3142207948321562,2.6360088898101988,1.8778661271216164,0.4298165549694652,1.803176670862868,0.7596372863277696
inhouse_r2,12,91,2.627536065704116,0.6476619301491011,0.5894683813405072,0.3809080522781929,2.344998848043915,1.794571421363137,0.4538640092302869,1.2386231656511777,0.8393481296270826,0.5847703666354601,0.5548261609725746,0.3186222582637255,2.627536065704116,1.9327799938094448,0.1582538880092996,1.6280955060156306,0.8019246719794049
inhouse_r2,12,92,2.697638484371074,0.5745673134624745,0.5730213841743567,0.3205418754907161,2.456667633378553,1.8496401460020693,0.0932852671696589,1.3211123451762763,0.8609866338165146,0.5378763971109628,0.5187253200715516,0.2817790517195956,2.697638484371074,1.9603600031893016,0.0041835677455848,1.2272694958568937,0.8610798252355739
inhouse_r2,12,93,2.613053431529924,0.6239264098036823,0.6088764536046934,0.3748480938684527,2.3564478660241965,1.7607186140713993,0.2266738881597985,1.1106421598108056,0.8702634082196888,0.5938432479992664,0.5805981035944383,0.3261128870220982,2.613053431529924,1.8546504772884744,0.1717149103191537,1.6854231931390578,0.7943823293507833
inhouse_r2,12,94,2.605806921524064,0.6169698170123521,0.5960512842611574,0.3665223319402968,2.372087531368314,1.857102417445683,0.1073492356947252,1.4731420416779504,0.8448766229346927,0.5945100196977998,0.5679217284336517,0.3298453468580359,2.605806921524064,1.857938927663884,-0.0566828553105743,1.854634292303864,0.7957708580804722
inhouse_r2,12,95,2.506738124044043,0.641845508315187,0.6026567594798522,0.4044725461944862,2.2999370513261743,1.86173857842292,-0.2579857286039766,0.259867263668482,0.9998084614912366,0.6255474402298277,0.5638304115828159,0.3798332143295174,2.506738124044043,1.8158272252955907,-0.2044950975498683,1.247745345127944,0.8794736635730929
inhouse_r2,12,96,2.630349542884934,0.6331868875034198,0.6134976186225563,0.39649252087838,2.3152952688332453,1.7552306451997557,0.0988906796995576,0.7516454018541086,0.9164515130209284,0.5798940573525874,0.5672007176771521,0.3171622843328083,2.630349542884934,1.839723822096704,0.0012039466642997,1.7047803943345468,0.8074832584699835
inhouse_r2,12,97,2.6141234920324634,0.6491262489393077,0.6395850390808561,0.3936455668120024,2.3207498689382016,1.7706491763775165,0.4227984235003278,0.8204634516246376,0.8816398411276611,0.5874884504115224,0.5625057639138977,0.3255608526692041,2.6141234920324634,1.876691032463396,0.130585556298914,1.5370960709264794,0.8145138193604894
inhouse_r2,12,98,2.615684320952232,0.6132309213574616,0.6187713282566183,0.3316397203763558,2.436522196127192,1.853173320943659,0.4439143384253228,1.614502657579733,0.8044291547582589,0.5981435464102238,0.5681732438138262,0.3247552301384379,2.615684320952232,1.8392790270523287,0.2021095920616472,1.805915524282216,0.7784221567394274
inhouse_r2,12,99,2.685354581011174,0.5934008007188273,0.5840058852137084,0.3359336904077858,2.428682702963248,1.9311447276935712,-0.1866328899676983,1.7430797102445106,0.842697759039056,0.5598087155164636,0.529942906027327,0.2883051075102487,2.685354581011174,1.993361550317684,-0.2625695651685688,1.9349866785122096,0.8054811456888983
inhouse_r2,12,100,2.541576175292912,0.6535148826754605,0.6183096221602511,0.4049310893529313,2.2990514301177205,1.7434268297849005,0.3792529272866415,0.7257136056601194,0.8943678313555454,0.6191133247943856,0.5764900190515909,0.3624755690065461,2.541576175292912,1.811513259377278,0.2751172864940804,1.1618990842916894,0.8426980175059975
