array_index,y_true,y_pred,residual_pred_minus_true,absolute_error,squared_error,relative_error_percent,source,source_row,donor_smiles,acceptor_smiles,experimental_PCE,pair_key,donor_fp_hash,acceptor_fp_hash,pair_fp_hash,legacy_sequence_hash,role_aware_sequence_hash,pair_fp_group_id,legacy_sequence_group_id,role_aware_sequence_group_id,safe_any_encoding_group_id,prediction_sd_across_model_seeds
1,1.2400000095367432,3.1133905672790982,1.873390557742355,1.873390557742355,3.509592181838212,151.07988252695603,Gao,1,,,1.24,Gao_0001,8e2c74235925f35938df5fd53afb7dd4249fdbc0860494df9e1e5d7079af21ef,79a9af327ea103eba28cd661ee4a5fbd1877d89cc8909ddb6038947c6ef598a9,f24724ae874376042bfaaf4ccdf7770e51d2c09dc26f5e646db1528ce2c9b980,162611000c73392a34641ca68831d35e4a8def580e60469aaf6cbe0ea6dca16f,b0490166a65e9ccad667bb75d9a20a68f0dd1bd41fef7d2c9d24e27707127753,1141,112,810,682,0.613706499887655
3,2.0999999046325684,2.103501566565863,0.0035016619332948196,0.0035016619332948196,1.2261636295086014e-05,0.16674581391981047,Gao,3,,,2.1,Gao_0003,af9d145acd5ddab33d6c9b614d07abc41bd22ba261a87131a03b2ebe187ea8bf,0200210bcf15d900163b083f37822f819e4cacf358747423834334ad050b737f,ab8db180121a5c084069499f727ce871a0b87fbb9fd651379fe5f15371508a33,c2d3f08546c7c299bf4e61db1b9e5671e74810ffbb7419b7ef89f20916c1fda1,fde94584fb4768a1861a1b0212c2183e94554b333b42e437f479e5f6cd9a8f13,799,895,1185,684,0.41638390129066033
4,2.700000047683716,2.103501566565863,-0.5964984811178526,0.5964984811178526,0.3558104379759052,22.09253594753002,Gao,4,,,2.7,Gao_0004,af9d145acd5ddab33d6c9b614d07abc41bd22ba261a87131a03b2ebe187ea8bf,0200210bcf15d900163b083f37822f819e4cacf358747423834334ad050b737f,ab8db180121a5c084069499f727ce871a0b87fbb9fd651379fe5f15371508a33,c2d3f08546c7c299bf4e61db1b9e5671e74810ffbb7419b7ef89f20916c1fda1,fde94584fb4768a1861a1b0212c2183e94554b333b42e437f479e5f6cd9a8f13,799,895,1185,684,0.41638390129066033
14,2.400000095367432,2.4082754626132474,0.008275367245815346,0.008275367245815346,6.848170305311346e-05,0.34480695487424196,Gao,14,,,2.4,Gao_0014,c2556d93b1549bc7fdb40cc0d6d512df479a2da1ce193bb799446ddb7d7c57b7,79a9af327ea103eba28cd661ee4a5fbd1877d89cc8909ddb6038947c6ef598a9,e4626df64145485423f176867f544fe11cbefa75a5a5354bf786fe4ca636df51,1d1649c1fcb03e52b25836ad14ed7c57b02aa74be7c44f320624ab837659c761,665bcd7af5683f739724983dd82c6090143627885cb5d0798b6c1769cc1b2eff,1080,143,463,693,0.5581926058849962
26,3.609999895095825,3.099413357158699,-0.5105865379371264,0.5105865379371264,0.2606986127226206,14.143671822006333,Gao,26,,,3.61,Gao_0026,569cc5045237e0e2e7a067d1a46628a71d248aca2842abf513f87213e2e21a5d,79a9af327ea103eba28cd661ee4a5fbd1877d89cc8909ddb6038947c6ef598a9,f62e25d2999dca45e84cbe58d07a2f43504ffac45b3ca3ed2b3bc79c9a206050,c96cb3bef06cc8f4a03ebdd85a6200bdbb2cff928d510f727a59a32d7cba8652,d008d2f1bb5f2add0107bf563d991b6f76158ac8e878bdc837a6148aa6e64692,1151,924,950,705,0.4107749155485536
29,3.680000066757202,2.68513822555542,-0.9948618412017822,0.9948618412017822,0.9897500830794002,27.034288672675206,Gao,29,,,3.68,Gao_0029,97b5eb5d93249fc070b45dd673098a2665e7ed2fdbd9c94a4630e497ac69f6e3,79a9af327ea103eba28cd661ee4a5fbd1877d89cc8909ddb6038947c6ef598a9,74ea2331137036730da1b093c8f126abd950e6e978153bb4c8138d885f8c7209,f4facbe3579ef1218fbedbe7c72dc50ee2c80f76d6e3d7a1be1e633ef19b8f8a,468d84def8e5613d8fe86dc7430feccdda8e29007de35fe370c8eef2cc15daf9,530,1140,312,708,0.41108221230631775
31,2.0899999141693115,2.384454619766462,0.2944547055971505,0.2944547055971505,0.08670357364830455,14.088742473187327,Gao,31,,,2.09,Gao_0031,44c07647e56ce0b1829aec9741ebe0c32b803a6f5be31ba5d3a3c9a5b73a2b74,79a9af327ea103eba28cd661ee4a5fbd1877d89cc8909ddb6038947c6ef598a9,94ce84d77364f7496f28d0bc8f8805ae1aea4fe1ef6e7e141a4e717ce5526c37,6996ebb610bb22b5dea9eca1441efff41ce1d704d2ca2f8f53a4fadc35592399,9d8f415d5e6107810e2094e42c2f4f5e7d4b527bc21eba3ca8fe346b39133c08,681,511,718,710,0.8280070422680604
32,4.260000228881836,4.189472540770427,-0.07052768811140897,0.07052768811140897,0.0049741547903401784,1.6555794441804776,Gao,32,,,4.26,Gao_0032,a21845df9ee8016166b985ba8391c9534a5a6c1685306f54c101b503e0d31060,79a9af327ea103eba28cd661ee4a5fbd1877d89cc8909ddb6038947c6ef598a9,2b9a15cd5bad00c0c73330bfd67ab2ae64ed06c4c9c12b4b5ad46f182a8dbb6b,50209e6369ad8b2eea7c03a990fb793827ff8440a336bfbdb3544e6f8629d3f9,d560dbe454da193686ee7fba87929e364c9f2af83667de743a53c03b6b644967,189,385,980,711,0.47457499236754347
33,2.2300000190734863,2.5454315619893593,0.31543154291587294,0.31543154291587294,0.0994970582662882,14.144912117396641,Gao,33,,,2.23,Gao_0033,f23be6c4e45696556a096cac087405d43104d173bf1bde0a61bfc292d7c39924,79a9af327ea103eba28cd661ee4a5fbd1877d89cc8909ddb6038947c6ef598a9,d642926748379632af907ec70ae44a6d32659c4c07913c5b2ca1ca5503ecc30f,e35ee5eeea1eed3d960e361ecd80fc3674e9905b77034711b0779d17981b5417,4165779d95192e8cbb24d3557cab94850fc779443bce1d1d5f9d02062041fa75,1017,1048,285,712,0.7826666378285624
34,2.430000066757202,3.341872022883727,0.9118719561265247,0.9118719561265247,0.8315104643700146,37.52559387141927,Gao,34,,,2.43,Gao_0034,21f2b072ddf80509f7a26c16e9d7b746fc759cce061694263ef4479c5eaf50f4,79a9af327ea103eba28cd661ee4a5fbd1877d89cc8909ddb6038947c6ef598a9,69ad7b17e063e2363cfe28b5490d065f8a1fab768fcb3492e93fb6443d37e361,5a30aa78df0ffb1ef729407cb0d99277ed298cb644e19497e5d59b9c9f490269,fb289fe79284d30ffc11a4df4e960fd6e22a123bb44694de0e36519841373f2d,477,426,1169,713,0.5045359408236375
36,1.7100000381469729,3.3245685667094618,1.614568528562489,1.614568528562489,2.6068315334244403,94.41921009031687,Gao,36,,,1.71,Gao_0036,d8a863957d32709ef2d86480befa75941b875dfdd9986d4456f0dae8d46d84af,79a9af327ea103eba28cd661ee4a5fbd1877d89cc8909ddb6038947c6ef598a9,4cb292ca080cf542cb251fe077107de0013a11a02dc9e83ab983f3ac2c8a9fae,57b8d5a98fa5b3943f2969586a2b02d0012e73e9951b784e59b6e6ebe0ad1213,de79c38459743d3b439746657aa910cd1fac1301ef7f3400404fded6a9f3ab70,355,418,1034,715,0.467312193476483
41,1.0399999618530271,1.4225492176443044,0.3825492557912773,0.3825492557912773,0.1463439331064601,36.78358363683663,Gao,41,,,1.04,Gao_0041,79418b87387c597467e864eba74f6cd9dff6050c031f24de3b21ff4b25ea0762,79a9af327ea103eba28cd661ee4a5fbd1877d89cc8909ddb6038947c6ef598a9,2fd462e1db765980d4ee4a73d1e84eb7aa46dbf242af10b345fbdc461ca2c110,6ea9bb16f6b8b0926db7a9f18372cc90275bad35611405d8c6b164775cc30153,da49efb53f1b0f9827f4c228ae19a9323c11f934ffe7371392fea32ce4c7ce37,214,536,1005,720,0.7883690462699947
46,9.800000190734863,3.897370411617921,-5.902629779116943,5.902629779116943,34.84103830931813,60.23091494117948,Gao,46,,,9.8,Gao_0046,4cf1b73be53f6aacf715b887bdabad991622ff5819d46003ed520ab04cb926b0,79a9af327ea103eba28cd661ee4a5fbd1877d89cc8909ddb6038947c6ef598a9,8aad78d982e8433f12072628b546d4fa2cbb7d67bf7545e4694c209645e61872,eae0aab4d4a2e4628c5e4017fc567a26ef5771095d6792b00efb10a989ae74cf,c1b9c499b92a5fb7d7f2ec2d60d3e1870c9ff3c557c6a998c20db0a7efaf010c,631,1082,895,725,0.471023278097288
48,9.050000190734863,5.281614898455025,-3.768385292279838,3.768385292279838,14.200727711071,41.639615611696954,Gao,48,,,9.05,Gao_0048,8dad7c7fc9d04a7022e4f0481b8d958a52d567d442560c38a2ebcd60aefacffd,79a9af327ea103eba28cd661ee4a5fbd1877d89cc8909ddb6038947c6ef598a9,85e69d48d1806e29aab1dd2ea118c2f9375d11027016c6ded0e50b38b1a9ba19,7b4b818002b2d763415b6748985ebcac76849b5db4b3c038c38730ff9ded3b23,4d528d0928cc702bb8db6ba4fbd2a28bc18911fa3acf5c4ebf0b1e8366ed00c0,610,591,341,727,0.8279553920831723
49,6.369999885559082,5.4856948522057865,-0.8843050333532956,0.8843050333532956,0.7819953920139732,13.882339862486228,Gao,49,,,6.37,Gao_0049,ed341b96b55d4c09d46feba8738fa5cf9982a99c8f9826869550247c01874351,79a9af327ea103eba28cd661ee4a5fbd1877d89cc8909ddb6038947c6ef598a9,18eb26f113eae2aa0f78e5ff178509e5a9cd493b2e360af09af4c7c73ba9b9b6,86bcc9f28bc6f76240bafe14dc707330457ba37cc2472957a50f08ff978d4e75,6005c4e7c2efc5ada4374187877f6a4d261404a98ba70881393fdce80c53d743,118,634,430,728,0.866956441531489
61,4.639999866485596,4.177724099395299,-0.46227576709029705,0.46227576709029705,0.21369888483892258,9.962840094657837,Gao,61,,,4.64,Gao_0061,74e70aed8722003457fb8860b788f537e5df6894264b66d3f4fa15d9d0d7ee17,79a9af327ea103eba28cd661ee4a5fbd1877d89cc8909ddb6038947c6ef598a9,da07b4bd2f4938175e3f7e45b4bc4f03fb41ac4c7986b05a227a2effdff9126d,020fff424ab1e7e552299b0ff11bfeac4b5a1d00dbac22a498dce46bc31cac30,b292250e7d48199212c4b764a4c323451a6a62d6576b86a234654bdfa0a3ce2c,1032,10,825,740,0.4776515882219041
64,4.300000190734863,2.96439792024027,-1.3356022704945931,1.3356022704945931,1.7838334249503123,31.06051654072929,Gao,64,,,4.3,Gao_0064,8aa543d125c45966628245005e58dc49406f704a9519d66a52b9fd9ed0389336,79a9af327ea103eba28cd661ee4a5fbd1877d89cc8909ddb6038947c6ef598a9,864bbfc1b24e4fad1b07134ac1665917717e4a4249b44b2ee1e83b8002a81775,757769b7ac7a0a1887462f4c44831b1c2ecac724d572db8f0cee848a28a49cdc,16e3a59ce8f0ae402107e1727d3d3327c834753dd83db93219f86bd1e284ba35,615,566,101,743,0.4345743259749571
84,1.2599999904632568,2.876707394524376,1.6167074040611191,1.6167074040611191,2.613742830346043,128.31011240458133,Gao,84,,,1.26,Gao_0084,e80bd24aee29a5ba8e8df20720f80b347ea216ea981000aaefa02a25a9275d14,79a9af327ea103eba28cd661ee4a5fbd1877d89cc8909ddb6038947c6ef598a9,6979809849b6c58b4e652b9e9f08289130909780d72a37c7e997be4dd0dda405,9a4d11e8d9c7c4811ea521dc95e22cb44fa6a5eabeebed3b622987a4302075fa,811b98a885ffbabb172bde0aa1127a382fe15452294759268c92f4359d4f979d,475,723,584,763,0.7756108875006684
85,0.9700000286102296,1.358505398920267,0.3885053703100373,0.3885053703100373,0.1509364227597392,40.05209885062266,Gao,85,,,0.97,Gao_0085,471ad3d43fdf26456b14895f23221eca11e905d639d266f968f6712e164eb052,0200210bcf15d900163b083f37822f819e4cacf358747423834334ad050b737f,b71ba03471698e3d21656b66381bfe04e598b2ec8d6083793bd8963c47f2feb3,84548fb98258a8df4bb8226f884e2eefd860394539ef42af0b4c3ec3d00b6998,f03f8366fe2583eb2e5c887900d4715acde6535f6e77b58e345f0890573cb3fd,865,624,1122,764,0.7234475049424428
89,2.0299999713897705,3.832098172442748,1.8020982010529774,1.8020982010529774,3.247557926238377,88.77331164784363,Gao,89,,,2.03,Gao_0089,e92beba2fad0ebc223a6d1357b0f7ba8c9daa318add557f3997a8479303c172e,79a9af327ea103eba28cd661ee4a5fbd1877d89cc8909ddb6038947c6ef598a9,3045ae3759fb7f9c57c1fd4fcfeb877113ef4ef0035025a374aff45636dd2ffe,ee38e10e92ff96979cb608d0b433468921ea25baf243b0e3165f3d8219871599,b6c3b90ef2ab17dd3432e05f6c9702e8fb940c6ad50a7ce8519700fb582ac68c,216,1104,845,768,0.4897616272446053
90,1.9800000190734863,3.832098172442748,1.8520981533692615,1.8520981533692615,3.4302675697138287,93.54030987514462,Gao,90,,,1.98,Gao_0090,e92beba2fad0ebc223a6d1357b0f7ba8c9daa318add557f3997a8479303c172e,79a9af327ea103eba28cd661ee4a5fbd1877d89cc8909ddb6038947c6ef598a9,3045ae3759fb7f9c57c1fd4fcfeb877113ef4ef0035025a374aff45636dd2ffe,ee38e10e92ff96979cb608d0b433468921ea25baf243b0e3165f3d8219871599,b6c3b90ef2ab17dd3432e05f6c9702e8fb940c6ad50a7ce8519700fb582ac68c,216,1104,845,768,0.4897616272446053
93,9.729999542236328,5.89507016096965,-3.8349293812666785,3.8349293812666785,14.70668335930243,39.413459010145694,Gao,93,,,9.73,Gao_0093,89017adb7458f7704510e8c1187f5a9dee1006af8e444c3dc56f01c1d0360cda,0cc00e1ba2d95fe8288dc072edf395ee6fc3678daa4e12f6703c7be7d2c5a409,5da2f8159f3f8892defae7d713a8fb374c40e0b169379bc360e672bfc11b5a7b,b5c98d1244ce591777ea9e2bc91158719cf534f67883d1b52200839dc1343dd1,cdb39ba9af41cbcb17ba1614cd461f7d1f9c896de2fbbe2a6e157cfddbdab53d,420,822,945,771,0.6145147527180672
98,3.3399999141693115,1.908408783449985,-1.4315911307193265,1.4315911307193265,2.04945316555424,42.8620110032361,Gao,98,,,3.34,Gao_0098,bc8ca8ff8287ffd6bdf836e1f0f300f341cc107009d23617153c8c590a889b68,79a9af327ea103eba28cd661ee4a5fbd1877d89cc8909ddb6038947c6ef598a9,976c76d44abc671192739c0ec16060b5dec7eefa6c81a371cd71d6f8aefc3afe,82a56eeacc2ffbebd5326d13e5e7b9022276020edc07a2547d357e4c51f4a8f5,599ad234b9df2aee1c0e6027842b8aaf2b5f138b83b2b9fffdf295c4a482aa98,693,621,403,776,0.6467208815820445
114,1.7300000190734863,0.9028046807587737,-0.8271953383147126,0.8271953383147126,0.6842521277295919,47.81475891299255,Gao,114,,,1.73,Gao_0114,e7766cd6847339c7f8a0632070fd053b8990ac4a5c8333fa2d5c50fbc891650d,0200210bcf15d900163b083f37822f819e4cacf358747423834334ad050b737f,c13979f4d03a8594a13e2cffc73ba1a89a7616a61acd89ca205551cd4cbdfcd9,0f7fe77fa42f33ee248fe461fad0d121db44aa47fca47c391989f22da75e713d,590c544865d81238fdd8d34e68f80231e7ec3fbfbdf060b4075b92f092317367,921,76,401,790,0.487603388402904
117,4.989999771118164,4.279945382977476,-0.710054388140688,0.710054388140688,0.5041772341178468,14.22954750920917,Gao,117,,,4.99,Gao_0117,cedd22eb497e9596a8740ae3b09435f314213e7320a098b5a402052044dc8f75,79a9af327ea103eba28cd661ee4a5fbd1877d89cc8909ddb6038947c6ef598a9,a270a519300ac7c3b49fab10a71df0fd5cf9776c45030b1919ff1099ab1467ea,45ff350f6138d28ccc55718872b956d5b52ad40c6702f1c51fd30fce8254ff63,eff5f15c4215b6f211c56b6f748542a290ebb928ec0574a6e86d4baeb35bee52,756,334,1121,793,0.46800970471708886
127,3.0899999141693115,3.572372264201098,0.48237235003178647,0.48237235003178647,0.23268308407518834,15.61075609807786,Gao,127,,,3.09,Gao_0127,97643ed1bd7499d9bf23c7881ee205d1da929fcddb1d09fcfa1657384ec60a22,79a9af327ea103eba28cd661ee4a5fbd1877d89cc8909ddb6038947c6ef598a9,17c953b306b21e1e939635c97bf58c5df39cdbd4b67fe0279b0354ffea006a1e,a223e3492703b719838449ec09d0cb7c5103935b343929af8b406de54feee754,9cc88e8a5c237c668c5ad1982dcf122c14e09cf9496dc76388c2f736cf7c0255,112,759,713,803,0.4368041231344755
131,0.6899999976158142,1.2698316720895249,0.5798316744737106,0.5798316744737106,0.33620477072298716,84.03357630104743,Gao,131,,,0.69,Gao_0131,02c51c556a74cc0ca4a7a250804fdd86a165a0494d730455efaccb0d5a8e5897,79a9af327ea103eba28cd661ee4a5fbd1877d89cc8909ddb6038947c6ef598a9,c317df8784919a812ceed7c528247bc7ccfc8750f222edbe6cc0cf8f8041b26d,13f36a792c5587a9aebfa7e3d56e98f5c04a7670b57d7b1990558663eb310517,81f5c74d0efc5bbcca423423e8e65a819ac12eb818a53d9e32d39011c70619f6,930,95,589,806,0.8967213893693661
132,5.210000038146973,4.337970884719698,-0.8720291534272748,0.8720291534272748,0.7604348444270896,16.737603590064985,Gao,132,,,5.21,Gao_0132,a59954e11d006577fe6b0aceeff35fd90a19c1786b8eacbd7135c968ab7854da,79a9af327ea103eba28cd661ee4a5fbd1877d89cc8909ddb6038947c6ef598a9,9eaaa77166ac47be1b858c576bc1608cd40582a661c2658300e9b921ba77e0ca,e159e95ef813647d7afc5d5bd7c99f78bdad16a492a0cb7da76e7d586a225a68,c296c84440065b01a62b228e0af12cc464a72f8c781573f7979939abd6165417,725,1038,896,807,0.4903746230831142
133,4.829999923706055,4.261580837835179,-0.5684190858708753,0.5684190858708753,0.3231002571822815,11.768511280528713,Gao,133,,,4.83,Gao_0133,9f90cfa70e2cf33a26362718c468f7531af04193b41db41434f179cc90b19fee,79a9af327ea103eba28cd661ee4a5fbd1877d89cc8909ddb6038947c6ef598a9,ad040850fe076f7b81edc89fdea1119a821ad9d1d99be28fd41643417d504359,e93ec2246c0af4fe52bdfe1629ceac32f224f1cbea6a7d6d0239ee3dcf86ad26,7bf7264ea2e7e8e65c1c237dbe3b9e758a6b7521ecd080d6a46f5f0bf7945bf2,805,1075,563,808,0.4808327803533516
135,3.0999999046325684,5.018921509827718,1.9189216051951492,1.9189216051951492,3.682260126884728,61.900698846072764,Gao,135,,,3.1,Gao_0135,70830667ae087b533231a0e7087dcb1d6626805fd1dcd433b93e3f6565edcc67,79a9af327ea103eba28cd661ee4a5fbd1877d89cc8909ddb6038947c6ef598a9,74df3413b73197d40abb5f6c0eee0363cd70db016c8fd423efdc5c1555118187,5c2662a56ec123bd960c78765983e4516a1ecdd720c34d51670fdcfeab777962,26a7739cf7247b8ab63211cf41cecab6aa88fa4856e21a9692ad1ce1e8b5d4cb,529,434,161,810,0.5510950586232507
136,6.5,4.995419159974202,-1.504580840025798,1.504580840025798,2.263763504172736,23.14739753885843,Gao,136,,,6.5,Gao_0136,1c742257e7fe70912d94cf4164ea081f01c4ed64ada13bfb7dca20640063338e,79a9af327ea103eba28cd661ee4a5fbd1877d89cc8909ddb6038947c6ef598a9,ccef8b78299fad02767b50bfb87466c4a1679f1f6ee8f0cdf332190fd18f9017,eeb3677cfd8ca7a6b1d71edae89be917b2bf48629ee42946ff1bd76688c3ac02,29565d825266e6210677dd1b33391988f8f0cc4590f527eb2db7953308a0b9f9,978,1110,176,811,0.5600484217093821
142,1.2100000381469729,2.3087950779659914,1.0987950398190185,1.0987950398190185,1.2073505395308783,90.80950456016045,Gao,142,,,1.21,Gao_0142,3e779f3b62470063086bcd593a485fa5c28ed4e86d15fc66aaf12d01544cd252,79a9af327ea103eba28cd661ee4a5fbd1877d89cc8909ddb6038947c6ef598a9,130ed585b6e1a25a43efacba8b0ce27fd564aea2079891326d938191a913adf2,7ce207ccde3544b4d22cb2f00424abf6f1d193e33d0c887d1f48ade5a023d407,44c66acb32a7dc37414422df1db4fb7529f75b2b5b8509e0c70b3d621f45a160,87,595,301,817,0.7205918781906852
144,4.340000152587891,3.7337466820631877,-0.6062534705247029,0.6062534705247029,0.3675432705232468,13.968973484095413,Gao,144,,,4.34,Gao_0144,9e916c699e9571d47d5e715f24a14a25731a0acb27c62c1f6174499b62bf153d,79a9af327ea103eba28cd661ee4a5fbd1877d89cc8909ddb6038947c6ef598a9,0fcf7261dc5ca660f251301e757b2955a2dede2f119a4bebdf4f71f28cbb3d11,d1c46a6a694ae0dbfb4951ce2c23d90ce82293fc812f0042f72cf8e9b9da7900,4ff1384b3c72b88e5777097d08e5b8baebb9a57672ba3905dbdb073fd8f9faef,71,970,352,819,0.4863634730038402
146,3.5299999713897705,3.034393593816474,-0.4956063775732966,0.4956063775732966,0.24562568149132505,14.039840838247233,Gao,146,,,3.53,Gao_0146,2cb3494ebc714f06d765367eba09284f29c5214205863b5d619618f37e989a3b,79a9af327ea103eba28cd661ee4a5fbd1877d89cc8909ddb6038947c6ef598a9,9b9b24fe199787cf8942330143219e98a0569ce053704a6d4ba5f662fe3fc764,61b1efd904743440acc4b1e719b91d17e4016715d31ed7e362c76d0bea1ad9d7,356220e8753e2a36fdfe98bdc8be02ea314519fad220a2bb7c7e5d684798e6da,708,464,239,821,0.4511384555216017
147,3.690000057220459,2.761077627097026,-0.9289224301234329,0.9289224301234329,0.862896881186424,25.17404920646955,Gao,147,,,3.69,Gao_0147,1866d655f119dd8f042d839bd8ecb83afc1deaa6f96401d320c39c83294ba85b,79a9af327ea103eba28cd661ee4a5fbd1877d89cc8909ddb6038947c6ef598a9,5b1f0f9325fd7934d75cb935bfab2bebfee09c75dbd29d74d68a3d39069d2dcd,97149cfe160ee2422c07d342ad3a06bd164010815100df6b3bdc45d6545aa9fd,b2a186ec001402de34c09c21709a719ad2bee406f1eb59f1d3ffd59bfbcc57e1,413,705,826,822,0.47303998220055227
154,2.869999885559082,2.9101587368710207,0.04015885131193864,0.04015885131193864,0.0016127333386943955,1.3992631677096952,Gao,154,,,2.87,Gao_0154,cee0ade1adedac4f1c350e305dcd1e81a22bd11836bc2ff5390b807f3313e84e,79a9af327ea103eba28cd661ee4a5fbd1877d89cc8909ddb6038947c6ef598a9,9be27402d8c63fab6396827e7de984f270384e99c6de4f13f113e7509fe1ebac,4a438bbf8f06b20c3c4071fc35700375fe00e523d4604b8032978bd882d8bb59,0d73f7074413951eb9803af133f16b075ecbd4413725d52d7662db0a24d38f2d,712,352,66,829,0.447485886849418
156,2.509999990463257,2.9101587368710207,0.40015874640776383,0.40015874640776383,0.16012702232663303,15.94257959873174,Gao,156,,,2.51,Gao_0156,cee0ade1adedac4f1c350e305dcd1e81a22bd11836bc2ff5390b807f3313e84e,79a9af327ea103eba28cd661ee4a5fbd1877d89cc8909ddb6038947c6ef598a9,9be27402d8c63fab6396827e7de984f270384e99c6de4f13f113e7509fe1ebac,4a438bbf8f06b20c3c4071fc35700375fe00e523d4604b8032978bd882d8bb59,0d73f7074413951eb9803af133f16b075ecbd4413725d52d7662db0a24d38f2d,712,352,66,829,0.447485886849418
158,1.0399999618530271,1.747807757689221,0.7078077958361939,0.7078077958361939,0.5009918758464912,68.05844440369522,Gao,158,,,1.04,Gao_0158,1c8f708d8095b8b8f3a223fd4d592b04be16f5436fa320ef06cf3cf3aac06ec2,79a9af327ea103eba28cd661ee4a5fbd1877d89cc8909ddb6038947c6ef598a9,053aaab9baa88244292e0c09a1e056cbd5f8b84f8daf90e7519a132636bd6d4c,5bd839de61c20abc412a3bb5154e0cb975f5c49a9d0ed145ca426ce763871c87,1bd19e7b958cf23e503cd76deab6377d50def9b51365a1f2e8a6cccc0152382b,24,432,115,832,0.5403174419508298
161,4.25,4.464776558451133,0.21477655845113297,0.21477655845113297,0.04612897006011294,5.053566081203129,Gao,161,,,4.25,Gao_0161,555005dca41aa13c02860543e1c61c03ecdb013a7754a9af22a37fd792b42a4b,79a9af327ea103eba28cd661ee4a5fbd1877d89cc8909ddb6038947c6ef598a9,ed7a66caf8e0eb2ac01cf3959dcd1c69e9a7b79f1b0406f7fd5a5e8154ba3396,e4e4a1dc92e77fa5ee5e1290558c9079dbc5a10514a726b213d1a2d4d347a537,854c2918ce8b2c181f5d14ee1bd73100e5e833ffbedd7f6f0de4050689df7163,1118,1057,606,834,0.4998735926315081
166,0.699999988079071,1.5711503695733477,0.8711503814942767,0.8711503814942767,0.7589029871776238,124.45005661855421,Gao,166,,,0.7,Gao_0166,907df83babdf5eea703f8f88a501fce5ee9a6ee8d2fe039802994e4c996b3e78,79a9af327ea103eba28cd661ee4a5fbd1877d89cc8909ddb6038947c6ef598a9,fa360cdbdb07938e265ae5014a86e164e13ed5a95272a280ccf74f45d548dd4c,e8c88a43b15863f357debf9abae66fee98efd7180d1d348c8e0e030e417ff9df,3ed6cfbc415ff064e36d4ffc5aeaa5e65455eead04b38a02aa30f63e18318f89,1167,1074,272,839,0.7784464254066634
167,8.010000228881836,6.8378960401705,-1.1721041887113364,1.1721041887113364,1.37382822919466,14.633010676891796,Gao,167,,,8.01,Gao_0167,c0f72a8a0040b1248381a34b9ba9a722d59b730d20051d070c1fa219274bca30,79a9af327ea103eba28cd661ee4a5fbd1877d89cc8909ddb6038947c6ef598a9,c119789f8b1aff9d96e3ee38edef3e963560dd56f83c0d04e9dfcd8abef1f2ce,79625f8bd5b99aaf229fd457f17e81dbd0283af253d9218719cf001b6b8b2c91,d4584a09fcd6b6a8903b6ae8323c4e25ad684b3aeb1fa5ae0cdfcd616b253c21,919,580,968,840,0.800018586050769
173,5.210000038146973,2.7000848645030864,-2.5099151736438863,2.5099151736438863,6.29967417888782,48.17495499552014,Gao,173,,,5.21,Gao_0173,a84f8673a8c1102bf7364f085f1201f0aa12454610ae33f9a9a5b4472cbcc73d,79a9af327ea103eba28cd661ee4a5fbd1877d89cc8909ddb6038947c6ef598a9,2214d03497fded62d375444b51858a437bc5af105f17f3751eba1ee5df0fedcf,bcae5c6828415df52bfe500db6dd874eff4f2e754194bbdbc0562dd7f5922af9,9f382e46738d7227140fa24a243c07a0229a960bbc2f4bf2125558d55007fb63,157,868,726,845,0.5589128029050646
176,7.199999809265137,4.406243064615986,-2.7937567446491505,2.7937567446491505,7.805076748272619,38.80217803692266,Gao,176,,,7.2,Gao_0176,0245fd26bf56ce3c8a3d7bc48ca8e5c0d8a8c3632a52312958154092a893d584,662249b27f71717e6cd10bc40d9d82bd63bbfc14fed03ba60280ffb003a773e7,bc075becc9b7388613f2fab65b85b66e133761792e07d1f093667ea75ed91942,6435f9cf9bd904ffe16dc8dec7e6deb26438c3352b590660e538cf4389e914e9,58fdba572cb507cdaeaf2045ae1b43ed47f7eafd5ce5ba9bd6c62e7600611969,889,478,399,848,0.4854401823256693
183,1.659999966621399,3.615270706686643,1.9552707400652443,1.9552707400652443,3.823083666955288,117.78739634825479,Gao,183,,,1.66,Gao_0183,fc0b10903075854f65744f24c8699fdecb5daa6102b7cadbdaef4d910bde83ff,662249b27f71717e6cd10bc40d9d82bd63bbfc14fed03ba60280ffb003a773e7,41040c6d25181a6f24d110638352af34e616f675109567f856be2ed1ac5035b0,1d6ff06969ee2a1b42fc705ee8307e97840ee275baa6edda98e14a759fd794ff,c5e667d9eb7ec4b041bf39c935d70b2f5d5d9f71a6dd67d2b24e46e5f37a0c19,295,144,907,855,0.499820702582161
184,1.1100000143051147,3.70739205993048,2.5973920456253654,2.5973920456253654,6.74644543867792,233.999280374009,Gao,184,,,1.11,Gao_0184,4075d78f2f61dd2cb7acdb8e4a8f9473d226c03dd6bfe112725bf40245f02f54,79a9af327ea103eba28cd661ee4a5fbd1877d89cc8909ddb6038947c6ef598a9,f9cd854ee8fcc052b67e93d092d4207e83ee222c2be1916777716842cde91d4c,d1620e64f3f8f4de5b4003efc2f8ba3f4b727c4ff1e171dfc502101d98b09fcc,f6b8e22cc09539d092cde86ed5deeecc128a1c67eea8876eb0c6c5511ee09752,1164,969,1155,856,0.5195963066512472
186,5.199999809265137,3.7296140288362407,-1.470385780428896,1.470385780428896,2.1620343432874938,28.276650660813978,Gao,186,,,5.2,Gao_0186,91ae723a8c0799551ff13f3f3433652c8dae654c233417c031de0aef1e470643,79a9af327ea103eba28cd661ee4a5fbd1877d89cc8909ddb6038947c6ef598a9,e46576f4244600ef94856f88b24259182b936a9c6d4be2bf8319965c590159a1,c43b18447cde62a937236592643436180a1035f3737555ecb889a094299a1840,794d8b2d698b98375a8b16ba79e4cf9cdb914d10a679607053d39b188e24b5fc,1081,901,547,858,0.506469961584696
189,6.599999904632568,5.5661542155955095,-1.0338456890370589,1.0338456890370589,1.068836908740511,15.664328848117076,Gao,189,,,6.6,Gao_0189,88396f3ea512153dba9e47b29c009cdfdceac03900ac3a0a545fb8f3b09f7fb5,0200210bcf15d900163b083f37822f819e4cacf358747423834334ad050b737f,164b177b6e79bea4f320a7ad8608ee2acfe95080927a3a3651cfd51541d44b70,9476cf0bb11409650641023a10cfbc00236a3c23c53ecc031786e47fc740a44e,58b3743fb7d0a04a11b4d3cbe7f3f78d1bb29724b3a239edf116dd9aec928143,103,696,397,861,1.3254960889159602
191,5.360000133514404,3.9281272392461797,-1.4318728942682246,1.4318728942682246,2.0502599853400625,26.71404586942398,Gao,191,,,5.36,Gao_0191,7284e212b9c46bcca3f72722050c1c37a391ee1c0579d1d7608f04ff699ebf23,79a9af327ea103eba28cd661ee4a5fbd1877d89cc8909ddb6038947c6ef598a9,81d98978b6c48ceb3f71e273ac990fea79aae505f317f3cf5eaeb1dd90406783,7418cfdf3d39fea154dd265985545fe59c14f7a83ae2a5422a130799192e6d03,364fb40b3dc7b2a0d703d155f0cfea62ec23a4c3e2bb2287b25eeb549f9a6938,592,561,242,863,0.5597480039506475
193,0.7599999904632568,4.445479102654033,3.6854791121907757,3.6854791121907757,13.582756286394508,484.93146821545315,Gao,193,,,0.76,Gao_0193,e47f54cb864fb7c0a387969d200545f41f39333e629c6f76ded9a08fb1309b0f,79a9af327ea103eba28cd661ee4a5fbd1877d89cc8909ddb6038947c6ef598a9,41830b39764d780169decbd037df8df8d2d3c1dc4840ea5b27e6402a3d0ac142,3ccb9e335e69c8f726accef54c625df4d08eb1ea8b05d1aae8c135989b1a3553,6d80add0ad02516f4a997044f0647feb847781fa2bca4b25760817e2f4cb9446,300,298,495,865,0.5683702300675574
196,1.149999976158142,2.487976815440867,1.337976839282725,1.337976839282725,1.7901820224569907,116.34581452362858,Gao,196,,,1.15,Gao_0196,71d152cb857c17e5049fd3fc839e66d64d3fe7d701749be1effbbf5f9c606217,79a9af327ea103eba28cd661ee4a5fbd1877d89cc8909ddb6038947c6ef598a9,53e918b25dfbc20260a7991c62cbdbb0f823dd6c84e0e2571ab838d9ee341258,f68c6a475dec566c62334a2d60a2f325505db68f4bd24f48548fd20046371fb6,9d76b974a9bf50299a3bd8e2575a53032485ad25af89fc65e695162ce40c0a41,383,1147,717,868,0.6861779999455525
200,3.009999990463257,4.063321387413705,1.053321396950448,1.053321396950448,1.1094859652736433,34.99406645474227,Gao,200,,,3.01,Gao_0200,297fc6f93155e582f1f7e32b06822c30781f25a9994654498ab12b3513b5376f,79a9af327ea103eba28cd661ee4a5fbd1877d89cc8909ddb6038947c6ef598a9,7703b58fa7ffbe6f216a33b5ec1707b720b1641f41c8f9d8b1e1860f8b41be67,2371e84963bc38fbc00747e5a773b2cd830d0d56c82b9684418eb731e45b0552,b6283ffa294ddca185ef645f3093ce853c93ce1575d2e2478b2c92552dac54da,542,174,843,872,0.4315867302901175
201,2.450000047683716,3.5521512645305973,1.1021512168468814,1.1021512168468814,1.2147373047970615,44.98576307738767,Gao,201,,,2.45,Gao_0201,e1be0d1bc09dad5d00148f1d307c65da1f164661e70c9cfaaa03b191a20240b0,79a9af327ea103eba28cd661ee4a5fbd1877d89cc8909ddb6038947c6ef598a9,d1cdcb937e95e11fc7b5ad94d9df9b85a42ae6f2f5f000c9c98537ccab0e721d,672683cf2edf9b9785cf94910675e2967eb21d804d69b47334ba15faf86203a8,a6e9e2580ab6b05fc0f419972940922ca6584cb8f15c599f9843884bd5103b2c,999,494,769,873,0.5179140326753098
202,0.8299999833106995,3.6429874519310377,2.812987468620338,2.812987468620338,7.912898498615058,338.9141596605712,Gao,202,,,0.83,Gao_0202,89eaea9e4e53ec04c8c2e8c217f23dfe4295d33ec0414b20fd6aa580ba44a123,79a9af327ea103eba28cd661ee4a5fbd1877d89cc8909ddb6038947c6ef598a9,94a978618b39832cf0dac4a46d88f798835b1bdd5778bd40093d2e2d4795db09,0a3486358f2246f0dfb316352ba56e70a96fdace288d7c04861350b7e2f8decf,063a0ba49c134ce0b28deb1bb52083530832442a5d92a4da96dc3df0c67a391a,678,52,27,874,0.5045707431994854
211,6.010000228881836,4.473187427709599,-1.5368128011722373,1.5368128011722373,2.3617935858468586,25.570927498253393,Gao,211,,,6.01,Gao_0211,54a5f59df902cef33e997fb7a72905e6514991bca5c6a9a66bbeb323a90bc729,79a9af327ea103eba28cd661ee4a5fbd1877d89cc8909ddb6038947c6ef598a9,3f136c6440a6d7e7e267ec5fb66ab6c990681eb6a18c81446ae564cd7b8fffd6,79acf90af40b1654acde3b76b8ba0598519ef368306d7c5141fa15aaac2dbed6,262d942daa6643125309676c9394ce8f9a9ac77cdaf1aa5fb7297ec6705d93d1,283,582,157,882,0.521932281984287
233,1.850000023841858,2.3561707451792047,0.5061707213373468,0.5061707213373468,0.25620879913916994,27.36057917913926,Gao,233,,,1.85,Gao_0233,2cc7fe924219f19a4197916277931bdaf43fdef42734e7e1381d9e798b43b45e,79a9af327ea103eba28cd661ee4a5fbd1877d89cc8909ddb6038947c6ef598a9,5f4ccf59e425419973cb0e80fb5b842e235818a39561ca1538e793d7031dca53,17e45239935035789cfcd1c336e94f1147c1b24c2f95960c696b04bcc996acef,3ea3a499ec3e7a6cc70bc9c5c6c4bddea4d88d16dee3022440d627bb664dfcdf,430,120,270,901,0.48448443874217934
234,1.0199999809265137,1.804982062023465,0.7849820810969512,0.7849820810969512,0.6161968676433005,76.95902899761971,Gao,234,,,1.02,Gao_0234,2de551292816eafdfeeee7b0aaffcdb2bdbdbdcfaab7e42b469f929347df39e1,79a9af327ea103eba28cd661ee4a5fbd1877d89cc8909ddb6038947c6ef598a9,81f6e823f14bafd77252e3c59cf7bcbf21409d6fa8166593e74942818a58c6b3,9e087c453c6bf882739d66da0ed8f1400ad5e220317b8be41b68d4abe92dad19,09323cdfeb62998d64c83ae9ec81f6a4aebccec9dc9b08e3e7bfd0595c07f957,593,736,44,902,0.5360523314760365
244,3.009999990463257,4.164401715344722,1.154401724881465,1.154401724881465,1.3326433424093018,38.35221689498397,Gao,244,,,3.01,Gao_0244,794e9e061e273c73ff7ad6cbd17cba865ca3b57c19e967a72372e004b27eb945,79a9af327ea103eba28cd661ee4a5fbd1877d89cc8909ddb6038947c6ef598a9,2d50d92059553feac060e1925f789a260abd07b2169c93119fa1050fd2105e5a,e3fe61c360390d05d804154a0ff06267641ffa5cb1473ace27e4223c6b9227a1,025064028f942b0e646d4b9b450c04ee25c07670bf323b0ecc536472500ba562,198,1050,12,912,0.5601759119638917
250,5.730000019073486,3.596791357097059,-2.1332086619764272,2.1332086619764272,4.550579195531259,37.228772336397945,Gao,250,,,5.73,Gao_0250,bb20ea582c5faf364d5b9603be6a4413bac1e9c3bd663094920f9d72de034a14,79a9af327ea103eba28cd661ee4a5fbd1877d89cc8909ddb6038947c6ef598a9,865b36e508d215c2df540a3453dabace24b63860c51f2011b1586addbdbcb84b,f874e7f7392cbab0bd134f5489b644cfedb60ff56d85c9edad1b2f6034c296fa,61407a69c7f624f545edaeacc490e60880ff9cd4836810c5956d272779287468,616,1156,437,918,0.44025984068388213
277,3.2100000381469727,4.693307801048355,1.483307762901382,1.483307762901382,2.2002019194835025,46.20896402722932,Gao,277,,,3.21,Gao_0277,3056fff04d4498bb6cebfb48a97b2ec188d1adb404ba7cf573f42f44e21adb2b,79a9af327ea103eba28cd661ee4a5fbd1877d89cc8909ddb6038947c6ef598a9,35fbd6f9dfb7f3d8ecd56396a0d6e9454b1596d2c4020a1f58116b92ab1b380a,1e765628f9d8d8234987735404f90187f2e20ccb1e8a4fb34aea573bd21f7e9e,a32f41262ddc7deaf852d80f2b2377b1c907e005b8282152a6c8c884bb42f57a,237,151,744,944,0.5210242819855724
279,7.630000114440918,4.995419159974202,-2.634580954466716,2.634580954466716,6.9410168056387525,34.5292387280621,Gao,279,,,7.63,Gao_0279,1c742257e7fe70912d94cf4164ea081f01c4ed64ada13bfb7dca20640063338e,79a9af327ea103eba28cd661ee4a5fbd1877d89cc8909ddb6038947c6ef598a9,ccef8b78299fad02767b50bfb87466c4a1679f1f6ee8f0cdf332190fd18f9017,eeb3677cfd8ca7a6b1d71edae89be917b2bf48629ee42946ff1bd76688c3ac02,29565d825266e6210677dd1b33391988f8f0cc4590f527eb2db7953308a0b9f9,978,1110,176,811,0.5600484217093821
280,4.96999979019165,4.822067258381607,-0.14793253181004307,0.14793253181004307,0.021884033967729404,2.9765098200203055,Gao,280,,,4.97,Gao_0280,7b5c7533890c45416746363462dbe72491f3567507b2f45e258e02697d55e3fc,79a9af327ea103eba28cd661ee4a5fbd1877d89cc8909ddb6038947c6ef598a9,878ee8d9ffa1659e4cbfa95d4b7cf0d3860f0638f7b3171317099395908ae1e6,200c59a229538ee2582d0e9e4c504ff7a66a1b99ed65e86e2bf57d34b03fffa5,f72fdbe50cf701854f21dcb28757caf572fa889770bac9950e0077128ec4e8e9,621,153,1156,946,0.525761736463717
287,5.099999904632568,4.122348513933692,-0.9776513906988766,0.9776513906988766,0.9558022417354475,19.16963547020521,Gao,287,,,5.1,Gao_0287,9ff94dcfd4573344a1ba9c635409277df70d857158080c9bcb0b115492562190,79a9af327ea103eba28cd661ee4a5fbd1877d89cc8909ddb6038947c6ef598a9,789a39088cc504e80f2a836a99bf6a2d2f44bcb9730a05c7901f636a99f90bd2,ddb2d8b61ddb4ec7cca9aa23137e52ebc6497720ad31c50dbae66ccc06b940d6,41e8a4e3fa7c68e198c8532feb961bd10455e5b3c1021ddb59fcf49b3b338671,554,1017,289,953,0.4717624642498889
296,5.199999809265137,5.161745092656353,-0.0382547166087841,0.0382547166087841,0.0014634233428183821,0.7356676540761307,Gao,296,,,5.2,Gao_0296,450932e86bf1da0e1f7bccd85fcf12b0ff8384e7447e40c6c077a961cb0ddd5c,0200210bcf15d900163b083f37822f819e4cacf358747423834334ad050b737f,e268403764d3c0975902120330ffc574cddc2647fef694bc64384c470f6c137e,f2d21503596409dda6e945da0acdedaf88433903c27d96685920e7a78643d04f,28c1fb75437e05537587378b0dc21f1055c1ac4ae2170e6624007d219aedebd0,1072,1130,174,957,1.3160806776394687
306,0.270000010728836,1.3075976371765137,1.0375976264476776,1.0375976264476776,1.0766088344098543,384.2954019323164,Gao,306,,,0.27,Gao_0306,36be1566525e31fcf85cedfe055b7e2ddf1c34aec3e5467504a8bbd63dc73908,0200210bcf15d900163b083f37822f819e4cacf358747423834334ad050b737f,f8bfcfe81ce6be70d57217bed838a8abc2e92cc3a1e5245441e64001654bb737,d5b0f78bc738f2890166368f0361e7672f7b2a996a0fd53280ece2fe8adb5351,06593e436bdc7add2672e7e659f324d411e73d9211000953b49184278d52e5c7,1157,991,29,967,0.4538638929263857
315,6.329999923706055,4.407552195067453,-1.922447728638602,1.922447728638602,3.6958052693477197,30.37042261942173,Gao,315,,,6.33,Gao_0315,80ddad8b5f123822406dde619b434cf58dae85210d7d29977e0a7d0b22a873bb,79a9af327ea103eba28cd661ee4a5fbd1877d89cc8909ddb6038947c6ef598a9,aa91d502c6af30a01da990efcdb03165378873605e86dbba0f19730f05f3c3de,304a8fc706548f007942520c5efc069b867887f0e236765967fdc02f74877d75,86a22df0c6f3efc73995436b96155f69d1d59c5f696608d9f327250723549811,790,243,610,976,0.5234088187196908
318,6.849999904632568,5.482204968386357,-1.3677949362462112,1.3677949362462112,1.870862987620777,19.967809566262748,Gao,318,,,6.85,Gao_0318,49300ea87acb9671c768eaa3a303d2cfb3bfcdd0bcbf8e535fbbf9d21b627ed5,79a9af327ea103eba28cd661ee4a5fbd1877d89cc8909ddb6038947c6ef598a9,af4c8c0e4d3e9d4ae1122f9709f15ef726f7de540c53d85d9c0c2d8a13713537,5c8a02a3025f5f7c9463465e5f85eb625525cd8e2a62d5eb7a1c2eca27b7605a,6fd3b45b13f5ca65a9a4bf70a060fcbd02c53f5760f78931eee1253bb385afa7,813,436,507,979,0.8182898029717041
320,3.369999885559082,3.199324391856052,-0.17067549370303015,0.17067549370303015,0.029130124150773082,5.064554881274577,Gao,320,,,3.37,Gao_0320,e7d661de70177d86b50b57163ccc57c253849400145b150c41ca197ccfa5c435,0200210bcf15d900163b083f37822f819e4cacf358747423834334ad050b737f,900557818cd61d08fd597fc0b24671a5b76af8c872b8ec940be22506a2d24e9f,82727d506a864cf1eea5ea544e2758b7221692b34b6bb45ed4273382ca5f9618,809d1989b87499e27a23c18b56f4788d6889c2a6811d7e7f8b496d25c2c2b09c,662,620,580,981,0.6299797170397786
325,5.039999961853027,3.5327648195889916,-1.5072351422640358,1.5072351422640358,2.271757774075688,29.905459398255225,Gao,325,,,5.04,Gao_0325,c7a19bffe9edcff1fbaa501122071159dff5d590447bf69ca5d6ae9f0bfb5893,0200210bcf15d900163b083f37822f819e4cacf358747423834334ad050b737f,ef80a4b84aec4e884439eeb6572413d205f963e507ba6ef826cb002f6ac38eaa,f5fb165034d30071600d7fec16b09813a5aa8fcc19d4573c3e36f063c228879f,83f3b84e123803396d65a98e096bce1fb8188a813b61de328cc8fcdb8ca578fc,1128,1145,602,985,0.5768351898307809
326,6.039999961853027,3.5327648195889916,-2.5072351422640358,2.5072351422640358,6.2862280586037595,41.510515862566905,Gao,326,,,6.04,Gao_0326,c7a19bffe9edcff1fbaa501122071159dff5d590447bf69ca5d6ae9f0bfb5893,0200210bcf15d900163b083f37822f819e4cacf358747423834334ad050b737f,ef80a4b84aec4e884439eeb6572413d205f963e507ba6ef826cb002f6ac38eaa,f5fb165034d30071600d7fec16b09813a5aa8fcc19d4573c3e36f063c228879f,83f3b84e123803396d65a98e096bce1fb8188a813b61de328cc8fcdb8ca578fc,1128,1145,602,985,0.5768351898307809
335,6.239999771118164,3.9669375962550095,-2.2730621748631545,2.2730621748631545,5.166811650793614,36.42727977946444,Gao,335,,,6.24,Gao_0335,f2dc56822190a6f97cd24b74c1b1e6e6da04970c02b59e8b8a68f1a1c0bc5896,79a9af327ea103eba28cd661ee4a5fbd1877d89cc8909ddb6038947c6ef598a9,1b50b7c1fbb81b71fd3f97de6fbb4ab2f7cb3a897d25fdaed71ebae4778cbf30,aa932e4e71702a8411e79ac1fdbe9bf89ea33d6ec8660333e409c0ac8709cb01,314ebed91e4e1ff02494159d3e8487f8a2314c700593d4db05e8be7010789e3d,131,784,223,994,0.46946381607636856
338,3.660000085830689,2.683810773462352,-0.9761893123683367,0.9761893123683367,0.9529455735821661,26.67183851026541,Gao,338,,,3.66,Gao_0338,b9dbdf3c4e3638807ae49b062390af089cfc16012f44a63b7e40d1fd896dc439,0200210bcf15d900163b083f37822f819e4cacf358747423834334ad050b737f,11b99517d5ad01d252182f6fa988909c6b861ebd5c11edf65081d41ea97417c0,5b99abb4cdbfa6ee9de8d7007f5ccf125f47557470bbf9fc9400de3453f9ef83,d280c881bf716b33d79fbdbbf24ac612e7fa357659b360c4edf0f19db566f414,77,430,957,997,0.5044940636064341
340,3.7300000190734863,2.542837661091644,-1.1871623579818422,1.1871623579818422,1.4093544642090077,31.82740889842482,Gao,340,,,3.73,Gao_0340,d4fa0da7ee8e40cffcf8d3cf58b5b079c634ca013f1578675ef6d01ea87f6ad6,0200210bcf15d900163b083f37822f819e4cacf358747423834334ad050b737f,6491c15bbde8969c4ffd1de96bf19b34e770ee7587604a55d6be5ddf2e8a846d,79e7ddabe8acb87aa51ef4ede4d4bd1a3b5624b924e058a9df33bdff17a0e911,95117467ac979a561fc7ad725f81f31e0329a41427fd2154e022ae77153286a4,454,583,679,999,0.45971364013522226
344,0.959999978542328,2.680480632451501,1.7204806539091733,1.7204806539091733,2.9600536804757365,179.21673878801178,Gao,344,,,0.96,Gao_0344,b62559473f5485f5dd53fb1ef334fa3fb565c1aef7fad57f315dac2882deafb0,0200210bcf15d900163b083f37822f819e4cacf358747423834334ad050b737f,aa1090168526d9d382795bef028450c5f3517b95e013a82e5f5b5ad45587e2c3,adc0102361a6d936f54d830a41c9744ac508d4b4cca7ca9aad1e80c137b9111b,0df3d26a7bc6fbfa4f48045f1be173c10153ab4b459e7a62eb134fa85e75bf29,786,793,68,1003,0.5188032150388983
350,5.03000020980835,2.053254803808609,-2.9767454059997407,2.9767454059997407,8.861013212140561,59.17982667665056,Gao,350,,,5.03,Gao_0350,541e45838aae9a0cc229cf43a4f3ccff5e62ec3e2a397861fe839ae8f98105c3,0200210bcf15d900163b083f37822f819e4cacf358747423834334ad050b737f,bec3f24233da60884004327bc5c76d0702aacf19353a51b763edfe8a68889910,151cd153d2dcc4c199edd22dd5d0c36a03697bdc412cc34b173aba9f7757c91a,a3c20fe20cfa668a6bd99939ef7a1e8aecd2861ae13caf875bd2ac2cb79a409c,905,104,749,1009,0.4406233234938086
351,2.3399999141693115,2.547005560138438,0.2070056459691263,0.2070056459691263,0.04285133746309525,8.84639545136959,Gao,351,,,2.34,Gao_0351,d5e922a17ff3c801a073660d65456478314712bbeef2f1dfe6f975b661fe005d,0200210bcf15d900163b083f37822f819e4cacf358747423834334ad050b737f,061a9dd9928c933abc50e8b94e78168976b58abc0ef2854f4743790866a8e41a,269cf1cb53ac76cada7eaa1789a08d9a68bdb6219140aa64a418ba4c1c9f9acf,e9cb859b77df5fcfeab727c9db5579d83e64e26947823b7c4ec0a44b0693c091,27,193,1088,1010,0.5036699806343575
362,7.300000190734863,3.5338502484973113,-3.766149942237552,3.766149942237552,14.183885387415916,51.59109375116917,Gao,362,,,7.3,Gao_0362,07d48aa15cbecfc609164455e0727b6bc037c322c803f4d9392fe12fabca4ad2,0200210bcf15d900163b083f37822f819e4cacf358747423834334ad050b737f,3aa8505d7005fc4397d271173b6c1cc2e3583dc7e73e98f2bd60cea00904114c,27cf2f3f5e4f642cfb5a68806f4d5c2b4487e08229bce97e0214b55412cd5c11,8fe44c510f8ad49e3277143de52d638560f8064811733ac2d59cd67463e25b2c,261,197,645,1020,0.8440197152791894
373,1.2999999523162842,2.3618761572507347,1.0618762049344506,1.0618762049344506,1.1275810746059913,81.68278799106454,Gao,373,,,1.3,Gao_0373,26e29b89ebfee4fd71656c3da19abb9eae0e3acdb4b12d77d6a63ce17b45fb44,79a9af327ea103eba28cd661ee4a5fbd1877d89cc8909ddb6038947c6ef598a9,14ad23bd47d3a75bf1a4b64682c1d8d09e2fd46174abc2816486727b7fab625b,c969c649d03aadea06c966941806f48fff1fc69824512e96c8fd48f518a28f6f,78dcbfcd5f9c417b2226575bddb67449ad32d618783ef44b1c4eac102a2ce895,95,923,546,1031,0.6152208258118012
382,0.0399999991059303,0.6663279124341979,0.6263279133282675,0.6263279133282675,0.39228665501414184,1565.8198183194702,Gao,382,,,0.04,Gao_0382,36e29334fae21893e934b8d7b7ecfca378aa3972942d5bc6d1f7e1c9b8106fd5,0200210bcf15d900163b083f37822f819e4cacf358747423834334ad050b737f,68d2c2cecebf5bbd08560566e6a6f5bbd3665b986bb6f17f48576bb3d4c83eeb,ba8c7a07e97539637d7219d66775bb2fb80255de26ecbe8c99be3b8a37e3bb74,4c87533d71710f69d308f1c53305979b26dd8f27e3077d0656139150b66acb41,472,854,333,1040,0.47352486042133407
384,0.4199999868869781,1.1911710477111364,0.7711710608241582,0.7711710608241582,0.5947048050526575,183.6121630717289,Gao,384,,,0.42,Gao_0384,9f5315600bd783579316731c5b09ea26d88ef7b93c33fb5f7258a9e5a9127acf,0200210bcf15d900163b083f37822f819e4cacf358747423834334ad050b737f,c452438830045f9656917f0e33440a395030725044287c95454a6b38d3854e90,1388720ec9e9c03d3faf51e9c3eec93a0d882dcf856469f9f32f7b8aad9716ae,0c568a946cf062c6ba57f2cdb35817525e7595b92fff540e191379e44cbe9fb8,941,94,61,1042,0.5107071883230804
396,6.420000076293945,4.674350020909073,-1.7456500553848722,1.7456500553848722,3.047294115865207,27.190810508410124,Gao,396,,,6.42,Gao_0396,b96b01c477161db9710996f909dfa67e3977b982843539adfbeec6dc067bd1fa,0200210bcf15d900163b083f37822f819e4cacf358747423834334ad050b737f,b272e54d513facb74876a8430725783cb930054fe584b8050b9f323df7685d2c,454d223bc2fd5896bf6c45b008ec650216f8f84b1a84cc04fe9cf1317e40d85c,e4d5bb7459077f7dcd2f7df7a73a139bb86372eb175b0bf507e04b942fb07afe,829,332,1062,1054,0.9838060046607208
419,6.320000171661377,3.9982136027647717,-2.3217865688966053,2.3217865688966053,5.390692871508671,36.737128256853566,Gao,419,,,6.32,Gao_0419,18a0510bd9c23fd41a1529f6ddb5ebc9ed293a211c7b72f680009290e1dc9ad9,79a9af327ea103eba28cd661ee4a5fbd1877d89cc8909ddb6038947c6ef598a9,25b64befc21404a1eee612e9d596363f76c1b340a341462cabb986e1526c578f,9160407b21d925b989700a0e96f4f456779f6d7336eceb010f5b379ff3811de5,b0c7280cc48319dd0b973b05c0f7c25140d24507f50787a0ac5386cd95734aeb,168,681,815,1077,0.5244724502823236
422,1.8200000524520876,4.394249573792561,2.574249521340474,2.574249521340474,6.626760598121659,141.44227731599156,Gao,422,,,1.82,Gao_0422,97bec8f09b20f18b297818d0cead334579ff7b6113ac1905ab6b270293d079fc,79a9af327ea103eba28cd661ee4a5fbd1877d89cc8909ddb6038947c6ef598a9,71a3858913f878c4ff50f93ff4bd82d24e8b005ed8e40c1f701116015cc15e5e,1a1fb7f06b07afcf63b25b5b7dbc2c5a70e7880b5a39024cd23670d0923a20d3,b4c6071e6d4a317610c3363d02949797574b8d5cd445fa0c33a65dfe46a763e3,515,133,835,1080,0.46192480295083965
424,2.9200000762939453,4.395629691605521,1.4756296153115755,1.4756296153115755,2.1774827615845886,50.53525947795316,Gao,424,,,2.92,Gao_0424,10b22f5368cef31760abaa25ca840018ab98c24f5af37e814ae9f6be956d2231,79a9af327ea103eba28cd661ee4a5fbd1877d89cc8909ddb6038947c6ef598a9,7e695387e213e271a7237cef0fbbde335b6df56a9464213c7908252e29bd08dd,44ea1621e0cdf496a53d66382f8d3a5a218690e186ba1836006014b69e01a9b5,ba13775ef7fe5adb6af3c0d101c362f7083d06552a22f490154094914084078b,577,330,862,1082,0.5148269675341093
425,0.0099999997764825,1.2029391716022302,1.1929391718257476,1.1929391718257476,1.4231038676763006,11929.391984900261,Gao,425,,,0.01,Gao_0425,a0880493930e102152a95eabff1b2f2e78d8a3c212cca1f5fea99ee5b1fcc6d4,0200210bcf15d900163b083f37822f819e4cacf358747423834334ad050b737f,eab76a46d1b65d579310cdea7675b3f0e6cfdf42b7e728cef2889c057539bde9,589698a525406ad06a7a4c1185c0b4e74b733bcfcf181de60c8a398391634e50,6e359217337911c3dd4d2233ff88020348cc9ef2ccc284f766485dd0e71672dd,1106,419,500,1083,0.4118768637219142
429,5.449999809265137,5.237418861672429,-0.2125809475927074,0.2125809475927074,0.04519065927941341,3.9005679822467965,Gao,429,,,5.45,Gao_0429,bef567d806e1ebb61f149ee63bc8493fca8b29513f8968f2edbd1a1563d165b8,79a9af327ea103eba28cd661ee4a5fbd1877d89cc8909ddb6038947c6ef598a9,78385a29c486a34b66d729989902584d7496d1a07645319db6e8594f697da290,fc587dc7339b9f4e309928b35121b064d758dab3dc30a2caf3a52f47bd3cc4a9,7111e4d1ba93ae22e2dac72e87c6acd3f812a93c861566e9462b10e78c44995f,551,1171,512,1087,0.6886180011001432
437,0.4799999892711639,0.385386095852545,-0.09461389341861887,0.09461389341861887,0.00895178882782977,19.711228236125883,Gao,437,,,0.48,Gao_0437,72495b8daebf8c340ae2d29e24c06a20372c44192c6a78893d2251a053a71dbe,0200210bcf15d900163b083f37822f819e4cacf358747423834334ad050b737f,a398776910af2be153bdf61d54e448e2c5246c279e166c9e6caca04e12d87db7,a1f47fbc1c7dd10cdac8310e74a19538576768c3787f2b2d9242e3193585d8ad,f6a0c622f46339e41e83d624e9a9fe275b00ec70aa5c6cffa4f9a367dd6ceffd,758,757,1154,1095,0.40538388039247464
438,0.4000000059604645,1.3876315561851653,0.9876315502247008,0.9876315502247008,0.9754160789992458,246.90788387696102,Gao,438,,,0.4,Gao_0438,f389daf6b0c476cb3666b723eba275ca5e6aca4608b5200408c21b5231d4d783,0200210bcf15d900163b083f37822f819e4cacf358747423834334ad050b737f,5dfc9a019aab23664a6148dd91a7718c5dbb2d77da6d01b8646ac3142d1732b1,8814a6c1973bfd587126990565e38990c85ec12b8b1f88bd831b06b3fa555fb5,6574054c0d4e9dfed20849eaff582b96f3ac386578493f15c9fda891027470ed,421,639,460,1096,0.34477281306285096
439,2.640000104904175,0.6054998279576844,-2.03450027694649,2.03450027694649,4.139191376895345,77.06440136752711,Gao,439,,,2.64,Gao_0439,9f82ebbb1abc9d5e183db8f8c739e564a16b8224708ea136ba19fd63273bda07,0200210bcf15d900163b083f37822f819e4cacf358747423834334ad050b737f,b4171d8a23a60530c4129e7931e96f539ef167008d072c33a3a9056bed9052a4,1735a26c530b48c3b6becd6dbfb7a1d642c813a5516e5d7bb248ee121f0210d3,ed85784ec49a7e9939b002f0e388b15595fffd8d2b834af93163de7168ae15fc,839,115,1115,1097,0.34101563665435575
444,5.809999942779541,3.572372264201098,-2.237627678578443,2.237627678578443,5.006977627940352,38.51338555277072,Gao,444,,,5.81,Gao_0444,97643ed1bd7499d9bf23c7881ee205d1da929fcddb1d09fcfa1657384ec60a22,79a9af327ea103eba28cd661ee4a5fbd1877d89cc8909ddb6038947c6ef598a9,17c953b306b21e1e939635c97bf58c5df39cdbd4b67fe0279b0354ffea006a1e,a223e3492703b719838449ec09d0cb7c5103935b343929af8b406de54feee754,9cc88e8a5c237c668c5ad1982dcf122c14e09cf9496dc76388c2f736cf7c0255,112,759,713,803,0.4368041231344755
445,6.21999979019165,3.572372264201098,-2.6476275259905524,2.6476275259905524,7.009931516382853,42.56636037457123,Gao,445,,,6.22,Gao_0445,97643ed1bd7499d9bf23c7881ee205d1da929fcddb1d09fcfa1657384ec60a22,79a9af327ea103eba28cd661ee4a5fbd1877d89cc8909ddb6038947c6ef598a9,17c953b306b21e1e939635c97bf58c5df39cdbd4b67fe0279b0354ffea006a1e,a223e3492703b719838449ec09d0cb7c5103935b343929af8b406de54feee754,9cc88e8a5c237c668c5ad1982dcf122c14e09cf9496dc76388c2f736cf7c0255,112,759,713,803,0.4368041231344755
449,9.869999885559082,6.937211865245706,-2.9327880203133763,2.9327880203133763,8.601245572093653,29.71416468407841,Gao,449,,,9.87,Gao_0449,501b2aab8fd6715163223f46a3f4f1a7cc32504ae79df6ba6e164c2e875c4bc1,79a9af327ea103eba28cd661ee4a5fbd1877d89cc8909ddb6038947c6ef598a9,7ea90e1ac41f5379dc1c2faf632448165b3a862103eb7a86698ec301f36b8a99,e1792afd112804ec7a01ac59e9d7e15834bc61e69df4818b37bb921c79dc08fe,f75cf98b5a756e28f0d9c5161b25123a3116163fca237b9eb081130ae25116c1,579,1039,1158,1105,1.581999846180369
464,1.0399999618530271,2.0345338706923,0.9945339088392731,0.9945339088392731,0.9890976958311235,95.62826397293856,Gao,464,,,1.04,Gao_0464,548e3f23500e9d95c6852250de7824874dba335ad0fdf7098565d180ee19d219,0200210bcf15d900163b083f37822f819e4cacf358747423834334ad050b737f,c8cb5a921ad3d58dd8afd1a891d5b8e91e275ef99f98462b10b34e5f77b8d41d,104131685a4d5aef87ae4387a80b0a384ca6725f6111cbfcaa7394765e3c7742,41262a332f3a255582ba12c5fe914f6219b58ee3854868160fc955b98686e546,959,80,282,1120,0.42472550889802463
466,2.569999933242798,4.259093997502091,1.6890940642592929,1.6890940642592929,2.8530387579159764,65.72350615309209,Gao,466,,,2.57,Gao_0466,6fde34825f858f6a9d3717074fd34f3af5c948d7216dcc9aef02c6ef82e1c286,79a9af327ea103eba28cd661ee4a5fbd1877d89cc8909ddb6038947c6ef598a9,70e174fbd2248350d5bc0ccf5589afaf17b5b47b664dfe77a572180f9b4dbf0b,3ac388607ee1fef415220d2b881b215ef83e236ed2d2dae5f7e553aa531dbe69,dfcdf228d3520aac6661fa74180713350d4d2c555f438d1a34082114fb630b41,512,286,1038,1122,0.49675882491261825
474,1.3300000429153442,1.1980702874093954,-0.13192975550594888,0.13192975550594888,0.017405460387859447,9.91953016909386,Gao,474,,,1.33,Gao_0474,1e9718515d7d38d0ed078c0549e7f56cc362edbd2786b42b5a2a440ac967b715,0200210bcf15d900163b083f37822f819e4cacf358747423834334ad050b737f,14aff9fca0d00ec10457e70c18b83caa3c87528fc48bdf2175e043b68c5f1eac,226a9f11ff9890d28d73e77fe8e084041f607b95c9471d445a3d9d075df10517,7eb2bfb1ef19c112a0ebe583c614a29b3b3b03d8c5c9bf72aaa1671621dc62bd,96,166,575,1129,0.43359215801755036
483,4.800000190734863,6.114980060275238,1.314979869540375,1.314979869540375,1.7291720572964215,27.395412860161912,Gao,483,,,4.8,Gao_0483,c7a19bffe9edcff1fbaa501122071159dff5d590447bf69ca5d6ae9f0bfb5893,0cc00e1ba2d95fe8288dc072edf395ee6fc3678daa4e12f6703c7be7d2c5a409,72c780f2722b8c117a63fab5d1c4633b65af87d131d182262dbbd006f5030102,fc53d2d75ce765fe1a33066925a8eff8f71eb320c6b009bef5a38da0a9704b39,1c9a002e2dc61dec9e2abab4675459eb4e17836ca3b4a12afc12ba1722c213f9,518,1170,121,1138,0.6120661244497544
487,5.699999809265137,5.783099936966849,0.08310012770171227,0.08310012770171227,0.006905631224040886,1.4578970260075468,Gao,487,,,5.7,Gao_0487,32245f0414851f94ac3ee66c9e22fb9fdff876e056c6f6351fffe4137e987d99,79a9af327ea103eba28cd661ee4a5fbd1877d89cc8909ddb6038947c6ef598a9,3ec17df4b8f18ca8d934b91724f97447af12da636851f3b6b5c99ddf635bf3e0,2cf4b4aca282883c61a9f138dc473f3cf03e30d59810f55a2c1d6c15d63d39ca,c3b2ddd13ad90ed0ce160354fbee66088fb061bb102ee3e50ccacde66782911a,280,215,900,1142,0.8593001607510302
488,6.699999809265137,5.6211703767870915,-1.0788294324780452,1.0788294324780452,1.163872944380901,16.101932286418563,Gao,488,,,6.7,Gao_0488,735a6167a2956d6bf867f465195103ec2bd4f324fce7482eb803bfdf9de718c8,79a9af327ea103eba28cd661ee4a5fbd1877d89cc8909ddb6038947c6ef598a9,94c1b0f6adda2831a1bea79479159d4d4b593e7a2844ff8087e367586c204acf,54fcf8fd95f29fc4d0298bfc0a88eca554e31133afefb218f1621d1f77119605,2b53a9c00cef3923b9161a6c0bec47672e3d10fd6401a0194f20b0af76efc17d,679,405,189,1143,0.7753829067651926
489,5.0,5.6211703767870915,0.6211703767870915,0.6211703767870915,0.38585263699781724,12.42340753574183,Gao,489,,,5.0,Gao_0489,735a6167a2956d6bf867f465195103ec2bd4f324fce7482eb803bfdf9de718c8,79a9af327ea103eba28cd661ee4a5fbd1877d89cc8909ddb6038947c6ef598a9,94c1b0f6adda2831a1bea79479159d4d4b593e7a2844ff8087e367586c204acf,54fcf8fd95f29fc4d0298bfc0a88eca554e31133afefb218f1621d1f77119605,2b53a9c00cef3923b9161a6c0bec47672e3d10fd6401a0194f20b0af76efc17d,679,405,189,1143,0.7753829067651926
490,8.449999809265137,5.0273754006565206,-3.422624408608616,3.422624408608616,11.71435784240348,40.50443178538094,Gao,490,,,8.45,Gao_0490,274147d0bca93f698c7bbe368e79d8748d3a3157e38156b7a1fd80706786a99e,0200210bcf15d900163b083f37822f819e4cacf358747423834334ad050b737f,cf01f7985ee039a3456ec3f70ea0d5e09ab36b1b8f370d1847a0c9da28bdccc2,e0f5ca1578252e4cf16a165bc54fe1227743fcf01a63ea932054b9ee25030706,bacd1bc7fdd71acc5f0bac7d6bf7b2d8df07d7bdc9bb2bcc68eaf361ef850079,986,1035,866,1144,1.0782912900187545
493,0.699999988079071,2.0322815781772725,1.3322815900982015,1.3322815900982015,1.774974235314592,190.32594468383172,Gao,493,,,0.7,Gao_0493,ccbb23796b570cbb263bab2b0414d43c86258ea155439cd9f5f6359f2f46d3c8,0200210bcf15d900163b083f37822f819e4cacf358747423834334ad050b737f,da43aacfd0b0dafb8213ea3767436122270318f77754330f200a50ee4482908a,cf72d9b8407557e1a56b8d6dcef5c473ea0923ea8d98b715b5aeb5389bf885a3,2ead352c7c40371b7b397cc9744a199efcbdc22d8bdb3438e69bf2aeee156acc,1033,954,211,1147,0.431941505073254
510,7.239999771118164,3.8815958853995447,-3.3584038857186194,3.3584038857186194,11.27887665960992,46.38679546808796,Gao,510,,,7.24,Gao_0510,b5d5a579e55b39fde6c8c75f104a2d26dda63d24b8d56511d9a312cb1da6496f,79a9af327ea103eba28cd661ee4a5fbd1877d89cc8909ddb6038947c6ef598a9,d68526ae9cdf20660ee57771c767f534d6703f0092dc0ca34bffdb8efa08d4fa,bd1b548fecede6800d03fcd06a97f270b11826d16879f542480a17a1b6206e21,b6157dbba3a8f463a5faedbb17428ec6292a8405ac2d01e69cb9a55571ce3137,1020,870,841,1164,0.5477898883064023
511,3.759999990463257,4.739615053233534,0.9796150627702769,0.9796150627702769,0.9596456712064135,26.053592161035667,Gao,511,,,3.76,Gao_0511,d0ff251b68f752179f5a6b17efe15e3f34f341d1386938df890033290eac821c,79a9af327ea103eba28cd661ee4a5fbd1877d89cc8909ddb6038947c6ef598a9,9821632b97e3456e0d72578169675d1bf172b022e32b24e352d02a8e94a77412,b69748606764dd7c48f9e52f4ede20915e9fd9392d0b636be822dcd4658fa4e1,626cb70f87a85154e11b8a29f5ea6de9b36271a066e96d3ed7b9e162e879fcef,695,827,444,1165,0.4993387521484092
515,5.429999828338623,4.263199610285239,-1.1668002180533836,1.1668002180533836,1.3614227488494235,21.48803416095836,Gao,515,,,5.43,Gao_0515,2e8ab46fb5e6474ad16953895e5537bd6d8c70e984edb2fbf06810f9ca0bcaf5,79a9af327ea103eba28cd661ee4a5fbd1877d89cc8909ddb6038947c6ef598a9,cb7993b2c77577af905563cb3efd22a61d3676b1ae461ed11c579d2020b0064a,f017a1832035af63580099ddaa2e9f34c3dd4ceee5f36a8c948dfa71cbbb482a,076e286793f85df124e0932eaf2308aa5ff8d1b9ba43579bbba9c44c7ad0184e,968,1115,36,1169,0.667446310633012
517,1.909999966621399,2.8661728896717036,0.9561729230503047,0.9561729230503047,0.9142666587745638,50.06141045864414,Gao,517,,,1.91,Gao_0517,d75753d4f6be48bd3e3b5f712a75bdec3ecd0e390c73d3dbc6208c75acf0d469,79a9af327ea103eba28cd661ee4a5fbd1877d89cc8909ddb6038947c6ef598a9,9299d9cdd1eed0347a074805f8b76d05a3b9ec9c3e41d5bc5497d75ba794ecf0,8e8a8574d67bd5ee6396b5eca77bba44528fcbebc20ba17fa2cacfab2353da89,c3db63fe4965a9dfb207096b7f99a11f52d580009e09b76800abfaa1256031db,668,669,901,1171,0.4398558839110071
523,0.3899999856948852,2.185205804239405,1.7952058185445199,1.7952058185445199,3.2227639309361,460.3092011262255,Gao,523,,,0.39,Gao_0523,14a93b9dbbf9ff4ce38a4e8d15be3234d9b0d9317f4c645c663bb650638e26b0,79a9af327ea103eba28cd661ee4a5fbd1877d89cc8909ddb6038947c6ef598a9,3eb6f8b61b36f90d7b0628fbbd81dbe6f59a168201d0804ff1a9273ac004eb42,32de52d88c7577fb2db3c76ce8ce4113c09861975828a768119d652f33bb368b,be382325e8795c6f8654e505518e9233fde40bb4f42572f80bb3ef9489cd8a74,279,261,879,1177,0.7098570212455163
524,0.5299999713897705,1.670134740890843,1.1401347695010724,1.1401347695010724,1.2999072926252635,215.1197794428934,Gao,524,,,0.53,Gao_0524,69ff3b3ba0b53c430e74af1c6942dd5319ec254064440723fa27a4dc0e5dd195,79a9af327ea103eba28cd661ee4a5fbd1877d89cc8909ddb6038947c6ef598a9,18383e1a7d7bb0afe2f0d7011ae3742623b958ed0d7cbcf7fa6909e879fd0752,9d8f3fb80339803d4722485e5246b9c8126b930788696f27792c4b747fa89b97,4db3087c616a5f0655599b321113c6ccee70307cc7bd6560fe9e193ebdc6acba,115,734,342,1178,0.8245942515474591
529,7.800000190734863,4.2192321673478235,-3.58076802338704,3.58076802338704,12.821899637311128,45.90728122853653,Gao,529,,,7.8,Gao_0529,1dd23687e60bbaf055b3b4e77db17424df4410cd8931c6bd554fa3ed61dda416,79a9af327ea103eba28cd661ee4a5fbd1877d89cc8909ddb6038947c6ef598a9,e94d8861767abc728c29d9db750c6c90082baf3299e07df3b62207a956a2cf0c,6994fbebbece4f3b5caec89b6713488a41ae9ad4cc06bd3d8a9efe8dba21b111,557d1abb7da4653b5e3975b512f87047792ba2fc43472b70a3deed3a3157bd62,1101,510,385,1183,0.5914871089029708
