selected_position,original_feature_index_zero_based,feature_name_zero_based
0,1,fd_1
1,2,fd_2
2,4,fd_4
3,14,fd_14
4,20,fd_20
5,21,fd_21
6,22,fd_22
7,24,fd_24
8,25,fd_25
9,32,fd_32
10,36,fd_36
11,40,fd_40
12,41,fd_41
13,43,fd_43
14,44,fd_44
15,46,fd_46
16,47,fd_47
17,48,fd_48
18,56,fd_56
19,62,fd_62
20,64,fd_64
21,65,fd_65
22,67,fd_67
23,69,fd_69
24,78,fd_78
25,79,fd_79
26,82,fd_82
27,84,fd_84
28,88,fd_88
29,93,fd_93
30,104,fd_104
31,107,fd_107
32,115,fd_115
33,117,fd_117
34,118,fd_118
35,119,fd_119
36,120,fd_120
37,121,fd_121
38,122,fd_122
39,125,fd_125
40,127,fd_127
41,128,fd_128
42,130,fd_130
43,131,fd_131
44,139,fd_139
45,142,fd_142
46,144,fd_144
47,145,fd_145
48,147,fd_147
49,157,fd_157
50,160,fd_160
51,162,fd_162
52,166,fd_166
53,167,fd_167
54,175,fd_175
55,177,fd_177
56,187,fd_187
57,189,fd_189
58,192,fd_192
59,194,fd_194
60,197,fd_197
61,199,fd_199
62,205,fd_205
63,208,fd_208
64,209,fd_209
65,211,fd_211
66,219,fd_219
67,221,fd_221
68,223,fd_223
69,225,fd_225
70,230,fd_230
71,237,fd_237
72,241,fd_241
73,247,fd_247
74,262,fd_262
75,263,fd_263
76,265,fd_265
77,282,fd_282
78,288,fd_288
79,293,fd_293
80,295,fd_295
81,296,fd_296
82,299,fd_299
83,302,fd_302
84,304,fd_304
85,310,fd_310
86,314,fd_314
87,315,fd_315
88,318,fd_318
89,331,fd_331
90,332,fd_332
91,333,fd_333
92,340,fd_340
93,342,fd_342
94,347,fd_347
95,349,fd_349
96,353,fd_353
97,368,fd_368
98,369,fd_369
99,372,fd_372
100,373,fd_373
101,375,fd_375
102,376,fd_376
103,379,fd_379
104,383,fd_383
105,387,fd_387
106,392,fd_392
107,396,fd_396
108,399,fd_399
109,402,fd_402
110,403,fd_403
111,405,fd_405
112,406,fd_406
113,414,fd_414
114,415,fd_415
115,419,fd_419
116,420,fd_420
117,421,fd_421
118,422,fd_422
119,428,fd_428
120,445,fd_445
121,447,fd_447
122,452,fd_452
123,454,fd_454
124,456,fd_456
125,459,fd_459
126,462,fd_462
127,465,fd_465
128,468,fd_468
129,473,fd_473
130,474,fd_474
131,480,fd_480
132,481,fd_481
133,488,fd_488
134,489,fd_489
135,494,fd_494
136,495,fd_495
137,496,fd_496
138,499,fd_499
139,501,fd_501
140,502,fd_502
141,504,fd_504
142,507,fd_507
143,511,fd_511
144,513,fd_513
145,519,fd_519
146,520,fd_520
147,527,fd_527
148,532,fd_532
149,540,fd_540
150,543,fd_543
151,544,fd_544
152,546,fd_546
153,549,fd_549
154,552,fd_552
155,554,fd_554
156,560,fd_560
157,561,fd_561
158,567,fd_567
159,570,fd_570
160,573,fd_573
161,583,fd_583
162,587,fd_587
163,592,fd_592
164,593,fd_593
165,596,fd_596
166,601,fd_601
167,604,fd_604
168,608,fd_608
169,610,fd_610
170,614,fd_614
171,629,fd_629
172,630,fd_630
173,634,fd_634
174,635,fd_635
175,636,fd_636
176,638,fd_638
177,641,fd_641
178,642,fd_642
179,643,fd_643
180,648,fd_648
181,650,fd_650
182,653,fd_653
183,654,fd_654
184,656,fd_656
185,657,fd_657
186,667,fd_667
187,671,fd_671
188,680,fd_680
189,684,fd_684
190,692,fd_692
191,695,fd_695
192,697,fd_697
193,698,fd_698
194,699,fd_699
195,701,fd_701
196,703,fd_703
197,704,fd_704
198,705,fd_705
199,709,fd_709
200,715,fd_715
201,716,fd_716
202,717,fd_717
203,719,fd_719
204,720,fd_720
205,721,fd_721
206,723,fd_723
207,724,fd_724
208,725,fd_725
209,726,fd_726
210,727,fd_727
211,730,fd_730
212,732,fd_732
213,733,fd_733
214,736,fd_736
215,739,fd_739
216,741,fd_741
217,743,fd_743
218,745,fd_745
219,746,fd_746
220,747,fd_747
221,749,fd_749
222,750,fd_750
223,751,fd_751
224,754,fd_754
225,762,fd_762
226,764,fd_764
227,768,fd_768
228,771,fd_771
229,773,fd_773
230,781,fd_781
231,788,fd_788
232,790,fd_790
233,793,fd_793
234,799,fd_799
235,801,fd_801
236,807,fd_807
237,809,fd_809
238,813,fd_813
239,816,fd_816
240,826,fd_826
241,832,fd_832
242,835,fd_835
243,837,fd_837
244,840,fd_840
245,854,fd_854
246,857,fd_857
247,859,fd_859
248,860,fd_860
249,868,fd_868
250,871,fd_871
251,872,fd_872
252,875,fd_875
253,878,fd_878
254,881,fd_881
255,882,fd_882
256,885,fd_885
257,893,fd_893
258,896,fd_896
259,902,fd_902
260,904,fd_904
261,911,fd_911
262,916,fd_916
263,922,fd_922
264,926,fd_926
265,929,fd_929
266,934,fd_934
267,935,fd_935
268,949,fd_949
269,956,fd_956
270,958,fd_958
271,959,fd_959
272,960,fd_960
273,963,fd_963
274,969,fd_969
275,970,fd_970
276,972,fd_972
277,974,fd_974
278,976,fd_976
279,978,fd_978
280,980,fd_980
281,987,fd_987
282,995,fd_995
283,997,fd_997
284,999,fd_999
285,1002,fd_1002
286,1004,fd_1004
287,1009,fd_1009
288,1011,fd_1011
289,1012,fd_1012
290,1017,fd_1017
291,1024,fa_0
292,1025,fa_1
293,1039,fa_15
294,1041,fa_17
295,1044,fa_20
296,1045,fa_21
297,1049,fa_25
298,1054,fa_30
299,1055,fa_31
300,1056,fa_32
301,1058,fa_34
302,1060,fa_36
303,1064,fa_40
304,1065,fa_41
305,1067,fa_43
306,1068,fa_44
307,1072,fa_48
308,1073,fa_49
309,1079,fa_55
310,1082,fa_58
311,1083,fa_59
312,1084,fa_60
313,1085,fa_61
314,1086,fa_62
315,1088,fa_64
316,1089,fa_65
317,1092,fa_68
318,1095,fa_71
319,1098,fa_74
320,1103,fa_79
321,1109,fa_85
322,1114,fa_90
323,1116,fa_92
324,1118,fa_94
325,1119,fa_95
326,1120,fa_96
327,1121,fa_97
328,1128,fa_104
329,1131,fa_107
330,1135,fa_111
331,1137,fa_113
332,1140,fa_116
333,1141,fa_117
334,1145,fa_121
335,1146,fa_122
336,1148,fa_124
337,1149,fa_125
338,1155,fa_131
339,1160,fa_136
340,1161,fa_137
341,1168,fa_144
342,1169,fa_145
343,1179,fa_155
344,1181,fa_157
345,1188,fa_164
346,1192,fa_168
347,1193,fa_169
348,1195,fa_171
349,1199,fa_175
350,1210,fa_186
351,1212,fa_188
352,1219,fa_195
353,1221,fa_197
354,1228,fa_204
355,1229,fa_205
356,1231,fa_207
357,1232,fa_208
358,1239,fa_215
359,1240,fa_216
360,1241,fa_217
361,1244,fa_220
362,1245,fa_221
363,1248,fa_224
364,1249,fa_225
365,1250,fa_226
366,1258,fa_234
367,1264,fa_240
368,1265,fa_241
369,1278,fa_254
370,1286,fa_262
371,1287,fa_263
372,1297,fa_273
373,1298,fa_274
374,1299,fa_275
375,1301,fa_277
376,1302,fa_278
377,1305,fa_281
378,1316,fa_292
379,1320,fa_296
380,1321,fa_297
381,1322,fa_298
382,1326,fa_302
383,1327,fa_303
384,1328,fa_304
385,1329,fa_305
386,1331,fa_307
387,1334,fa_310
388,1337,fa_313
389,1340,fa_316
390,1352,fa_328
391,1354,fa_330
392,1359,fa_335
393,1361,fa_337
394,1363,fa_339
395,1364,fa_340
396,1366,fa_342
397,1367,fa_343
398,1368,fa_344
399,1378,fa_354
400,1383,fa_359
401,1384,fa_360
402,1385,fa_361
403,1386,fa_362
404,1390,fa_366
405,1395,fa_371
406,1400,fa_376
407,1402,fa_378
408,1406,fa_382
409,1410,fa_386
410,1418,fa_394
411,1420,fa_396
412,1423,fa_399
413,1426,fa_402
414,1429,fa_405
415,1430,fa_406
416,1440,fa_416
417,1441,fa_417
418,1442,fa_418
419,1449,fa_425
420,1455,fa_431
421,1457,fa_433
422,1463,fa_439
423,1468,fa_444
424,1472,fa_448
425,1476,fa_452
426,1477,fa_453
427,1478,fa_454
428,1481,fa_457
429,1482,fa_458
430,1483,fa_459
431,1485,fa_461
432,1486,fa_462
433,1488,fa_464
434,1490,fa_466
435,1493,fa_469
436,1496,fa_472
437,1501,fa_477
438,1508,fa_484
439,1513,fa_489
440,1518,fa_494
441,1520,fa_496
442,1523,fa_499
443,1526,fa_502
444,1534,fa_510
445,1539,fa_515
446,1547,fa_523
447,1548,fa_524
448,1553,fa_529
449,1555,fa_531
450,1559,fa_535
451,1560,fa_536
452,1561,fa_537
453,1564,fa_540
454,1565,fa_541
455,1567,fa_543
456,1568,fa_544
457,1569,fa_545
458,1574,fa_550
459,1576,fa_552
460,1580,fa_556
461,1584,fa_560
462,1587,fa_563
463,1590,fa_566
464,1600,fa_576
465,1603,fa_579
466,1608,fa_584
467,1609,fa_585
468,1612,fa_588
469,1620,fa_596
470,1627,fa_603
471,1628,fa_604
472,1631,fa_607
473,1632,fa_608
474,1637,fa_613
475,1638,fa_614
476,1639,fa_615
477,1640,fa_616
478,1644,fa_620
479,1647,fa_623
480,1654,fa_630
481,1661,fa_637
482,1663,fa_639
483,1664,fa_640
484,1666,fa_642
485,1673,fa_649
486,1676,fa_652
487,1679,fa_655
488,1683,fa_659
489,1688,fa_664
490,1695,fa_671
491,1698,fa_674
492,1701,fa_677
493,1703,fa_679
494,1704,fa_680
495,1706,fa_682
496,1708,fa_684
497,1715,fa_691
498,1717,fa_693
499,1719,fa_695
500,1722,fa_698
501,1723,fa_699
502,1724,fa_700
503,1729,fa_705
504,1738,fa_714
505,1747,fa_723
506,1748,fa_724
507,1751,fa_727
508,1752,fa_728
509,1754,fa_730
510,1755,fa_731
511,1758,fa_734
512,1761,fa_737
513,1767,fa_743
514,1770,fa_746
515,1771,fa_747
516,1779,fa_755
517,1780,fa_756
518,1781,fa_757
519,1784,fa_760
520,1788,fa_764
521,1792,fa_768
522,1795,fa_771
523,1796,fa_772
524,1798,fa_774
525,1800,fa_776
526,1806,fa_782
527,1808,fa_784
528,1809,fa_785
529,1810,fa_786
530,1811,fa_787
531,1812,fa_788
532,1814,fa_790
533,1815,fa_791
534,1825,fa_801
535,1826,fa_802
536,1827,fa_803
537,1831,fa_807
538,1839,fa_815
539,1840,fa_816
540,1851,fa_827
541,1854,fa_830
542,1857,fa_833
543,1858,fa_834
544,1861,fa_837
545,1864,fa_840
546,1866,fa_842
547,1869,fa_845
548,1871,fa_847
549,1872,fa_848
550,1876,fa_852
551,1885,fa_861
552,1887,fa_863
553,1891,fa_867
554,1895,fa_871
555,1897,fa_873
556,1900,fa_876
557,1903,fa_879
558,1904,fa_880
559,1907,fa_883
560,1909,fa_885
561,1910,fa_886
562,1912,fa_888
563,1917,fa_893
564,1922,fa_898
565,1924,fa_900
566,1928,fa_904
567,1929,fa_905
568,1930,fa_906
569,1945,fa_921
570,1946,fa_922
571,1947,fa_923
572,1950,fa_926
573,1954,fa_930
574,1955,fa_931
575,1958,fa_934
576,1970,fa_946
577,1971,fa_947
578,1973,fa_949
579,1977,fa_953
580,1980,fa_956
581,1981,fa_957
582,1982,fa_958
583,1983,fa_959
584,1984,fa_960
585,1988,fa_964
586,1994,fa_970
587,2000,fa_976
588,2002,fa_978
589,2004,fa_980
590,2007,fa_983
591,2008,fa_984
592,2015,fa_991
593,2029,fa_1005
594,2032,fa_1008
595,2034,fa_1010
596,2042,fa_1018
597,2043,fa_1019
598,2045,fa_1021
599,2047,fa_1023
